Date,Adj Close,Close,High,Low,Open,Volume
,EURRUB=X,EURRUB=X,EURRUB=X,EURRUB=X,EURRUB=X,EURRUB=X
2008-01-01,35.29240036010742,35.29240036010742,35.29240036010742,35.29240036010742,35.29240036010742,0
2008-01-02,35.25920104980469,35.25920104980469,36.01359939575195,35.887001037597656,35.89390182495117,0
2008-01-03,36.013999938964844,36.013999938964844,36.04800033569336,35.25920104980469,35.25920104980469,0
2008-01-04,36.025001525878906,36.025001525878906,36.126399993896484,35.943199157714844,36.01499938964844,0
2008-01-07,35.27190017700195,35.27190017700195,36.020999908447266,35.9015998840332,36.020999908447266,0
2008-01-08,35.295101165771484,35.295101165771484,35.99570083618164,35.27190017700195,35.27190017700195,0
2008-01-09,35.349998474121094,35.349998474121094,35.995201110839844,35.295101165771484,35.295101165771484,0
2008-01-10,36.03900146484375,36.03900146484375,36.04999923706055,35.349998474121094,35.349998474121094,0
2008-01-11,36.009300231933594,36.009300231933594,36.06119918823242,35.97949981689453,36.04100036621094,0
2008-01-14,36.099998474121094,36.099998474121094,36.15999984741211,36.040000915527344,36.10300064086914,0
2008-01-15,36.04100036621094,36.04100036621094,36.16170120239258,36.01300048828125,36.0989990234375,0
2008-01-16,35.87799835205078,35.87799835205078,36.095699310302734,35.80110168457031,36.04899978637695,0
2008-01-17,35.862998962402344,35.862998962402344,35.930999755859375,35.77989959716797,35.88100051879883,0
2008-01-18,35.83000183105469,35.83000183105469,35.926998138427734,35.80440139770508,35.85200119018555,0
2008-01-21,35.749298095703125,35.749298095703125,35.953800201416016,35.67470169067383,35.83580017089844,0
2008-01-22,36.04399871826172,36.04399871826172,36.068199157714844,35.186798095703125,35.75699996948242,0
2008-01-23,36.03499984741211,36.03499984741211,36.07709884643555,35.92430114746094,36.053001403808594,0
2008-01-24,36.11800003051758,36.11800003051758,36.112998962402344,35.3046989440918,35.3046989440918,0
2008-01-25,35.919898986816406,35.919898986816406,36.112998962402344,35.91600036621094,36.08399963378906,0
2008-01-28,36.17399978637695,36.17399978637695,36.19499969482422,35.92290115356445,36.00299835205078,0
2008-01-29,36.1609992980957,36.1609992980957,36.20399856567383,36.089599609375,36.16999816894531,0
2008-01-30,36.22200012207031,36.22200012207031,36.26599884033203,36.125701904296875,36.159000396728516,0
2008-01-31,36.310001373291016,36.310001373291016,36.332000732421875,36.160099029541016,36.22800064086914,0
2008-02-01,36.24800109863281,36.24800109863281,36.38370132446289,36.19770050048828,36.31100082397461,0
2008-02-04,35.62419891357422,35.62419891357422,36.332000732421875,36.200801849365234,36.25299835205078,0
2008-02-05,36.053001403808594,36.053001403808594,36.31990051269531,36.009300231933594,36.31399917602539,0
2008-02-06,36.005001068115234,36.005001068115234,36.109901428222656,36.005001068115234,36.05099868774414,0
2008-02-07,35.88999938964844,35.88999938964844,36.0629997253418,35.37099838256836,36.007999420166016,0
2008-02-08,35.874698638916016,35.874698638916016,35.9109992980957,35.80730056762695,35.887001037597656,0
2008-02-11,35.81800079345703,35.81800079345703,35.95600128173828,35.784400939941406,35.90599822998047,0
2008-02-12,35.904998779296875,35.904998779296875,35.92470169067383,35.7672004699707,35.8129997253418,0
2008-02-13,35.922000885009766,35.922000885009766,35.97610092163086,35.84479904174805,35.89899826049805,0
2008-02-14,36.02299880981445,36.02299880981445,36.03900146484375,35.895999908447266,35.93000030517578,0
2008-02-15,36.05870056152344,36.05870056152344,36.11149978637695,35.985198974609375,36.0260009765625,0
2008-02-18,36.013999938964844,36.013999938964844,36.09450149536133,35.95930099487305,36.04999923706055,0
2008-02-19,36.145999908447266,36.145999908447266,36.1692008972168,35.99100112915039,36.013999938964844,0
2008-02-20,36.132999420166016,36.132999420166016,36.14500045776367,35.991600036621094,36.111000061035156,0
2008-02-21,36.23899841308594,36.23899841308594,36.27799987792969,36.09239959716797,36.132999420166016,0
2008-02-22,36.250999450683594,36.250999450683594,36.276798248291016,36.18170166015625,36.242000579833984,0
2008-02-25,36.242000579833984,36.242000579833984,36.25490188598633,36.167198181152344,36.2400016784668,0
2008-02-26,36.2047004699707,36.2047004699707,36.321998596191406,36.13290023803711,36.242000579833984,0
2008-02-27,36.4370002746582,36.4370002746582,36.4452018737793,36.28810119628906,36.335899353027344,0
2008-02-28,36.529998779296875,36.529998779296875,36.53799819946289,36.31779861450195,36.42179870605469,0
2008-02-29,36.46900177001953,36.46900177001953,36.53799819946289,36.39099884033203,36.53799819946289,0
2008-03-03,36.481998443603516,36.481998443603516,36.58729934692383,36.429500579833984,36.505001068115234,0
2008-03-04,36.49850082397461,36.49850082397461,36.558998107910156,36.462398529052734,36.51300048828125,0
2008-03-05,36.617000579833984,36.617000579833984,36.62900161743164,35.851898193359375,35.851898193359375,0
2008-03-06,36.632999420166016,36.632999420166016,36.65879821777344,36.539100646972656,36.63199996948242,0
2008-03-07,36.630001068115234,36.630001068115234,36.722198486328125,35.91389846801758,35.91389846801758,0
2008-03-10,36.596900939941406,36.596900939941406,36.68790054321289,36.535499572753906,36.68080139160156,0
2008-03-11,36.58399963378906,36.58399963378906,36.78150177001953,35.948699951171875,35.948699951171875,0
2008-03-12,36.8129997253418,36.8129997253418,36.847999572753906,36.58599853515625,36.58599853515625,0
2008-03-13,36.86130142211914,36.86130142211914,36.915199279785156,36.80580139160156,36.81399917602539,0
2008-03-14,36.8843994140625,36.8843994140625,36.970001220703125,36.184600830078125,36.184600830078125,0
2008-03-17,37.040000915527344,37.040000915527344,37.14899826049805,36.89440155029297,37.04199981689453,0
2008-03-18,37.0629997253418,37.0629997253418,37.1422004699707,37.025001525878906,37.04100036621094,0
2008-03-19,36.93299865722656,36.93299865722656,37.087799072265625,36.433799743652344,36.433799743652344,0
2008-03-20,36.72600173950195,36.72600173950195,36.926998138427734,36.67319869995117,36.926998138427734,0
2008-03-21,36.70930099487305,36.70930099487305,36.763999938964844,36.696998596191406,36.71500015258789,0
2008-03-24,36.71099853515625,36.71099853515625,36.72700119018555,36.637001037597656,36.68299865722656,0
2008-03-25,36.91400146484375,36.91400146484375,36.941001892089844,36.69300079345703,36.71200180053711,0
2008-03-26,37.130001068115234,37.130001068115234,37.17100143432617,36.86840057373047,36.9119987487793,0
2008-03-27,37.10900115966797,37.10900115966797,37.14899826049805,37.00149917602539,37.12699890136719,0
2008-03-28,37.09000015258789,37.09000015258789,37.1254997253418,37.019901275634766,37.10599899291992,0
2008-03-31,37.04499816894531,37.04499816894531,37.17900085449219,37.042999267578125,37.082000732421875,0
2008-04-01,36.90739822387695,36.90739822387695,37.08369827270508,36.82640075683594,37.0536994934082,0
2008-04-02,36.957000732421875,36.957000732421875,36.98099899291992,36.79930114746094,36.90299987792969,0
2008-04-03,36.95500183105469,36.95500183105469,36.974998474121094,36.77830123901367,36.96099853515625,0
2008-04-04,37.04050064086914,37.04050064086914,37.06800079345703,36.924400329589844,36.952999114990234,0
2008-04-07,36.99599838256836,36.99599838256836,37.03099822998047,36.90169906616211,37.02399826049805,0
2008-04-08,36.970001220703125,36.970001220703125,37.09199905395508,36.95240020751953,36.98899841308594,0
2008-04-09,37.112998962402344,37.112998962402344,37.1510009765625,36.97060012817383,36.983001708984375,0
2008-04-10,37.047000885009766,37.047000885009766,37.20500183105469,37.02050018310547,37.11399841308594,0
2008-04-11,37.07310104370117,37.07310104370117,37.145999908447266,37.04399871826172,37.04499816894531,0
2008-04-14,37.154998779296875,37.154998779296875,37.16899871826172,36.98659896850586,37.002201080322266,0
2008-04-15,37.05799865722656,37.05799865722656,37.18299865722656,37.04330062866211,37.17100143432617,0
2008-04-16,37.24700164794922,37.24700164794922,37.275001525878906,37.05699920654297,37.07099914550781,0
2008-04-17,37.196998596191406,37.196998596191406,37.25979995727539,37.10960006713867,37.255001068115234,0
2008-04-18,37.10200119018555,37.10200119018555,37.24700164794922,36.97129821777344,37.19900131225586,0
2008-04-21,37.20399856567383,37.20399856567383,37.23500061035156,37.072200775146484,37.0880012512207,0
2008-04-22,37.28099822998047,37.28099822998047,37.301998138427734,37.112300872802734,37.20100021362305,0
2008-04-23,37.1609992980957,37.1609992980957,37.28300094604492,37.133201599121094,37.27000045776367,0
2008-04-24,36.96200180053711,36.96200180053711,37.16999816894531,36.9026985168457,37.16299819946289,0
2008-04-25,36.90409851074219,36.90409851074219,36.98099899291992,36.814998626708984,36.959999084472656,0
2008-04-28,36.89099884033203,36.89099884033203,36.9739990234375,36.8578987121582,36.8650016784668,0
2008-04-29,36.85900115966797,36.85900115966797,36.91999816894531,36.80759811401367,36.88199996948242,0
2008-04-30,36.91699981689453,36.91699981689453,36.93000030517578,36.732398986816406,36.862998962402344,0
2008-05-02,36.703399658203125,36.703399658203125,36.78499984741211,36.5004997253418,36.76599884033203,0
2008-05-05,36.77799987792969,36.77799987792969,36.81100082397461,36.69660186767578,36.722999572753906,0
2008-05-06,36.82400131225586,36.82400131225586,36.87540054321289,36.70800018310547,36.77899932861328,0
2008-05-07,36.65299987792969,36.65299987792969,36.823001861572266,36.61899948120117,36.823001861572266,0
2008-05-08,36.67100143432617,36.67100143432617,36.7140998840332,36.54949951171875,36.652000427246094,0
2008-05-09,36.75699996948242,36.75699996948242,36.7599983215332,36.66600036621094,36.66600036621094,0
2008-05-12,36.82099914550781,36.82099914550781,36.845001220703125,36.66400146484375,36.729000091552734,0
2008-05-13,36.8129997253418,36.8129997253418,36.871299743652344,36.74129867553711,36.81399917602539,0
2008-05-14,36.9640007019043,36.9640007019043,36.99700164794922,36.7515983581543,36.81399917602539,0
2008-05-15,36.91299819946289,36.91299819946289,37.05500030517578,36.891998291015625,36.957000732421875,0
2008-05-16,36.922000885009766,36.922000885009766,36.95600128173828,36.7661018371582,36.90999984741211,0
2008-05-19,36.909000396728516,36.909000396728516,37.01430130004883,36.84280014038086,36.930999755859375,0
2008-05-20,37.0890007019043,37.0890007019043,37.12099838256836,36.81999969482422,36.90999984741211,0
2008-05-21,37.18600082397461,37.18600082397461,37.20199966430664,37.01340103149414,37.08399963378906,0
2008-05-22,37.124000549316406,37.124000549316406,37.230098724365234,37.06760025024414,37.18199920654297,0
2008-05-23,37.13410186767578,37.13410186767578,37.1609992980957,37.03020095825195,37.12799835205078,0
2008-05-26,37.108001708984375,37.108001708984375,37.1349983215332,37.055301666259766,37.111000061035156,0
2008-05-27,37.058998107910156,37.058998107910156,37.16600036621094,37.03369903564453,37.111000061035156,0
2008-05-28,36.965999603271484,36.965999603271484,37.14400100708008,36.88949966430664,37.0620002746582,0
2008-05-29,36.79600143432617,36.79600143432617,36.96900177001953,36.768001556396484,36.96200180053711,0
2008-05-30,36.834999084472656,36.834999084472656,36.84700012207031,36.71200180053711,36.792999267578125,0
2008-06-02,36.82899856567383,36.82899856567383,36.8849983215332,36.749298095703125,36.82440185546875,0
2008-06-03,36.72700119018555,36.72700119018555,36.91569900512695,36.69260025024414,36.827999114990234,0
2008-06-04,36.709999084472656,36.709999084472656,36.790000915527344,36.688499450683594,36.73400115966797,0
2008-06-05,36.90800094604492,36.90800094604492,36.917999267578125,36.63970184326172,36.71200180053711,0
2008-06-06,37.12099838256836,37.12099838256836,37.12099838256836,36.85150146484375,36.91299819946289,0
2008-06-09,36.99300003051758,36.99300003051758,37.17850112915039,36.96799850463867,37.130001068115234,0
2008-06-10,36.637001037597656,36.637001037597656,36.999000549316406,36.62300109863281,36.99100112915039,0
2008-06-11,36.750999450683594,36.750999450683594,36.805999755859375,36.600799560546875,36.63999938964844,0
2008-06-12,36.65299987792969,36.65299987792969,36.75400161743164,36.47829818725586,36.74599838256836,0
2008-06-13,36.566001892089844,36.566001892089844,36.65060043334961,35.938201904296875,36.643001556396484,0
2008-06-16,36.6349983215332,36.6349983215332,36.67599868774414,36.50640106201172,36.57400131225586,0
2008-06-17,36.67900085449219,36.67900085449219,36.71500015258789,36.60169982910156,36.63399887084961,0
2008-06-18,36.69900131225586,36.69900131225586,36.7140007019043,36.5989990234375,36.672000885009766,0
2008-06-19,36.66400146484375,36.66400146484375,36.742000579833984,35.94879913330078,35.94879913330078,0
2008-06-20,36.76390075683594,36.76390075683594,36.8120002746582,36.63909912109375,36.67599868774414,0
2008-06-23,36.72100067138672,36.72100067138672,36.79999923706055,36.60309982299805,36.75699996948242,0
2008-06-24,36.70899963378906,36.70899963378906,36.777000427246094,36.657501220703125,36.724998474121094,0
2008-06-25,36.85900115966797,36.85900115966797,36.86000061035156,36.672698974609375,36.71900177001953,0
2008-06-26,36.939998626708984,36.939998626708984,36.95899963378906,36.05759811401367,36.05759811401367,0
2008-06-27,36.90890121459961,36.90890121459961,36.974998474121094,36.8672981262207,36.94499969482422,0
2008-06-30,36.926998138427734,36.926998138427734,36.994998931884766,36.88999938964844,36.95600128173828,0
2008-07-01,36.99079895019531,36.99079895019531,37.0718994140625,36.906898498535156,36.93769836425781,0
2008-07-02,37.11199951171875,37.11199951171875,37.13399887084961,36.33599853515625,36.33599853515625,0
2008-07-03,36.90800094604492,36.90800094604492,37.12900161743164,36.84560012817383,37.12200164794922,0
2008-07-04,36.868099212646484,36.868099212646484,36.93899917602539,36.808101654052734,36.909000396728516,0
2008-07-07,37.00199890136719,37.00199890136719,37.055999755859375,36.76169967651367,36.909000396728516,0
2008-07-08,36.83700180053711,36.83700180053711,37.00400161743164,36.797000885009766,36.994998931884766,0
2008-07-09,36.86199951171875,36.86199951171875,36.90700149536133,36.70009994506836,36.823001861572266,0
2008-07-10,36.861000061035156,36.861000061035156,36.89899826049805,36.760398864746094,36.856998443603516,0
2008-07-11,37.04100036621094,37.04100036621094,37.044700622558594,36.825199127197266,36.85900115966797,0
2008-07-14,36.82699966430664,36.82699966430664,37.03099822998047,36.75450134277344,37.016998291015625,0
2008-07-15,36.869998931884766,36.869998931884766,36.96329879760742,36.81019973754883,36.81999969482422,0
2008-07-16,36.797298431396484,36.797298431396484,36.90679931640625,36.278499603271484,36.278499603271484,0
2008-07-17,36.81999969482422,36.81999969482422,36.85300064086914,36.210601806640625,36.210601806640625,0
2008-07-18,36.77000045776367,36.77000045776367,36.83409881591797,36.717899322509766,36.81800079345703,0
2008-07-21,36.88100051879883,36.88100051879883,36.904998779296875,36.77299880981445,36.792999267578125,0
2008-07-22,36.75400161743164,36.75400161743164,36.95100021362305,36.74100112915039,36.87699890136719,0
2008-07-23,36.650001525878906,36.650001525878906,36.7781982421875,36.629798889160156,36.76900100708008,0
2008-07-24,36.64799880981445,36.64799880981445,36.677799224853516,36.569801330566406,36.652000427246094,0
2008-07-25,36.69200134277344,36.69200134277344,36.73400115966797,36.63199996948242,36.6609992980957,0
2008-07-28,36.71699905395508,36.71699905395508,36.76300048828125,36.63140106201172,36.676998138427734,0
2008-07-29,36.54899978637695,36.54899978637695,36.742000579833984,36.52000045776367,36.71900177001953,0
2008-07-30,36.51599884033203,36.51599884033203,36.566001892089844,36.43510055541992,36.54800033569336,0
2008-07-31,36.54199981689453,36.54199981689453,36.63999938964844,36.497501373291016,36.5,0
2008-08-01,36.529701232910156,36.529701232910156,36.59989929199219,36.45389938354492,36.52389907836914,0
2008-08-04,36.45690155029297,36.45690155029297,36.6072998046875,36.390899658203125,36.545501708984375,0
2008-08-05,36.40769958496094,36.40769958496094,36.47880172729492,36.31880187988281,36.4192008972168,0
2008-08-06,36.44219970703125,36.44219970703125,36.52920150756836,36.394500732421875,36.445098876953125,0
2008-08-07,36.30910110473633,36.30910110473633,36.524600982666016,36.277400970458984,36.46540069580078,0
2008-08-08,36.420101165771484,36.420101165771484,36.574100494384766,36.14849853515625,36.20539855957031,0
2008-08-11,36.476898193359375,36.476898193359375,36.84600067138672,36.289100646972656,36.36109924316406,0
2008-08-12,36.167598724365234,36.167598724365234,36.39609909057617,35.86989974975586,36.36920166015625,0
2008-08-13,36.107398986816406,36.107398986816406,36.23419952392578,35.985198974609375,36.1776008605957,0
2008-08-14,36.173301696777344,36.173301696777344,36.309898376464844,36.03129959106445,36.07780075073242,0
2008-08-15,36.13410186767578,36.13410186767578,36.263999938964844,36.03779983520508,36.094398498535156,0
2008-08-18,36.1171989440918,36.1171989440918,36.24089813232422,36.04069900512695,36.20560073852539,0
2008-08-19,36.12120056152344,36.12120056152344,36.15829849243164,35.9182014465332,36.06480026245117,0
2008-08-20,35.928001403808594,35.928001403808594,36.189998626708984,35.862098693847656,36.15399932861328,0
2008-08-21,36.155601501464844,36.155601501464844,36.21329879760742,35.91460037231445,36.014400482177734,0
2008-08-22,36.07659912109375,36.07659912109375,36.21689987182617,36.026798248291016,36.17169952392578,0
2008-08-25,36.11069869995117,36.11069869995117,36.15250015258789,35.929298400878906,35.99319839477539,0
2008-08-26,36.08300018310547,36.08300018310547,36.18000030517578,35.959800720214844,36.0369987487793,0
2008-08-27,36.236000061035156,36.236000061035156,36.2952995300293,36.0078010559082,36.077999114990234,0
2008-08-28,36.244998931884766,36.244998931884766,36.335899353027344,36.184200286865234,36.236000061035156,0
2008-08-29,36.13460159301758,36.13460159301758,36.28499984741211,36.11349868774414,36.222999572753906,0
2008-09-01,36.02899932861328,36.02899932861328,36.17399978637695,35.98270034790039,36.15599822998047,0
2008-09-02,35.98400115966797,35.98400115966797,36.04600143432617,35.8760986328125,36.03200149536133,0
2008-09-03,36.393001556396484,36.393001556396484,36.4379997253418,35.85179901123047,35.986000061035156,0
2008-09-04,36.47370147705078,36.47370147705078,36.683998107910156,36.38520050048828,36.409000396728516,0
2008-09-05,36.34669876098633,36.34669876098633,36.4379997253418,35.924400329589844,35.924400329589844,0
2008-09-08,36.00699996948242,36.00699996948242,36.524898529052734,35.941001892089844,36.49959945678711,0
2008-09-09,36.15599822998047,36.15599822998047,36.24800109863281,35.944000244140625,36.027000427246094,0
2008-09-10,35.983001708984375,35.983001708984375,36.22169876098633,35.974998474121094,36.165000915527344,0
2008-09-11,36.018001556396484,36.018001556396484,36.051998138427734,35.854400634765625,35.98500061035156,0
2008-09-12,36.270999908447266,36.270999908447266,36.30400085449219,35.9817008972168,36.01599884033203,0
2008-09-15,36.369998931884766,36.369998931884766,36.824798583984375,36.066001892089844,36.6870002746582,0
2008-09-16,36.189998626708984,36.189998626708984,36.37770080566406,36.14799880981445,36.36000061035156,0
2008-09-17,36.16889953613281,36.16889953613281,36.354801177978516,36.16429901123047,36.18000030517578,0
2008-09-18,36.38600158691406,36.38600158691406,36.709999084472656,35.599998474121094,35.599998474121094,0
2008-09-19,36.56800079345703,36.56800079345703,36.62200164794922,36.13019943237305,36.38100051879883,0
2008-09-22,36.01499938964844,36.01499938964844,36.83509826660156,36.56100082397461,36.56100082397461,0
2008-09-23,36.223899841308594,36.223899841308594,36.96870040893555,36.01499938964844,36.01499938964844,0
2008-09-24,36.00600051879883,36.00600051879883,36.77920150756836,36.223899841308594,36.223899841308594,0
2008-09-25,35.97330093383789,35.97330093383789,36.74300003051758,36.00600051879883,36.00600051879883,0
2008-09-26,35.84619903564453,35.84619903564453,36.64659881591797,35.97330093383789,35.97330093383789,0
2008-09-29,35.738800048828125,35.738800048828125,36.56769943237305,36.191200256347656,36.191200256347656,0
2008-09-30,35.744300842285156,35.744300842285156,36.517601013183594,35.738800048828125,35.738800048828125,0
2008-10-01,35.520999908447266,35.520999908447266,36.23080062866211,35.744300842285156,35.744300842285156,0
2008-10-02,35.222599029541016,35.222599029541016,35.97650146484375,35.520999908447266,35.520999908447266,0
2008-10-03,35.222599029541016,35.222599029541016,35.88679885864258,35.222599029541016,35.222599029541016,0
2008-10-06,34.84109878540039,34.84109878540039,35.60919952392578,35.222599029541016,35.222599029541016,0
2008-10-07,34.872100830078125,34.872100830078125,35.71929931640625,34.84109878540039,34.84109878540039,0
2008-10-08,35.017601013183594,35.017601013183594,35.67570114135742,34.872100830078125,34.872100830078125,0
2008-10-09,34.99380111694336,34.99380111694336,35.76499938964844,35.017601013183594,35.017601013183594,0
2008-10-10,34.8129997253418,34.8129997253418,35.61130142211914,34.99380111694336,34.99380111694336,0
2008-10-13,34.879798889160156,34.879798889160156,35.66429901123047,35.45199966430664,35.46049880981445,0
2008-10-14,35.0276985168457,35.0276985168457,35.77040100097656,34.879798889160156,34.879798889160156,0
2008-10-15,34.98080062866211,34.98080062866211,35.66270065307617,34.98080062866211,35.0276985168457,0
2008-10-16,34.73630142211914,34.73630142211914,35.47060012817383,34.98080062866211,34.98080062866211,0
2008-10-17,34.604400634765625,34.604400634765625,35.417301177978516,34.73630142211914,34.73630142211914,0
2008-10-20,35.073001861572266,35.073001861572266,35.39899826049805,34.604400634765625,34.604400634765625,0
2008-10-21,34.87300109863281,34.87300109863281,35.16709899902344,34.85200119018555,35.13100051879883,0
2008-10-22,34.553001403808594,34.553001403808594,34.869998931884766,34.34170150756836,34.869998931884766,0
2008-10-23,34.733001708984375,34.733001708984375,34.77799987792969,34.41590118408203,34.551998138427734,0
2008-10-24,34.298500061035156,34.298500061035156,34.72600173950195,34.06570053100586,34.72600173950195,0
2008-10-27,34.104000091552734,34.104000091552734,34.32400131225586,33.870399475097656,34.26900100708008,0
2008-10-28,33.584999084472656,33.584999084472656,34.22650146484375,33.941001892089844,34.112998962402344,0
2008-10-29,33.844200134277344,33.844200134277344,34.88949966430664,33.584999084472656,33.584999084472656,0
2008-10-30,34.1328010559082,34.1328010559082,35.285301208496094,33.844200134277344,33.844200134277344,0
2008-10-31,33.76150131225586,33.76150131225586,34.5276985168457,34.1328010559082,34.1328010559082,0
2008-11-03,34.067501068115234,34.067501068115234,34.65829849243164,34.194000244140625,34.194000244140625,0
2008-11-04,33.804298400878906,33.804298400878906,34.80580139160156,34.067501068115234,34.067501068115234,0
2008-11-05,34.062801361083984,34.062801361083984,34.908199310302734,33.804298400878906,33.804298400878906,0
2008-11-06,33.97919845581055,33.97919845581055,34.683101654052734,34.062801361083984,34.062801361083984,0
2008-11-07,33.811500549316406,33.811500549316406,34.60969924926758,33.97919845581055,33.97919845581055,0
2008-11-10,34.011199951171875,34.011199951171875,34.705101013183594,34.45830154418945,34.58250045776367,0
2008-11-11,34.130001068115234,34.130001068115234,34.87649917602539,34.011199951171875,34.011199951171875,0
2008-11-12,33.906898498535156,33.906898498535156,34.644901275634766,34.130001068115234,34.130001068115234,0
2008-11-13,33.82389831542969,33.82389831542969,34.58449935913086,33.906898498535156,33.906898498535156,0
2008-11-14,34.102500915527344,34.102500915527344,34.854801177978516,33.82389831542969,33.82389831542969,0
2008-11-17,33.98149871826172,33.98149871826172,34.78950119018555,33.98149871826172,34.57789993286133,0
2008-11-18,33.97079849243164,33.97079849243164,34.74129867553711,33.98149871826172,33.98149871826172,0
2008-11-19,33.960899353027344,33.960899353027344,34.887901306152344,33.97079849243164,33.97079849243164,0
2008-11-20,33.8390998840332,33.8390998840332,34.56610107421875,33.960899353027344,33.960899353027344,0
2008-11-21,33.86750030517578,33.86750030517578,34.66550064086914,33.8390998840332,33.8390998840332,0
2008-11-24,34.41999816894531,34.41999816894531,35.255699157714844,33.86750030517578,34.516700744628906,0
2008-11-25,34.59320068359375,34.59320068359375,35.5723991394043,34.41999816894531,34.41999816894531,0
2008-11-26,34.76580047607422,34.76580047607422,35.51639938354492,34.59320068359375,34.59320068359375,0
2008-11-27,34.641700744628906,34.641700744628906,35.446800231933594,34.76580047607422,34.76580047607422,0
2008-11-28,34.8588981628418,34.8588981628418,35.74369812011719,34.641700744628906,34.641700744628906,0
2008-12-01,34.71390151977539,34.71390151977539,35.442298889160156,35.265201568603516,35.37480163574219,0
2008-12-02,34.67559814453125,34.67559814453125,35.52199935913086,34.71390151977539,34.71390151977539,0
2008-12-03,34.66960144042969,34.66960144042969,35.458099365234375,34.67559814453125,34.67559814453125,0
2008-12-04,34.68730163574219,34.68730163574219,35.86800003051758,34.66960144042969,34.66960144042969,0
2008-12-05,35.02690124511719,35.02690124511719,35.895999908447266,34.68730163574219,34.68730163574219,0
2008-12-08,35.320701599121094,35.320701599121094,36.1161994934082,35.02690124511719,35.02690124511719,0
2008-12-09,35.27560043334961,35.27560043334961,36.11009979248047,35.320701599121094,35.320701599121094,0
2008-12-10,35.42570114135742,35.42570114135742,36.18109893798828,35.27560043334961,35.27560043334961,0
2008-12-11,36.0343017578125,36.0343017578125,36.799800872802734,35.42570114135742,35.42570114135742,0
2008-12-12,36.306800842285156,36.306800842285156,37.0172004699707,36.0343017578125,36.0343017578125,0
2008-12-15,36.814300537109375,36.814300537109375,37.762001037597656,37.11349868774414,37.13309860229492,0
2008-12-16,37.11000061035156,37.11000061035156,37.929500579833984,36.814300537109375,36.814300537109375,0
2008-12-17,39.102298736572266,39.102298736572266,39.52190017700195,37.11000061035156,37.11000061035156,0
2008-12-18,39.0880012512207,39.0880012512207,40.092498779296875,38.163299560546875,38.163299560546875,0
2008-12-19,38.376399993896484,38.376399993896484,39.437198638916016,38.73809814453125,39.0880012512207,0
2008-12-22,38.9838981628418,38.9838981628418,39.77939987182617,38.9838981628418,39.14780044555664,0
2008-12-23,38.99909973144531,38.99909973144531,39.6525993347168,38.9838981628418,38.9838981628418,0
2008-12-24,38.99909973144531,38.99909973144531,38.99909973144531,38.99909973144531,38.99909973144531,0
2008-12-25,38.99909973144531,38.99909973144531,38.99909973144531,38.99909973144531,38.99909973144531,0
2008-12-26,38.99909973144531,38.99909973144531,38.99909973144531,38.99909973144531,38.99909973144531,0
2008-12-29,41.081600189208984,41.081600189208984,41.68960189819336,40.80690002441406,40.81700134277344,0
2008-12-30,40.84640121459961,40.84640121459961,41.339698791503906,41.034400939941406,41.081600189208984,0
2008-12-31,41.892601013183594,41.892601013183594,41.892601013183594,40.84640121459961,40.84640121459961,0
2009-01-01,41.892601013183594,41.892601013183594,41.892601013183594,41.892601013183594,41.892601013183594,0
2009-01-02,39.94850158691406,39.94850158691406,40.80970001220703,40.05540084838867,40.15890121459961,0
2009-01-05,39.08250045776367,39.08250045776367,40.4911994934082,39.390499114990234,40.26969909667969,0
2009-01-06,38.197601318359375,38.197601318359375,39.38169860839844,38.6776008605957,39.08250045776367,0
2009-01-07,39.019798278808594,39.019798278808594,39.902198791503906,38.197601318359375,38.197601318359375,0
2009-01-08,38.87110137939453,38.87110137939453,40.3760986328125,39.019798278808594,39.019798278808594,0
2009-01-09,39.30550003051758,39.30550003051758,39.87300109863281,38.87110137939453,38.87110137939453,0
2009-01-12,40.94020080566406,40.94020080566406,41.55630111694336,40.8567008972168,40.873600006103516,0
2009-01-13,40.762001037597656,40.762001037597656,41.37820053100586,40.94020080566406,40.94020080566406,0
2009-01-14,41.25389862060547,41.25389862060547,41.9296989440918,40.762001037597656,40.762001037597656,0
2009-01-15,42.0525016784668,42.0525016784668,42.377601623535156,41.25389862060547,41.25389862060547,0
2009-01-16,42.4994010925293,42.4994010925293,43.14870071411133,42.0525016784668,42.0525016784668,0
2009-01-19,42.99729919433594,42.99729919433594,43.70759963989258,42.99729919433594,43.149200439453125,0
2009-01-20,42.71480178833008,42.71480178833008,43.70750045776367,42.42290115356445,42.99729919433594,0
2009-01-21,41.884498596191406,41.884498596191406,42.72169876098633,41.722198486328125,42.71480178833008,0
2009-01-22,41.778900146484375,41.778900146484375,42.72740173339844,41.884498596191406,41.884498596191406,0
2009-01-23,41.62229919433594,41.62229919433594,42.480201721191406,41.778900146484375,41.778900146484375,0
2009-01-26,42.04249954223633,42.04249954223633,43.09199905395508,42.242401123046875,42.44070053100586,0
2009-01-27,42.88859939575195,42.88859939575195,43.81129837036133,42.04249954223633,42.04249954223633,0
2009-01-28,43.64849853515625,43.64849853515625,44.76390075683594,42.88859939575195,42.88859939575195,0
2009-01-29,45.03820037841797,45.03820037841797,45.74879837036133,43.64849853515625,43.64849853515625,0
2009-01-30,44.819000244140625,44.819000244140625,45.87770080566406,45.03820037841797,45.03820037841797,0
2009-02-02,46.17020034790039,46.17020034790039,46.22890090942383,45.5265998840332,45.58549880981445,0
2009-02-03,46.67789840698242,46.67789840698242,46.72990036010742,45.507301330566406,45.507301330566406,0
2009-02-04,46.508399963378906,46.508399963378906,46.80080032348633,45.83729934692383,45.83729934692383,0
2009-02-05,46.47060012817383,46.47060012817383,46.640499114990234,45.93939971923828,45.93939971923828,0
2009-02-06,46.49449920654297,46.49449920654297,46.55659866333008,45.97359848022461,45.97359848022461,0
2009-02-09,46.59400177001953,46.59400177001953,46.75299835205078,46.399600982666016,46.477699279785156,0
2009-02-10,46.20330047607422,46.20330047607422,46.527000427246094,45.967899322509766,45.967899322509766,0
2009-02-11,45.221500396728516,45.221500396728516,46.275001525878906,45.17259979248047,46.24100112915039,0
2009-02-12,44.33679962158203,44.33679962158203,45.402000427246094,44.166900634765625,45.06269836425781,0
2009-02-13,44.43190002441406,44.43190002441406,44.6510009765625,43.82749938964844,43.82749938964844,0
2009-02-16,44.20050048828125,44.20050048828125,45.05039978027344,44.09230041503906,44.19879913330078,0
2009-02-17,45.5702018737793,45.5702018737793,45.79800033569336,44.20050048828125,44.20050048828125,0
2009-02-18,45.406700134277344,45.406700134277344,46.03200149536133,44.901798248291016,44.901798248291016,0
2009-02-19,45.516300201416016,45.516300201416016,45.73099899291992,45.11140060424805,45.17530059814453,0
2009-02-20,45.702301025390625,45.702301025390625,45.702301025390625,45.11069869995117,45.52399826049805,0
2009-02-23,45.79349899291992,45.79349899291992,46.27000045776367,45.68280029296875,46.185001373291016,0
2009-02-24,45.702301025390625,45.702301025390625,46.029998779296875,45.387699127197266,45.387699127197266,0
2009-02-25,45.424598693847656,45.424598693847656,46.012001037597656,45.27640151977539,45.27640151977539,0
2009-02-26,45.347198486328125,45.347198486328125,45.611000061035156,45.19240188598633,45.424598693847656,0
2009-02-27,45.343299865722656,45.343299865722656,45.506500244140625,44.83430099487305,44.83430099487305,0
2009-03-02,45.351200103759766,45.351200103759766,45.59199905395508,45.1057014465332,45.14339828491211,0
2009-03-03,45.3390998840332,45.3390998840332,45.84299850463867,44.86869812011719,44.86869812011719,0
2009-03-04,45.2510986328125,45.2510986328125,45.532798767089844,45.081199645996094,45.36899948120117,0
2009-03-05,44.86989974975586,44.86989974975586,45.375,43.48910140991211,44.609100341796875,0
2009-03-06,45.15530014038086,45.15530014038086,45.36800003051758,44.40060043334961,44.40060043334961,0
2009-03-09,44.99800109863281,44.99800109863281,45.2599983215332,44.63290023803711,45.2599983215332,0
2009-03-10,44.39080047607422,44.39080047607422,45.1510009765625,44.16889953613281,44.16889953613281,0
2009-03-11,44.64229965209961,44.64229965209961,44.79399871826172,43.88529968261719,43.88529968261719,0
2009-03-12,44.856300354003906,44.856300354003906,45.058998107910156,44.690399169921875,44.89699935913086,0
2009-03-13,44.61909866333008,44.61909866333008,45.18600082397461,44.43130111694336,44.43130111694336,0
2009-03-16,44.50360107421875,44.50360107421875,45.35599899291992,44.50360107421875,44.742000579833984,0
2009-03-17,44.7218017578125,44.7218017578125,44.98699951171875,44.50360107421875,44.50360107421875,0
2009-03-18,45.062599182128906,45.062599182128906,45.2140007019043,44.111000061035156,44.111000061035156,0
2009-03-19,45.47380065917969,45.47380065917969,45.75600051879883,44.23500061035156,44.23500061035156,0
2009-03-20,45.341400146484375,45.341400146484375,45.770999908447266,44.8848991394043,44.8848991394043,0
2009-03-23,45.016700744628906,45.016700744628906,45.66299819946289,44.9114990234375,45.57899856567383,0
2009-03-24,45.09980010986328,45.09980010986328,45.34400177001953,44.88840103149414,45.02040100097656,0
2009-03-25,45.39250183105469,45.39250183105469,45.555999755859375,44.411800384521484,44.411800384521484,0
2009-03-26,45.07720184326172,45.07720184326172,45.60900115966797,45.03990173339844,45.39250183105469,0
2009-03-27,44.68190002441406,44.68190002441406,45.3120002746582,44.608699798583984,44.716800689697266,0
2009-03-30,44.7859992980957,44.7859992980957,44.965599060058594,44.56809997558594,44.9010009765625,0
2009-03-31,44.864601135253906,44.864601135253906,45.0989990234375,44.58190155029297,44.606998443603516,0
2009-04-01,44.65769958496094,44.65769958496094,44.972999572753906,44.38010025024414,44.38010025024414,0
2009-04-02,44.79610061645508,44.79610061645508,44.90800094604492,44.207401275634766,44.207401275634766,0
2009-04-03,44.703800201416016,44.703800201416016,44.88100051879883,44.56129837036133,44.79869842529297,0
2009-04-06,44.53770065307617,44.53770065307617,45.018001556396484,44.5265007019043,45.0099983215332,0
2009-04-07,44.40399932861328,44.40399932861328,44.66899871826172,44.15879821777344,44.15879821777344,0
2009-04-08,44.59049987792969,44.59049987792969,44.672000885009766,43.804901123046875,43.804901123046875,0
2009-04-09,44.089298248291016,44.089298248291016,44.65999984741211,43.94609832763672,43.94609832763672,0
2009-04-10,44.104000091552734,44.104000091552734,44.231998443603516,43.78630065917969,43.78630065917969,0
2009-04-13,44.4109992980957,44.4109992980957,44.393001556396484,44.13100051879883,44.14400100708008,0
2009-04-14,44.167999267578125,44.167999267578125,44.457000732421875,43.78630065917969,43.78630065917969,0
2009-04-15,43.96260070800781,43.96260070800781,44.27199935913086,43.599098205566406,43.599098205566406,0
2009-04-16,43.88399887084961,43.88399887084961,44.138999938964844,43.554100036621094,43.554100036621094,0
2009-04-17,43.489498138427734,43.489498138427734,43.88399887084961,43.47269821166992,43.88399887084961,0
2009-04-20,43.647300720214844,43.647300720214844,43.867000579833984,43.00899887084961,43.00899887084961,0
2009-04-21,44.15299987792969,44.15299987792969,44.23400115966797,43.097999572753906,43.097999572753906,0
2009-04-22,43.98109817504883,43.98109817504883,44.194000244140625,43.502899169921875,43.502899169921875,0
2009-04-23,43.721099853515625,43.721099853515625,44.12799835205078,43.22999954223633,43.22999954223633,0
2009-04-24,43.86830139160156,43.86830139160156,44.141998291015625,43.26060104370117,43.26060104370117,0
2009-04-27,43.635501861572266,43.635501861572266,43.986000061035156,43.57339859008789,43.82899856567383,0
2009-04-28,43.57619857788086,43.57619857788086,43.731998443603516,43.41419982910156,43.542999267578125,0
2009-04-29,43.90739822387695,43.90739822387695,43.97309875488281,43.57619857788086,43.57619857788086,0
2009-04-30,43.67770004272461,43.67770004272461,44.025001525878906,43.579200744628906,44.012001037597656,0
2009-05-01,43.823001861572266,43.823001861572266,43.917999267578125,43.13909912109375,43.13909912109375,0
2009-05-04,43.7484016418457,43.7484016418457,43.926998138427734,43.52399826049805,43.922000885009766,0
2009-05-05,43.70009994506836,43.70009994506836,43.91400146484375,43.046199798583984,43.046199798583984,0
2009-05-06,43.54050064086914,43.54050064086914,43.755001068115234,43.47420120239258,43.665000915527344,0
2009-05-07,43.505401611328125,43.505401611328125,43.67300033569336,43.04710006713867,43.04710006713867,0
2009-05-08,43.5984992980957,43.5984992980957,43.7599983215332,42.94269943237305,42.94269943237305,0
2009-05-11,43.78459930419922,43.78459930419922,43.972999572753906,43.6973991394043,43.97200012207031,0
2009-05-12,43.54399871826172,43.54399871826172,43.96900177001953,43.52730178833008,43.88800048828125,0
2009-05-13,43.41709899902344,43.41709899902344,43.858001708984375,43.26649856567383,43.797000885009766,0
2009-05-14,43.61989974975586,43.61989974975586,43.742000579833984,43.34170150756836,43.50199890136719,0
2009-05-15,43.35210037231445,43.35210037231445,43.79800033569336,43.3390998840332,43.79399871826172,0
2009-05-18,43.21329879760742,43.21329879760742,43.48899841308594,43.156898498535156,43.34600067138672,0
2009-05-19,43.18539810180664,43.18539810180664,43.45199966430664,43.110198974609375,43.44599914550781,0
2009-05-20,43.285701751708984,43.285701751708984,43.474998474121094,43.039100646972656,43.33700180053711,0
2009-05-21,43.369998931884766,43.369998931884766,43.527000427246094,43.27799987792969,43.422000885009766,0
2009-05-22,43.341800689697266,43.341800689697266,43.582000732421875,43.25130081176758,43.551998138427734,0
2009-05-25,43.2765007019043,43.2765007019043,43.566001892089844,43.25230026245117,43.481998443603516,0
2009-05-26,43.66809844970703,43.66809844970703,43.861000061035156,43.22710037231445,43.36600112915039,0
2009-05-27,43.23740005493164,43.23740005493164,43.856998443603516,43.16450119018555,43.856998443603516,0
2009-05-28,43.214698791503906,43.214698791503906,43.395999908447266,43.08300018310547,43.21200180053711,0
2009-05-29,43.39139938354492,43.39139938354492,43.525001525878906,43.17530059814453,43.41899871826172,0
2009-06-01,43.433998107910156,43.433998107910156,43.611000061035156,43.39799880981445,43.59400177001953,0
2009-06-02,43.481201171875,43.481201171875,43.599998474121094,43.207000732421875,43.428001403808594,0
2009-06-03,43.636199951171875,43.636199951171875,43.71799850463867,43.33760070800781,43.68199920654297,0
2009-06-04,43.60219955444336,43.60219955444336,43.895999908447266,43.44900131225586,43.7130012512207,0
2009-06-05,43.09320068359375,43.09320068359375,43.77899932861328,43.070899963378906,43.59109878540039,0
2009-06-08,43.47829818725586,43.47829818725586,43.59600067138672,43.05630111694336,43.22999954223633,0
2009-06-09,43.49330139160156,43.49330139160156,43.62099838256836,43.266300201416016,43.60100173950195,0
2009-06-10,43.14569854736328,43.14569854736328,43.77299880981445,43.10660171508789,43.762001037597656,0
2009-06-11,43.362998962402344,43.362998962402344,43.43299865722656,43.072601318359375,43.32699966430664,0
2009-06-12,43.282901763916016,43.282901763916016,43.667999267578125,43.13460159301758,43.60599899291992,0
2009-06-15,42.99250030517578,42.99250030517578,43.43000030517578,42.97999954223633,43.097801208496094,0
2009-06-16,43.114200592041016,43.114200592041016,43.391998291015625,43.0349006652832,43.15399932861328,0
2009-06-17,43.17380142211914,43.17380142211914,43.34199905395508,43.08000183105469,43.215999603271484,0
2009-06-18,42.74250030517578,42.74250030517578,43.53200149536133,42.57789993286133,43.17380142211914,0
2009-06-19,43.30720138549805,43.30720138549805,43.45000076293945,43.17129898071289,43.40299987792969,0
2009-06-22,43.295101165771484,43.295101165771484,43.443599700927734,43.1067008972168,43.33399963378906,0
2009-06-23,43.839698791503906,43.839698791503906,43.9119987487793,42.644901275634766,42.644901275634766,0
2009-06-24,43.59360122680664,43.59360122680664,44.10200119018555,43.14720153808594,43.14720153808594,0
2009-06-25,43.539100646972656,43.539100646972656,43.65800094604492,43.21950149536133,43.21950149536133,0
2009-06-26,43.652801513671875,43.652801513671875,43.9630012512207,42.822898864746094,42.822898864746094,0
2009-06-29,43.727298736572266,43.727298736572266,43.904998779296875,43.52899932861328,43.68299865722656,0
2009-06-30,43.5625,43.5625,44.0260009765625,43.53499984741211,43.91899871826172,0
2009-07-01,43.64780044555664,43.64780044555664,43.85430145263672,43.55030059814453,43.58869934082031,0
2009-07-02,43.62730026245117,43.62730026245117,43.792301177978516,43.10499954223633,43.10499954223633,0
2009-07-03,43.58679962158203,43.58679962158203,43.702598571777344,43.57429885864258,43.59040069580078,0
2009-07-06,43.68550109863281,43.68550109863281,43.76060104370117,43.54790115356445,43.629398345947266,0
2009-07-07,43.84270095825195,43.84270095825195,43.96120071411133,43.6348991394043,43.747798919677734,0
2009-07-08,44.029598236083984,44.029598236083984,44.144901275634766,43.7411994934082,43.76470184326172,0
2009-07-09,44.45669937133789,44.45669937133789,44.47370147705078,43.46120071411133,43.46120071411133,0
2009-07-10,45.41270065307617,45.41270065307617,45.58330154418945,44.29050064086914,44.3568000793457,0
2009-07-13,45.63479995727539,45.63479995727539,46.02640151977539,45.39509963989258,45.408599853515625,0
2009-07-14,44.880699157714844,44.880699157714844,45.671199798583984,44.77280044555664,45.6505012512207,0
2009-07-15,44.79460144042969,44.79460144042969,44.96039962768555,44.6708984375,44.88570022583008,0
2009-07-16,44.12089920043945,44.12089920043945,44.883399963378906,44.12089920043945,44.29499816894531,0
2009-07-17,44.71030044555664,44.71030044555664,44.7151985168457,44.53860092163086,44.544498443603516,0
2009-07-20,43.983001708984375,43.983001708984375,44.777099609375,43.720401763916016,44.7671012878418,0
2009-07-21,43.8661994934082,43.8661994934082,44.20309829711914,43.8572998046875,43.97949981689453,0
2009-07-22,44.1879997253418,44.1879997253418,44.199798583984375,43.86199951171875,43.8911018371582,0
2009-07-23,44.12269973754883,44.12269973754883,44.29679870605469,44.075599670410156,44.2150993347168,0
2009-07-24,43.87590026855469,43.87590026855469,44.13850021362305,43.66790008544922,43.66790008544922,0
2009-07-27,43.52840042114258,43.52840042114258,43.92729949951172,43.52579879760742,43.91279983520508,0
2009-07-28,43.887298583984375,43.887298583984375,43.98899841308594,43.565399169921875,43.619300842285156,0
2009-07-29,44.17879867553711,44.17879867553711,44.47719955444336,43.16699981689453,43.16699981689453,0
2009-07-30,44.172298431396484,44.172298431396484,44.758399963378906,44.08679962158203,44.305599212646484,0
2009-07-31,44.640899658203125,44.640899658203125,44.72779846191406,43.79159927368164,43.819000244140625,0
2009-08-03,44.477298736572266,44.477298736572266,44.697898864746094,44.199798583984375,44.65829849243164,0
2009-08-04,44.625,44.625,44.75379943847656,44.36589813232422,44.43790054321289,0
2009-08-05,44.75299835205078,44.75299835205078,44.79650115966797,44.589298248291016,44.62099838256836,0
2009-08-06,44.82590103149414,44.82590103149414,44.92449951171875,44.6864013671875,44.773799896240234,0
2009-08-07,44.752498626708984,44.752498626708984,45.45719909667969,44.73699951171875,44.80550003051758,0
2009-08-10,44.898399353027344,44.898399353027344,44.960601806640625,44.682899475097656,44.79399871826172,0
2009-08-11,45.46689987182617,45.46689987182617,45.72090148925781,44.70869827270508,44.889400482177734,0
2009-08-12,45.90190124511719,45.90190124511719,46.27880096435547,45.161598205566406,45.161598205566406,0
2009-08-13,45.187801361083984,45.187801361083984,45.912200927734375,45.12580108642578,45.88859939575195,0
2009-08-14,44.91709899902344,44.91709899902344,45.29119873046875,44.80670166015625,45.14310073852539,0
2009-08-17,45.256900787353516,45.256900787353516,45.64630126953125,44.751800537109375,44.76839828491211,0
2009-08-18,44.9473991394043,44.9473991394043,45.39580154418945,44.779701232910156,45.27090072631836,0
2009-08-19,45.239498138427734,45.239498138427734,45.26319885253906,44.7338981628418,44.95069885253906,0
2009-08-20,45.1531982421875,45.1531982421875,45.24919891357422,44.777801513671875,45.24919891357422,0
2009-08-21,45.16809844970703,45.16809844970703,45.41889953613281,45.11429977416992,45.152000427246094,0
2009-08-24,44.41460037231445,44.41460037231445,45.212100982666016,44.41460037231445,45.180198669433594,0
2009-08-25,44.68560028076172,44.68560028076172,44.98500061035156,44.64630126953125,44.76580047607422,0
2009-08-26,44.82059860229492,44.82059860229492,44.93109893798828,44.139801025390625,44.139801025390625,0
2009-08-27,45.07500076293945,45.07500076293945,45.08539962768555,44.0265007019043,44.0265007019043,0
2009-08-28,44.328399658203125,44.328399658203125,44.328399658203125,44.328399658203125,44.328399658203125,0
2009-08-31,45.47489929199219,45.47489929199219,45.49319839477539,45.06209945678711,45.06209945678711,0
2009-09-01,45.39690017700195,45.39690017700195,45.78499984741211,44.499698638916016,44.499698638916016,0
2009-09-02,45.57509994506836,45.57509994506836,45.660701751708984,45.3671989440918,45.38819885253906,0
2009-09-03,45.30500030517578,45.30500030517578,45.66699981689453,45.254798889160156,45.6609001159668,0
2009-09-04,45.13610076904297,45.13610076904297,45.36280059814453,45.016998291015625,45.35369873046875,0
2009-09-07,45.1411018371582,45.1411018371582,45.16019821166992,44.14590072631836,44.14590072631836,0
2009-09-08,45.280399322509766,45.280399322509766,45.413299560546875,45.04169845581055,45.13959884643555,0
2009-09-09,45.18830108642578,45.18830108642578,45.308101654052734,45.11470031738281,45.27560043334961,0
2009-09-10,43.95000076293945,43.95000076293945,45.205299377441406,43.95000076293945,45.202301025390625,0
2009-09-11,44.7041015625,44.7041015625,45.07500076293945,44.61579895019531,45.040401458740234,0
2009-09-14,45.027099609375,45.027099609375,45.07749938964844,44.69929885864258,44.72850036621094,0
2009-09-15,45.05270004272461,45.05270004272461,45.4911994934082,44.11840057373047,45.03519821166992,0
2009-09-16,44.92829895019531,44.92829895019531,45.13959884643555,44.857601165771484,45.119300842285156,0
2009-09-17,44.68519973754883,44.68519973754883,45.0166015625,43.64059829711914,44.9026985168457,0
2009-09-18,44.487300872802734,44.487300872802734,44.745201110839844,44.464698791503906,44.67649841308594,0
2009-09-21,44.58869934082031,44.58869934082031,44.61259841918945,43.536598205566406,44.469398498535156,0
2009-09-22,44.49549865722656,44.49549865722656,44.6692008972168,44.4651985168457,44.593299865722656,0
2009-09-23,44.25749969482422,44.25749969482422,44.59640121459961,44.24449920654297,44.49549865722656,0
2009-09-24,43.26029968261719,43.26029968261719,44.41699981689453,43.26029968261719,44.23040008544922,0
2009-09-25,44.22930145263672,44.22930145263672,44.319000244140625,43.17959976196289,44.26449966430664,0
2009-09-28,44.09149932861328,44.09149932861328,44.183101654052734,44.0630989074707,44.10369873046875,0
2009-09-29,43.875099182128906,43.875099182128906,44.08489990234375,43.83679962158203,44.07279968261719,0
2009-09-30,43.94060134887695,43.94060134887695,44.05780029296875,43.84600067138672,44.00130081176758,0
2009-10-01,43.74480056762695,43.74480056762695,43.940399169921875,42.77190017700195,43.92169952392578,0
2009-10-02,44.00339889526367,44.00339889526367,44.00339889526367,42.9015007019043,42.9015007019043,0
2009-10-05,43.94089889526367,43.94089889526367,44.16590118408203,43.869598388671875,44.062198638916016,0
2009-10-06,43.941001892089844,43.941001892089844,44.07149887084961,43.04999923706055,43.04999923706055,0
2009-10-07,43.694698333740234,43.694698333740234,43.867000579833984,43.65060043334961,43.78340148925781,0
2009-10-08,43.70759963989258,43.70759963989258,43.80699920654297,43.60179901123047,43.8025016784668,0
2009-10-09,43.599700927734375,43.599700927734375,43.72060012817383,42.744998931884766,42.744998931884766,0
2009-10-12,43.65140151977539,43.65140151977539,43.67340087890625,43.47650146484375,43.60300064086914,0
2009-10-13,43.83580017089844,43.83580017089844,43.912200927734375,43.59349822998047,43.620399475097656,0
2009-10-14,43.808101654052734,43.808101654052734,43.946800231933594,43.7593994140625,43.89030075073242,0
2009-10-15,43.87030029296875,43.87030029296875,43.89939880371094,43.683101654052734,43.890098571777344,0
2009-10-16,43.818199157714844,43.818199157714844,43.85749816894531,43.652400970458984,43.816001892089844,0
2009-10-19,43.770999908447266,43.770999908447266,43.823001861572266,43.69430160522461,43.81840133666992,0
2009-10-20,43.567501068115234,43.567501068115234,43.8130989074707,43.52159881591797,43.804100036621094,0
2009-10-21,43.67210006713867,43.67210006713867,43.70119857788086,43.543399810791016,43.59870147705078,0
2009-10-22,43.61259841918945,43.61259841918945,43.662899017333984,43.503700256347656,43.662899017333984,0
2009-10-23,43.52040100097656,43.52040100097656,43.644100189208984,42.58000183105469,43.633201599121094,0
2009-10-26,43.231300354003906,43.231300354003906,43.54399871826172,43.20970153808594,43.51919937133789,0
2009-10-27,43.31129837036133,43.31129837036133,43.44269943237305,43.21160125732422,43.23030090332031,0
2009-10-28,43.062801361083984,43.062801361083984,43.380001068115234,42.404998779296875,42.404998779296875,0
2009-10-29,43.287498474121094,43.287498474121094,43.29499816894531,42.300201416015625,42.300201416015625,0
2009-10-30,42.0171012878418,42.0171012878418,43.27579879760742,42.0171012878418,43.257198333740234,0
2009-11-02,43.265899658203125,43.265899658203125,43.310699462890625,42.96839904785156,42.98320007324219,0
2009-11-03,43.062400817871094,43.062400817871094,43.22949981689453,42.17890167236328,42.17890167236328,0
2009-11-04,43.29840087890625,43.29840087890625,43.319801330566406,43.15660095214844,43.15660095214844,0
2009-11-05,43.101898193359375,43.101898193359375,43.32640075683594,42.98640060424805,43.279701232910156,0
2009-11-06,43.09579849243164,43.09579849243164,43.241600036621094,43.04410171508789,43.13050079345703,0
2009-11-09,43.12369918823242,43.12369918823242,43.26969909667969,42.99129867553711,43.18199920654297,0
2009-11-10,42.99869918823242,42.99869918823242,43.10919952392578,42.950199127197266,43.09159851074219,0
2009-11-11,42.88130187988281,42.88130187988281,43.1338005065918,42.87409973144531,42.9995002746582,0
2009-11-12,42.949798583984375,42.949798583984375,43.08489990234375,42.91510009765625,43.057098388671875,0
2009-11-13,41.92789840698242,41.92789840698242,43.00740051269531,41.92789840698242,42.94260025024414,0
2009-11-16,42.9193000793457,42.9193000793457,43.17499923706055,42.88589859008789,43.17060089111328,0
2009-11-17,42.749298095703125,42.749298095703125,42.94240188598633,42.72129821777344,42.88370132446289,0
2009-11-18,42.96699905395508,42.96699905395508,42.98939895629883,42.74689865112305,42.82699966430664,0
2009-11-19,42.9906005859375,42.9906005859375,43.09489822387695,42.72019958496094,42.84370040893555,0
2009-11-20,43.08789825439453,43.08789825439453,43.10580062866211,42.93080139160156,43.04330062866211,0
2009-11-23,43.10219955444336,43.10219955444336,43.18949890136719,43.051300048828125,43.15719985961914,0
2009-11-24,43.06230163574219,43.06230163574219,43.18299865722656,42.9536018371582,43.04880142211914,0
2009-11-25,43.4098014831543,43.4098014831543,43.463401794433594,43.10530090332031,43.133399963378906,0
2009-11-26,43.87160110473633,43.87160110473633,44.020599365234375,43.38090133666992,43.4098014831543,0
2009-11-27,43.88529968261719,43.88529968261719,44.614898681640625,43.70989990234375,43.80950164794922,0
2009-11-30,43.84960174560547,43.84960174560547,44.10020065307617,43.630401611328125,44.02389907836914,0
2009-12-01,42.850399017333984,42.850399017333984,43.950199127197266,42.850399017333984,43.85940170288086,0
2009-12-02,44.178199768066406,44.178199768066406,44.246498107910156,43.76959991455078,43.85390090942383,0
2009-12-03,43.98569869995117,43.98569869995117,44.35639953613281,43.955101013183594,44.217498779296875,0
2009-12-04,43.9031982421875,43.9031982421875,44.20640182495117,43.86000061035156,44.016300201416016,0
2009-12-07,44.31480026245117,44.31480026245117,44.35150146484375,43.80780029296875,43.89950180053711,0
2009-12-08,45.045799255371094,45.045799255371094,45.13669967651367,44.33380126953125,44.34280014038086,0
2009-12-09,44.798500061035156,44.798500061035156,45.5093994140625,44.766300201416016,44.99660110473633,0
2009-12-10,44.75830078125,44.75830078125,45.270198822021484,44.69660186767578,44.92219924926758,0
2009-12-11,43.911800384521484,43.911800384521484,44.65570068359375,43.88330078125,44.61410140991211,0
2009-12-14,44.04629898071289,44.04629898071289,44.270599365234375,43.952301025390625,44.11709976196289,0
2009-12-15,43.813899993896484,43.813899993896484,44.12969970703125,43.79629898071289,44.03329849243164,0
2009-12-16,44.061100006103516,44.061100006103516,44.17620086669922,43.78990173339844,43.88100051879883,0
2009-12-17,44.15510177612305,44.15510177612305,44.34479904174805,43.72079849243164,43.72079849243164,0
2009-12-18,43.80839920043945,43.80839920043945,44.353599548339844,43.77730178833008,44.311100006103516,0
2009-12-21,43.678001403808594,43.678001403808594,43.889400482177734,43.643699645996094,43.889400482177734,0
2009-12-22,43.557701110839844,43.557701110839844,43.690399169921875,42.75519943237305,42.75519943237305,0
2009-12-23,43.314998626708984,43.314998626708984,43.581199645996094,42.68000030517578,42.68000030517578,0
2009-12-24,41.77899932861328,41.77899932861328,41.77899932861328,41.77899932861328,41.77899932861328,0
2009-12-28,42.75579833984375,42.75579833984375,42.78770065307617,42.524600982666016,42.538700103759766,0
2009-12-29,43.26959991455078,43.26959991455078,43.48529815673828,42.73630142211914,42.73630142211914,0
2009-12-30,43.397499084472656,43.397499084472656,43.49399948120117,42.292701721191406,42.292701721191406,0
2009-12-31,42.64690017700195,42.64690017700195,42.64690017700195,42.64690017700195,42.64690017700195,0
2010-01-04,43.70100021362305,43.70100021362305,43.8130989074707,42.627201080322266,43.319000244140625,0
2010-01-05,43.083900451660156,43.083900451660156,43.3302001953125,43.05550003051758,43.27190017700195,0
2010-01-06,43.01240158081055,43.01240158081055,43.0974006652832,42.15019989013672,42.15019989013672,0
2010-01-07,42.74589920043945,42.74589920043945,42.996700286865234,41.54999923706055,41.54999923706055,0
2010-01-08,42.871299743652344,42.871299743652344,43.04899978637695,42.5994987487793,42.738399505615234,0
2010-01-11,42.58330154418945,42.58330154418945,43.31330108642578,42.48860168457031,43.29389953613281,0
2010-01-12,42.82339859008789,42.82339859008789,42.90290069580078,42.50600051879883,42.51919937133789,0
2010-01-13,42.82099914550781,42.82099914550781,43.070701599121094,42.77669906616211,42.78499984741211,0
2010-01-14,42.605201721191406,42.605201721191406,42.998600006103516,42.54779815673828,42.98440170288086,0
2010-01-15,42.509498596191406,42.509498596191406,42.65950012207031,42.43980026245117,42.59479904174805,0
2010-01-18,42.59090042114258,42.59090042114258,42.62480163574219,42.49259948730469,42.502899169921875,0
2010-01-19,42.273799896240234,42.273799896240234,42.60329818725586,42.25170135498047,42.59450149536133,0
2010-01-20,41.96229934692383,41.96229934692383,42.22949981689453,41.95240020751953,42.11989974975586,0
2010-01-21,41.96260070800781,41.96260070800781,42.082401275634766,41.0004997253418,41.0004997253418,0
2010-01-22,42.25699996948242,42.25699996948242,42.309200286865234,40.86149978637695,40.86149978637695,0
2010-01-25,41.52619934082031,41.52619934082031,42.65950012207031,41.07889938354492,41.07889938354492,0
2010-01-26,42.702598571777344,42.702598571777344,42.854698181152344,42.49829864501953,42.5088996887207,0
2010-01-27,42.55849838256836,42.55849838256836,42.707298278808594,42.493900299072266,42.69710159301758,0
2010-01-28,42.42279815673828,42.42279815673828,42.62269973754883,42.375301361083984,42.50579833984375,0
2010-01-29,42.1088981628418,42.1088981628418,42.54169845581055,42.10850143432617,42.35919952392578,0
2010-02-01,42.25619888305664,42.25619888305664,42.301998138427734,42.151798248291016,42.168701171875,0
2010-02-02,42.025299072265625,42.025299072265625,42.26430130004883,41.984798431396484,42.22100067138672,0
2010-02-03,41.71200180053711,41.71200180053711,42.0088005065918,41.05500030517578,41.05500030517578,0
2010-02-04,41.52130126953125,41.52130126953125,41.77299880981445,41.44279861450195,41.63199996948242,0
2010-02-05,41.30569839477539,41.30569839477539,41.85810089111328,41.27989959716797,41.36479949951172,0
2010-02-08,41.81760025024414,41.81760025024414,41.85879898071289,41.56420135498047,41.6702995300293,0
2010-02-09,41.92890167236328,41.92890167236328,41.979000091552734,41.6161994934082,41.821800231933594,0
2010-02-10,41.50699996948242,41.50699996948242,41.859500885009766,41.384498596191406,41.80910110473633,0
2010-02-11,41.204898834228516,41.204898834228516,41.717899322509766,41.093299865722656,41.70249938964844,0
2010-02-12,41.140201568603516,41.140201568603516,41.32440185546875,40.98870086669922,41.27000045776367,0
2010-02-15,41.11600112915039,41.11600112915039,41.17610168457031,41.066001892089844,41.13100051879883,0
2010-02-16,41.27159881591797,41.27159881591797,41.30160140991211,41.11050033569336,41.17770004272461,0
2010-02-17,41.01169967651367,41.01169967651367,41.29330062866211,40.960899353027344,41.29199981689453,0
2010-02-18,40.776100158691406,40.776100158691406,40.96659851074219,40.733001708984375,40.952999114990234,0
2010-02-19,40.65340042114258,40.65340042114258,40.72129821777344,40.58259963989258,40.6416015625,0
2010-02-22,40.73860168457031,40.73860168457031,40.8661003112793,40.696800231933594,40.78670120239258,0
2010-02-23,40.59700012207031,40.59700012207031,41.051300048828125,40.57809829711914,40.86220169067383,0
2010-02-24,40.707801818847656,40.707801818847656,40.78390121459961,39.687400817871094,40.73640060424805,0
2010-02-25,40.56169891357422,40.56169891357422,40.64970016479492,40.47560119628906,40.54970169067383,0
2010-02-26,40.820499420166016,40.820499420166016,40.85300064086914,40.672000885009766,40.76390075683594,0
2010-03-01,40.51390075683594,40.51390075683594,40.78049850463867,39.54890060424805,40.768699645996094,0
2010-03-02,40.524600982666016,40.524600982666016,40.59590148925781,40.38169860839844,40.5458984375,0
2010-03-03,40.844200134277344,40.844200134277344,40.849998474121094,40.55609893798828,40.641300201416016,0
2010-03-04,40.514801025390625,40.514801025390625,40.81019973754883,40.475101470947266,40.7406005859375,0
2010-03-05,40.5093994140625,40.5093994140625,40.56460189819336,40.415401458740234,40.5536994934082,0
2010-03-08,40.53150177001953,40.53150177001953,40.66569900512695,40.53150177001953,40.621299743652344,0
2010-03-09,40.43550109863281,40.43550109863281,40.53559875488281,39.59489822387695,39.59489822387695,0
2010-03-10,40.32849884033203,40.32849884033203,40.4452018737793,40.24449920654297,40.4452018737793,0
2010-03-11,40.28390121459961,40.28390121459961,40.340999603271484,40.20309829711914,40.29159927368164,0
2010-03-12,40.287899017333984,40.287899017333984,40.38100051879883,40.22060012817383,40.325801849365234,0
2010-03-15,40.22420120239258,40.22420120239258,40.35559844970703,40.164100646972656,40.26390075683594,0
2010-03-16,40.30070114135742,40.30070114135742,40.37459945678711,40.203399658203125,40.255699157714844,0
2010-03-17,40.10369873046875,40.10369873046875,40.35580062866211,40.04199981689453,40.344200134277344,0
2010-03-18,39.88290023803711,39.88290023803711,40.00699996948242,39.168399810791016,39.168399810791016,0
2010-03-19,39.715301513671875,39.715301513671875,39.899200439453125,39.59550094604492,39.89179992675781,0
2010-03-22,40.026100158691406,40.026100158691406,40.04600143432617,39.5989990234375,39.895301818847656,0
2010-03-23,39.90420150756836,39.90420150756836,39.99879837036133,39.01240158081055,39.01240158081055,0
2010-03-24,39.59360122680664,39.59360122680664,39.79389953613281,39.54679870605469,39.77949905395508,0
2010-03-25,39.39950180053711,39.39950180053711,39.592899322509766,38.63359832763672,38.63359832763672,0
2010-03-26,39.65079879760742,39.65079879760742,39.70650100708008,39.32630157470703,39.40399932861328,0
2010-03-29,39.7338981628418,39.7338981628418,39.91130065917969,39.65079879760742,39.65079879760742,0
2010-03-30,39.58470153808594,39.58470153808594,39.80400085449219,38.82889938354492,38.82889938354492,0
2010-03-31,39.782100677490234,39.782100677490234,39.824100494384766,39.53580093383789,39.57640075683594,0
2010-04-01,39.72809982299805,39.72809982299805,39.80220031738281,39.56700134277344,39.78409957885742,0
2010-04-02,38.699501037597656,38.699501037597656,38.699501037597656,38.699501037597656,38.699501037597656,0
2010-04-05,38.699501037597656,38.699501037597656,38.699501037597656,38.699501037597656,38.699501037597656,0
2010-04-06,39.23249816894531,39.23249816894531,39.3494987487793,38.699501037597656,38.699501037597656,0
2010-04-07,39.14939880371094,39.14939880371094,39.266700744628906,39.08980178833008,39.23249816894531,0
2010-04-08,39.298301696777344,39.298301696777344,39.31209945678711,39.07899856567383,39.14939880371094,0
2010-04-09,39.26100158691406,39.26100158691406,39.3130989074707,39.120399475097656,39.27119827270508,0
2010-04-12,39.418399810791016,39.418399810791016,39.797298431396484,39.36220169067383,39.78269958496094,0
2010-04-13,38.52259826660156,38.52259826660156,39.546600341796875,38.52259826660156,39.418399810791016,0
2010-04-14,39.54029846191406,39.54029846191406,39.67599868774414,39.4359016418457,39.58649826049805,0
2010-04-15,39.325199127197266,39.325199127197266,39.508201599121094,39.28300094604492,39.508201599121094,0
2010-04-16,38.26839828491211,38.26839828491211,39.3306999206543,38.26839828491211,39.318199157714844,0
2010-04-19,39.26139831542969,39.26139831542969,39.33110046386719,39.19380187988281,39.19380187988281,0
2010-04-20,39.162498474121094,39.162498474121094,39.32400131225586,39.153099060058594,39.27939987182617,0
2010-04-21,38.994300842285156,38.994300842285156,39.15250015258789,38.938899993896484,39.13930130004883,0
2010-04-22,38.856300354003906,38.856300354003906,39.079498291015625,38.81039810180664,39.0099983215332,0
2010-04-23,38.90700149536133,38.90700149536133,38.97330093383789,38.69060134887695,38.69060134887695,0
2010-04-26,38.801998138427734,38.801998138427734,38.966400146484375,38.71269989013672,38.964698791503906,0
2010-04-27,38.73789978027344,38.73789978027344,38.91809844970703,38.73789978027344,38.846900939941406,0
2010-04-28,38.66059875488281,38.66059875488281,38.854400634765625,37.787601470947266,37.787601470947266,0
2010-04-29,38.68920135498047,38.68920135498047,38.82809829711914,38.63399887084961,38.790401458740234,0
2010-04-30,38.864601135253906,38.864601135253906,38.91080093383789,38.6525993347168,38.703399658203125,0
2010-05-03,38.61949920654297,38.61949920654297,38.79460144042969,38.55350112915039,38.777000427246094,0
2010-05-04,38.50579833984375,38.50579833984375,38.680198669433594,38.476600646972656,38.680198669433594,0
2010-05-05,38.6265983581543,38.6265983581543,38.6265983581543,38.39550018310547,38.39550018310547,0
2010-05-06,38.66899871826172,38.66899871826172,38.837799072265625,38.57379913330078,38.624298095703125,0
2010-05-07,38.80970001220703,38.80970001220703,39.08319854736328,38.632999420166016,38.79119873046875,0
2010-05-10,39.024600982666016,39.024600982666016,39.635101318359375,38.95989990234375,39.233699798583984,0
2010-05-11,38.36360168457031,38.36360168457031,38.84189987182617,38.3114013671875,38.81880187988281,0
2010-05-12,37.93450164794922,37.93450164794922,38.30649948120117,37.86520004272461,38.24679946899414,0
2010-05-13,36.724998474121094,36.724998474121094,36.97249984741211,36.724998474121094,36.97249984741211,0
2010-05-14,37.56919860839844,37.56919860839844,37.77920150756836,37.500701904296875,37.656898498535156,0
2010-05-17,37.6083984375,37.6083984375,37.84410095214844,37.596099853515625,37.717899322509766,0
2010-05-18,37.47489929199219,37.47489929199219,37.767601013183594,37.454200744628906,37.73789978027344,0
2010-05-19,37.887001037597656,37.887001037597656,38.0192985534668,36.704200744628906,37.26689910888672,0
2010-05-20,38.93949890136719,38.93949890136719,38.97880172729492,37.833900451660156,37.93050003051758,0
2010-05-21,39.064998626708984,39.064998626708984,39.46480178833008,38.71329879760742,39.463199615478516,0
2010-05-24,37.513301849365234,37.513301849365234,37.513301849365234,37.513301849365234,37.513301849365234,0
2010-05-25,38.74020004272461,38.74020004272461,38.76259994506836,38.29169845581055,38.30419921875,0
2010-05-26,38.05379867553711,38.05379867553711,38.557701110839844,37.999000549316406,38.42959976196289,0
2010-05-27,37.903499603271484,37.903499603271484,38.137298583984375,37.63710021972656,38.05379867553711,0
2010-05-28,37.91830062866211,37.91830062866211,37.98099899291992,37.57789993286133,37.583099365234375,0
2010-05-31,37.963401794433594,37.963401794433594,38.08259963989258,37.73720169067383,37.825401306152344,0
2010-06-01,38.111900329589844,38.111900329589844,38.30289840698242,37.93330001831055,37.97959899902344,0
2010-06-02,38.09450149536133,38.09450149536133,38.21500015258789,37.97090148925781,37.97570037841797,0
2010-06-03,37.93220138549805,37.93220138549805,38.272499084472656,37.92789840698242,38.260101318359375,0
2010-06-04,37.792198181152344,37.792198181152344,37.933799743652344,37.68579864501953,37.907798767089844,0
2010-06-07,38.02410125732422,38.02410125732422,38.0265007019043,37.63629913330078,37.65530014038086,0
2010-06-08,38.09339904785156,38.09339904785156,38.11640167236328,37.7843017578125,38.03990173339844,0
2010-06-09,38.067501068115234,38.067501068115234,38.13090133666992,37.89469909667969,37.997501373291016,0
2010-06-10,38.22169876098633,38.22169876098633,38.301700592041016,37.9380989074707,38.104801177978516,0
2010-06-11,38.158599853515625,38.158599853515625,38.310298919677734,38.04520034790039,38.228599548339844,0
2010-06-14,38.8672981262207,38.8672981262207,38.929100036621094,38.477699279785156,38.48080062866211,0
2010-06-15,38.54600143432617,38.54600143432617,38.71500015258789,38.24700164794922,38.69089889526367,0
2010-06-16,38.44150161743164,38.44150161743164,38.5880012512207,38.27840042114258,38.559600830078125,0
2010-06-17,38.254398345947266,38.254398345947266,38.38529968261719,38.1786003112793,38.31169891357422,0
2010-06-18,38.323001861572266,38.323001861572266,38.40380096435547,38.18669891357422,38.31489944458008,0
2010-06-21,38.090301513671875,38.090301513671875,38.49869918823242,38.05839920043945,38.4838981628418,0
2010-06-22,37.98640060424805,37.98640060424805,38.09090042114258,37.87889862060547,37.87889862060547,0
2010-06-23,38.036598205566406,38.036598205566406,38.14659881591797,37.9193000793457,37.93009948730469,0
2010-06-24,38.35419845581055,38.35419845581055,38.40230178833008,38.1614990234375,38.2041015625,0
2010-06-25,38.29079818725586,38.29079818725586,38.360198974609375,37.21739959716797,37.21739959716797,0
2010-06-28,38.202301025390625,38.202301025390625,38.37699890136719,38.1775016784668,38.364898681640625,0
2010-06-29,38.17539978027344,38.17539978027344,38.219200134277344,38.0614013671875,38.16419982910156,0
2010-06-30,38.36130142211914,38.36130142211914,38.37419891357422,38.15869903564453,38.23109817504883,0
2010-07-01,38.757999420166016,38.757999420166016,38.8130989074707,38.267398834228516,38.28459930419922,0
2010-07-02,39.07270050048828,39.07270050048828,39.20759963989258,38.803001403808594,38.80609893798828,0
2010-07-05,39.03219985961914,39.03219985961914,39.05979919433594,38.987098693847656,39.03089904785156,0
2010-07-06,39.15650177001953,39.15650177001953,39.18920135498047,39.04090118408203,39.060298919677734,0
2010-07-07,39.12950134277344,39.12950134277344,39.28369903564453,39.06529998779297,39.080501556396484,0
2010-07-08,39.090999603271484,39.090999603271484,39.216800689697266,39.075401306152344,39.204898834228516,0
2010-07-09,39.032100677490234,39.032100677490234,39.161598205566406,38.97600173950195,39.13119888305664,0
2010-07-12,38.730098724365234,38.730098724365234,38.96549987792969,38.69889831542969,38.96549987792969,0
2010-07-13,38.915401458740234,38.915401458740234,38.945098876953125,38.64360046386719,38.7327995300293,0
2010-07-14,37.86320114135742,37.86320114135742,38.98590087890625,37.720001220703125,37.720001220703125,0
2010-07-15,39.21910095214844,39.21910095214844,39.31399917602539,38.87099838256836,38.93320083618164,0
2010-07-16,39.36970138549805,39.36970138549805,39.51539993286133,39.21910095214844,39.21910095214844,0
2010-07-19,39.52799987792969,39.52799987792969,39.640899658203125,39.37919998168945,39.4114990234375,0
2010-07-20,39.32339859008789,39.32339859008789,39.57419967651367,39.219600677490234,39.51599884033203,0
2010-07-21,39.01570129394531,39.01570129394531,39.27669906616211,38.96369934082031,39.26969909667969,0
2010-07-22,39.13309860229492,39.13309860229492,39.286598205566406,38.87730026245117,39.01359939575195,0
2010-07-23,39.08380126953125,39.08380126953125,39.29859924316406,38.95830154418945,39.202999114990234,0
2010-07-26,39.25210189819336,39.25210189819336,39.30950164794922,39.10380172729492,39.15480041503906,0
2010-07-27,39.26060104370117,39.26060104370117,39.3838005065918,39.18259811401367,39.29990005493164,0
2010-07-28,39.30609893798828,39.30609893798828,39.36859893798828,39.239601135253906,39.29669952392578,0
2010-07-29,39.43320083618164,39.43320083618164,39.497398376464844,39.31549835205078,39.326698303222656,0
2010-07-30,39.517601013183594,39.517601013183594,39.5452995300293,39.32160186767578,39.43470001220703,0
2010-08-02,39.48630142211914,39.48630142211914,39.57460021972656,39.411598205566406,39.53229904174805,0
2010-08-03,39.34600067138672,39.34600067138672,39.5442008972168,39.25659942626953,39.41630172729492,0
2010-08-04,39.34600067138672,39.34600067138672,39.43980026245117,39.19490051269531,39.35820007324219,0
2010-08-05,39.23609924316406,39.23609924316406,39.40019989013672,39.184200286865234,39.270198822021484,0
2010-08-06,39.31560134887695,39.31560134887695,39.6349983215332,39.27730178833008,39.3489990234375,0
2010-08-09,38.29970169067383,38.29970169067383,39.70140075683594,39.5265007019043,39.58649826049805,0
2010-08-10,39.59619903564453,39.59619903564453,39.55059814453125,39.29890060424805,39.48270034790039,0
2010-08-11,39.4390983581543,39.4390983581543,39.48759841918945,39.155601501464844,39.425899505615234,0
2010-08-12,39.20109939575195,39.20109939575195,39.37379837036133,39.1682014465332,39.29570007324219,0
2010-08-13,39.315799713134766,39.315799713134766,39.27090072631836,38.949501037597656,39.23970031738281,0
2010-08-16,38.1150016784668,38.1150016784668,39.19580078125,39.04520034790039,39.12289810180664,0
2010-08-17,39.14649963378906,39.14649963378906,39.242801666259766,39.06650161743164,39.174800872802734,0
2010-08-18,39.16059875488281,39.16059875488281,39.22330093383789,39.019798278808594,39.10649871826172,0
2010-08-19,39.15340042114258,39.15340042114258,39.22669982910156,38.95439910888672,39.05670166015625,0
2010-08-20,39.149200439453125,39.149200439453125,39.12089920043945,38.84040069580078,39.07979965209961,0
2010-08-23,37.89080047607422,37.89080047607422,38.957000732421875,38.82160186767578,38.941200256347656,0
2010-08-24,38.85060119628906,38.85060119628906,39.13079833984375,38.81449890136719,38.85969924926758,0
2010-08-25,39.05419921875,39.05419921875,39.21369934082031,39.00120162963867,39.04309844970703,0
2010-08-26,39.14390182495117,39.14390182495117,39.24599838256836,38.992801666259766,39.24599838256836,0
2010-08-27,39.0640983581543,39.0640983581543,39.15919876098633,38.945701599121094,39.10940170288086,0
2010-08-30,38.02000045776367,38.02000045776367,39.089500427246094,38.875701904296875,39.08649826049805,0
2010-08-31,38.92179870605469,38.92179870605469,39.18080139160156,38.97710037231445,38.9838981628418,0
2010-09-01,39.1327018737793,39.1327018737793,39.460201263427734,39.12770080566406,39.13909912109375,0
2010-09-02,39.35850143432617,39.35850143432617,39.424400329589844,39.242000579833984,39.28810119628906,0
2010-09-03,39.38520050048828,39.38520050048828,39.431800842285156,39.315101623535156,39.3744010925293,0
2010-09-06,38.37990188598633,38.37990188598633,39.48609924316406,39.393798828125,39.456199645996094,0
2010-09-07,39.4453010559082,39.4453010559082,39.36119842529297,39.23109817504883,39.32350158691406,0
2010-09-08,39.2781982421875,39.2781982421875,39.3218994140625,39.176700592041016,39.26490020751953,0
2010-09-09,39.24869918823242,39.24869918823242,39.32979965209961,39.156700134277344,39.18330001831055,0
2010-09-10,39.234798431396484,39.234798431396484,39.326499938964844,39.15999984741211,39.18790054321289,0
2010-09-13,38.33000183105469,38.33000183105469,39.53810119628906,39.28990173339844,39.53499984741211,0
2010-09-14,39.48059844970703,39.48059844970703,39.785701751708984,39.49879837036133,39.54859924316406,0
2010-09-15,39.76539993286133,39.76539993286133,40.325199127197266,39.871299743652344,39.92660140991211,0
2010-09-16,40.26900100708008,40.26900100708008,41.051700592041016,40.23550033569336,40.238800048828125,0
2010-09-17,40.97010040283203,40.97010040283203,40.894100189208984,40.35559844970703,40.7692985534668,0
2010-09-20,39.48500061035156,39.48500061035156,40.66210174560547,40.439998626708984,40.48400115966797,0
2010-09-21,40.61859893798828,40.61859893798828,40.812198638916016,40.5635986328125,40.660301208496094,0
2010-09-22,40.78089904785156,40.78089904785156,41.621299743652344,41.003700256347656,41.28350067138672,0
2010-09-23,41.50859832763672,41.50859832763672,41.64509963989258,41.251800537109375,41.5536994934082,0
2010-09-24,41.36399841308594,41.36399841308594,41.54930114746094,41.18920135498047,41.36090087890625,0
2010-09-27,40.49760055541992,40.49760055541992,41.349998474121094,41.088401794433594,41.34600067138672,0
2010-09-28,41.143001556396484,41.143001556396484,41.320899963378906,40.96189880371094,41.127498626708984,0
2010-09-29,41.27199935913086,41.27199935913086,41.46549987792969,41.24610137939453,41.32699966430664,0
2010-09-30,41.452701568603516,41.452701568603516,41.816200256347656,41.312400817871094,41.375099182128906,0
2010-10-01,41.64699935913086,41.64699935913086,42.027198791503906,41.55839920043945,41.5885009765625,0
2010-10-04,40.91310119628906,40.91310119628906,42.042999267578125,41.67770004272461,41.86989974975586,0
2010-10-05,41.69649887084961,41.69649887084961,41.88529968261719,41.44269943237305,41.7593994140625,0
2010-10-06,41.5703010559082,41.5703010559082,41.504600524902344,41.26340103149414,41.49380111694336,0
2010-10-07,41.49369812011719,41.49369812011719,41.63970184326172,41.29750061035156,41.49729919433594,0
2010-10-08,41.47520065307617,41.47520065307617,41.79349899291992,41.460899353027344,41.62409973144531,0
2010-10-11,40.656700134277344,40.656700134277344,41.7943000793457,41.53229904174805,41.777198791503906,0
2010-10-12,40.65250015258789,40.65250015258789,41.736698150634766,41.56669998168945,41.622798919677734,0
2010-10-13,41.65399932861328,41.65399932861328,42.19029998779297,41.80540084838867,41.80540084838867,0
2010-10-14,42.028900146484375,42.028900146484375,42.34320068359375,42.08570098876953,42.16299819946289,0
2010-10-15,42.295501708984375,42.295501708984375,42.69309997558594,42.31529998779297,42.315799713134766,0
2010-10-18,41.54069900512695,41.54069900512695,42.47669982910156,42.02939987182617,42.03390121459961,0
2010-10-19,41.33649826049805,41.33649826049805,42.417598724365234,42.24380111694336,42.37689971923828,0
2010-10-20,42.33150100708008,42.33150100708008,42.888301849365234,42.33150100708008,42.33150100708008,0
2010-10-21,42.81869888305664,42.81869888305664,43.125701904296875,42.72549819946289,42.77320098876953,0
2010-10-22,42.7692985534668,42.7692985534668,42.736698150634766,42.188499450683594,42.736698150634766,0
2010-10-25,41.46549987792969,41.46549987792969,42.54890060424805,42.31010055541992,42.53459930419922,0
2010-10-26,42.34379959106445,42.34379959106445,42.50019836425781,42.16600036621094,42.328800201416016,0
2010-10-27,42.23469924926758,42.23469924926758,42.44150161743164,42.143798828125,42.143798828125,0
2010-10-28,42.28950119018555,42.28950119018555,42.67259979248047,42.33599853515625,42.347999572753906,0
2010-10-29,42.6156005859375,42.6156005859375,42.957401275634766,42.540000915527344,42.5619010925293,0
2010-11-01,41.744998931884766,41.744998931884766,43.16960144042969,42.75899887084961,42.977901458740234,0
2010-11-02,42.78969955444336,42.78969955444336,43.19710159301758,42.839698791503906,42.852901458740234,0
2010-11-03,43.18880081176758,43.18880081176758,43.25709915161133,43.088401794433594,43.11410140991211,0
2010-11-04,43.21440124511719,43.21440124511719,43.92689895629883,42.23569869995117,42.23569869995117,0
2010-11-05,43.708499908447266,43.708499908447266,43.77360153198242,43.16130065917969,43.6593017578125,0
2010-11-08,43.20439910888672,43.20439910888672,43.05270004272461,42.7588996887207,42.89350128173828,0
2010-11-09,42.90169906616211,42.90169906616211,42.86790084838867,42.60649871826172,42.81669998168945,0
2010-11-10,42.565101623535156,42.565101623535156,42.46929931640625,42.055198669433594,42.46080017089844,0
2010-11-11,42.14939880371094,42.14939880371094,42.163700103759766,41.837501525878906,42.13719940185547,0
2010-11-12,41.849300384521484,41.849300384521484,42.3135986328125,41.79750061035156,41.85710144042969,0
2010-11-15,41.13750076293945,41.13750076293945,42.26279830932617,41.13750076293945,41.13750076293945,0
2010-11-16,42.16450119018555,42.16450119018555,42.39860153198242,42.09590148925781,42.13059997558594,0
2010-11-17,42.18239974975586,42.18239974975586,42.41669845581055,42.1703987121582,42.199100494384766,0
2010-11-18,42.41899871826172,42.41899871826172,42.5098991394043,42.23619842529297,42.47119903564453,0
2010-11-19,42.295799255371094,42.295799255371094,42.557098388671875,42.29880142211914,42.30220031738281,0
2010-11-22,41.48500061035156,41.48500061035156,42.704200744628906,42.36159896850586,42.57720184326172,0
2010-11-23,42.38949966430664,42.38949966430664,42.47700119018555,42.059600830078125,42.30580139160156,0
2010-11-24,42.057098388671875,42.057098388671875,41.93479919433594,41.69409942626953,41.91450119018555,0
2010-11-25,41.825199127197266,41.825199127197266,41.76029968261719,41.578399658203125,41.689300537109375,0
2010-11-26,41.65570068359375,41.65570068359375,41.66859817504883,41.48040008544922,41.630401611328125,0
2010-11-29,41.57500076293945,41.57500076293945,41.628700256347656,41.041500091552734,41.539398193359375,0
2010-11-30,41.166900634765625,41.166900634765625,41.18149948120117,40.779300689697266,41.130699157714844,0
2010-12-01,41.02730178833008,41.02730178833008,41.34920120239258,40.954200744628906,40.981300354003906,0
2010-12-02,41.215599060058594,41.215599060058594,41.52470016479492,41.13309860229492,41.189300537109375,0
2010-12-03,41.290000915527344,41.290000915527344,41.842098236083984,41.227298736572266,41.227298736572266,0
2010-12-06,40.49599838256836,40.49599838256836,41.83620071411133,41.47010040283203,41.75529861450195,0
2010-12-07,41.49129867553711,41.49129867553711,41.813201904296875,41.393001556396484,41.65230178833008,0
2010-12-08,41.38570022583008,41.38570022583008,41.34659957885742,41.06829833984375,41.23659896850586,0
2010-12-09,41.151100158691406,41.151100158691406,41.274200439453125,40.84659957885742,41.237998962402344,0
2010-12-10,40.90879821777344,40.90879821777344,40.994998931884766,40.826900482177734,40.9734001159668,0
2010-12-13,40.930599212646484,40.930599212646484,41.123199462890625,40.76029968261719,40.84379959106445,0
2010-12-14,41.11520004272461,41.11520004272461,41.39189910888672,41.084598541259766,41.24290084838867,0
2010-12-15,41.12519836425781,41.12519836425781,40.98569869995117,40.809600830078125,40.911399841308594,0
2010-12-16,40.851898193359375,40.851898193359375,40.779701232910156,40.505699157714844,40.722198486328125,0
2010-12-17,40.61000061035156,40.61000061035156,40.97159957885742,40.29790115356445,40.87329864501953,0
2010-12-20,39.72719955444336,39.72719955444336,40.55030059814453,40.36389923095703,40.52360153198242,0
2010-12-21,40.47869873046875,40.47869873046875,40.536399841308594,40.32320022583008,40.501399993896484,0
2010-12-22,40.3578987121582,40.3578987121582,40.424800872802734,40.10499954223633,40.37860107421875,0
2010-12-23,40.12080001831055,40.12080001831055,40.21649932861328,39.96989822387695,40.19940185546875,0
2010-12-24,40.04930114746094,40.04930114746094,39.1349983215332,38.92390060424805,39.1349983215332,0
2010-12-27,38.92390060424805,38.92390060424805,40.096099853515625,39.87480163574219,40.00699996948242,0
2010-12-28,39.882598876953125,39.882598876953125,40.13859939575195,39.81330108642578,40.09560012817383,0
2010-12-29,39.81669998168945,39.81669998168945,40.055999755859375,39.80649948120117,39.823299407958984,0
2010-12-30,40.15039825439453,40.15039825439453,40.644901275634766,40.1702995300293,40.192298889160156,0
2010-12-31,40.582698822021484,40.582698822021484,39.92409896850586,39.92409896850586,39.92409896850586,0
2011-01-03,39.92409896850586,39.92409896850586,40.96419906616211,40.586700439453125,40.71799850463867,0
2011-01-04,40.83940124511719,40.83940124511719,41.071998596191406,40.71620178222656,40.75630187988281,0
2011-01-05,40.714500427246094,40.714500427246094,40.649200439453125,40.23469924926758,40.572898864746094,0
2011-01-06,40.361698150634766,40.361698150634766,40.33539962768555,40.019500732421875,40.26380157470703,0
2011-01-07,40.01179885864258,40.01179885864258,40.0275993347168,39.81330108642578,39.898799896240234,0
2011-01-10,38.66999816894531,38.66999816894531,39.84489822387695,39.61709976196289,39.70949935913086,0
2011-01-11,39.83169937133789,39.83169937133789,39.77320098876953,39.48640060424805,39.73720169067383,0
2011-01-12,39.63859939575195,39.63859939575195,39.60940170288086,38.70840072631836,38.70840072631836,0
2011-01-13,38.39500045776367,38.39500045776367,40.002601623535156,39.385398864746094,39.4031982421875,0
2011-01-14,39.98939895629883,39.98939895629883,40.259700775146484,39.99530029296875,40.04570007324219,0
2011-01-17,39.150001525878906,39.150001525878906,40.03329849243164,39.8036994934082,39.97439956665039,0
2011-01-18,39.823299407958984,39.823299407958984,40.197898864746094,39.81639862060547,39.90039825439453,0
2011-01-19,40.0349006652832,40.0349006652832,40.36330032348633,40.10749816894531,40.15810012817383,0
2011-01-20,40.22249984741211,40.22249984741211,40.50270080566406,40.15599822998047,40.21120071411133,0
2011-01-21,39.38140106201172,39.38140106201172,40.66379928588867,39.38140106201172,39.38140106201172,0
2011-01-24,40.61909866333008,40.61909866333008,40.79159927368164,40.44860076904297,40.642799377441406,0
2011-01-25,40.72309875488281,40.72309875488281,40.73899841308594,40.4468994140625,40.711700439453125,0
2011-01-26,40.583900451660156,40.583900451660156,40.81909942626953,40.62329864501953,40.65620040893555,0
2011-01-27,40.68629837036133,40.68629837036133,40.71149826049805,40.53020095825195,40.706298828125,0
2011-01-28,40.569400787353516,40.569400787353516,40.78739929199219,40.57889938354492,40.58769989013672,0
2011-01-31,39.72060012817383,39.72060012817383,40.86579895019531,40.51470184326172,40.56439971923828,0
2011-02-01,40.82749938964844,40.82749938964844,40.81079864501953,40.65449905395508,40.70970153808594,0
2011-02-02,40.78519821166992,40.78519821166992,40.84939956665039,40.5890007019043,40.84939956665039,0
2011-02-03,40.605499267578125,40.605499267578125,40.56760025024414,39.66600036621094,39.66600036621094,0
2011-02-04,40.16429901123047,40.16429901123047,40.18629837036133,39.87459945678711,40.093299865722656,0
2011-02-07,39.10430145263672,39.10430145263672,40.00419998168945,39.65510177612305,39.988399505615234,0
2011-02-08,38.79600143432617,38.79600143432617,40.00559997558594,39.771400451660156,39.8827018737793,0
2011-02-09,39.96039962768555,39.96039962768555,40.16080093383789,39.89910125732422,39.918701171875,0
2011-02-10,40.114601135253906,40.114601135253906,40.17679977416992,39.833900451660156,40.08509826660156,0
2011-02-11,39.972198486328125,39.972198486328125,39.845298767089844,39.63690185546875,39.845298767089844,0
2011-02-14,38.69049835205078,38.69049835205078,39.738800048828125,39.3406982421875,39.7328987121582,0
2011-02-15,39.48350143432617,39.48350143432617,39.65409851074219,39.43190002441406,39.52009963989258,0
2011-02-16,39.563499450683594,39.563499450683594,39.72439956665039,39.46659851074219,39.61899948120117,0
2011-02-17,39.598201751708984,39.598201751708984,39.80860137939453,39.59769821166992,39.61650085449219,0
2011-02-18,39.79840087890625,39.79840087890625,39.80659866333008,39.60070037841797,39.785099029541016,0
2011-02-21,38.61069869995117,38.61069869995117,39.95690155029297,39.82709884643555,39.8489990234375,0
2011-02-22,39.876800537109375,39.876800537109375,40.064998626708984,39.63169860839844,39.74679946899414,0
2011-02-23,39.99259948730469,39.99259948730469,40.1776008605957,38.998199462890625,38.998199462890625,0
2011-02-24,40.12739944458008,40.12739944458008,40.157100677490234,39.93949890136719,40.125701904296875,0
2011-02-25,39.97829818725586,39.97829818725586,40.07709884643555,39.76890182495117,40.04600143432617,0
2011-02-28,39.78820037841797,39.78820037841797,39.99420166015625,39.7578010559082,39.80979919433594,0
2011-03-01,39.816001892089844,39.816001892089844,39.878700256347656,39.627498626708984,39.86249923706055,0
2011-03-02,39.64929962158203,39.64929962158203,39.61589813232422,39.29890060424805,39.600399017333984,0
2011-03-03,39.360801696777344,39.360801696777344,39.35100173950195,39.02280044555664,39.33760070800781,0
2011-03-04,39.319801330566406,39.319801330566406,39.46379852294922,39.22959899902344,39.334800720214844,0
2011-03-07,38.40650177001953,38.40650177001953,39.55110168457031,39.33000183105469,39.38850021362305,0
2011-03-08,39.39149856567383,39.39149856567383,39.40409851074219,38.5443000793457,38.5443000793457,0
2011-03-09,39.20100021362305,39.20100021362305,39.492801666259766,39.09550094604492,39.13869857788086,0
2011-03-10,39.44020080566406,39.44020080566406,39.47880172729492,39.24470138549805,39.39149856567383,0
2011-03-11,39.51449966430664,39.51449966430664,39.68230056762695,39.45140075683594,39.52470016479492,0
2011-03-14,38.584800720214844,38.584800720214844,39.991600036621094,39.79869842529297,39.97159957885742,0
2011-03-15,39.874900817871094,39.874900817871094,40.22050094604492,39.80799865722656,39.812801361083984,0
2011-03-16,40.198699951171875,40.198699951171875,40.20790100097656,39.85409927368164,40.195899963378906,0
2011-03-17,39.90570068359375,39.90570068359375,40.19300079345703,39.894500732421875,39.92499923706055,0
2011-03-18,40.14780044555664,40.14780044555664,40.29090118408203,39.94459915161133,40.20140075683594,0
2011-03-21,39.23249816894531,39.23249816894531,40.3297004699707,39.23249816894531,39.23249816894531,0
2011-03-22,40.13169860839844,40.13169860839844,40.1234016418457,39.10960006713867,39.10960006713867,0
2011-03-23,40.092498779296875,40.092498779296875,40.15950012207031,39.98590087890625,40.00559997558594,0
2011-03-24,40.045101165771484,40.045101165771484,40.160099029541016,39.88859939575195,39.88859939575195,0
2011-03-25,40.1083984375,40.1083984375,40.07500076293945,39.09960174560547,39.09960174560547,0
2011-03-28,39.04159927368164,39.04159927368164,39.96760177612305,39.04159927368164,39.04159927368164,0
2011-03-29,39.95090103149414,39.95090103149414,40.114498138427734,39.92490005493164,39.99909973144531,0
2011-03-30,39.97079849243164,39.97079849243164,40.31380081176758,39.96860122680664,39.98609924316406,0
2011-03-31,40.22420120239258,40.22420120239258,40.45330047607422,39.24380111694336,39.24380111694336,0
2011-04-01,40.31520080566406,40.31520080566406,40.248199462890625,39.312400817871094,39.312400817871094,0
2011-04-04,39.19029998779297,39.19029998779297,40.30289840698242,40.102500915527344,40.22840118408203,0
2011-04-05,39.16999816894531,39.16999816894531,40.2577018737793,40.122501373291016,40.2577018737793,0
2011-04-06,40.22600173950195,40.22600173950195,40.44060134887695,40.26210021972656,40.2760009765625,0
2011-04-07,40.41270065307617,40.41270065307617,40.428001403808594,39.352298736572266,39.352298736572266,0
2011-04-08,40.33359909057617,40.33359909057617,40.528099060058594,39.352699279785156,39.352699279785156,0
2011-04-11,39.438899993896484,39.438899993896484,40.55099868774414,40.394100189208984,40.44150161743164,0
2011-04-12,40.5005989074707,40.5005989074707,40.78889846801758,40.422698974609375,40.43320083618164,0
2011-04-13,40.716400146484375,40.716400146484375,40.8578987121582,40.7150993347168,40.72309875488281,0
2011-04-14,40.779598236083984,40.779598236083984,40.94169998168945,39.82849884033203,39.82849884033203,0
2011-04-18,39.755001068115234,39.755001068115234,40.515201568603516,40.179901123046875,40.480201721191406,0
2011-04-19,40.27870178222656,40.27870178222656,40.568599700927734,40.377201080322266,40.464599609375,0
2011-04-20,40.55179977416992,40.55179977416992,40.819698333740234,40.4807014465332,40.48460006713867,0
2011-04-21,40.75130081176758,40.75130081176758,40.83409881591797,39.781898498535156,39.781898498535156,0
2011-04-22,40.75130081176758,40.75130081176758,40.83409881591797,39.781898498535156,39.781898498535156,0
2011-04-25,40.772098541259766,40.772098541259766,39.7224006652832,39.7224006652832,39.7224006652832,0
2011-04-26,39.7224006652832,39.7224006652832,40.69879913330078,39.61759948730469,40.55540084838867,0
2011-04-27,40.64649963378906,40.64649963378906,40.72249984741211,39.61759948730469,39.61759948730469,0
2011-04-28,40.62540054321289,40.62540054321289,40.905799865722656,39.673500061035156,39.673500061035156,0
2011-04-29,40.731201171875,40.731201171875,40.769100189208984,39.801700592041016,39.801700592041016,0
2011-05-02,39.522499084472656,39.522499084472656,40.854400634765625,40.54029846191406,40.55609893798828,0
2011-05-03,40.77170181274414,40.77170181274414,40.627201080322266,40.36650085449219,40.52050018310547,0
2011-05-04,40.61539840698242,40.61539840698242,40.658199310302734,39.41709899902344,39.41709899902344,0
2011-05-05,40.596099853515625,40.596099853515625,40.61539840698242,40.16130065917969,40.57889938354492,0
2011-05-06,40.16130065917969,40.16130065917969,40.40399932861328,39.452301025390625,39.452301025390625,0
2011-05-09,39.31999969482422,39.31999969482422,40.160400390625,39.31999969482422,39.31999969482422,0
2011-05-10,39.82400131225586,39.82400131225586,39.92169952392578,39.7593994140625,39.900001525878906,0
2011-05-11,39.8739013671875,39.8739013671875,39.917999267578125,39.55860137939453,39.89120101928711,0
2011-05-12,39.55860137939453,39.55860137939453,39.8135986328125,39.60350036621094,39.610198974609375,0
2011-05-13,39.770599365234375,39.770599365234375,39.90129852294922,39.650901794433594,39.69770050048828,0
2011-05-16,38.88999938964844,38.88999938964844,39.97990036010742,39.591800689697266,39.69240188598633,0
2011-05-17,39.92210006713867,39.92210006713867,39.99530029296875,39.79970169067383,39.87770080566406,0
2011-05-18,38.9556999206543,38.9556999206543,40.04050064086914,38.9556999206543,38.9556999206543,0
2011-05-19,39.998199462890625,39.998199462890625,39.97370147705078,38.90359878540039,38.90359878540039,0
2011-05-20,39.87220001220703,39.87220001220703,40.0260009765625,38.93170166015625,38.93170166015625,0
2011-05-23,38.89310073852539,38.89310073852539,40.03139877319336,39.739601135253906,39.78850173950195,0
2011-05-24,39.98540115356445,39.98540115356445,40.05500030517578,39.93330001831055,39.984798431396484,0
2011-05-25,39.97529983520508,39.97529983520508,40.114601135253906,39.01499938964844,39.01499938964844,0
2011-05-26,40.09189987182617,40.09189987182617,40.17620086669922,39.69029998779297,40.16859817504883,0
2011-05-27,39.72589874267578,39.72589874267578,40.13779830932617,39.93109893798828,40.04669952392578,0
2011-05-30,39.0,39.0,40.12799835205078,39.9906005859375,39.991798400878906,0
2011-05-31,40.07590103149414,40.07590103149414,40.371299743652344,40.20439910888672,40.23030090332031,0
2011-06-01,40.23059844970703,40.23059844970703,40.38840103149414,40.201900482177734,40.323699951171875,0
2011-06-02,40.24399948120117,40.24399948120117,40.45800018310547,39.26499938964844,39.26499938964844,0
2011-06-03,40.3223991394043,40.3223991394043,40.62139892578125,40.3031005859375,40.33039855957031,0
2011-06-06,39.435001373291016,39.435001373291016,40.726200103759766,39.435001373291016,39.435001373291016,0
2011-06-07,40.65140151977539,40.65140151977539,40.70050048828125,39.70180130004883,39.70180130004883,0
2011-06-08,40.672298431396484,40.672298431396484,40.67190170288086,40.43870162963867,40.64459991455078,0
2011-06-09,40.46689987182617,40.46689987182617,40.53879928588867,39.630001068115234,39.630001068115234,0
2011-06-10,40.33879852294922,40.33879852294922,40.300201416015625,39.43920135498047,39.43920135498047,0
2011-06-13,39.2577018737793,39.2577018737793,40.32979965209961,39.2577018737793,39.2577018737793,0
2011-06-14,40.19169998168945,40.19169998168945,40.342498779296875,39.234100341796875,39.234100341796875,0
2011-06-15,40.27989959716797,40.27989959716797,40.157501220703125,39.224300384521484,39.224300384521484,0
2011-06-16,39.87689971923828,39.87689971923828,39.962100982666016,39.74760055541992,39.8140983581543,0
2011-06-17,39.87480163574219,39.87480163574219,40.16019821166992,39.824501037597656,39.824501037597656,0
2011-06-20,39.087398529052734,39.087398529052734,40.210601806640625,39.087398529052734,39.087398529052734,0
2011-06-21,40.19300079345703,40.19300079345703,40.26169967651367,39.0802001953125,39.0802001953125,0
2011-06-22,40.226600646972656,40.226600646972656,40.334800720214844,40.15019989013672,40.177398681640625,0
2011-06-23,40.26240158081055,40.26240158081055,40.13460159301758,39.92679977416992,40.08489990234375,0
2011-06-24,40.06650161743164,40.06650161743164,40.208900451660156,40.031898498535156,40.15510177612305,0
2011-06-27,39.09149932861328,39.09149932861328,40.317901611328125,39.09149932861328,39.09149932861328,0
2011-06-28,40.30799865722656,40.30799865722656,40.41170120239258,40.222801208496094,40.26259994506836,0
2011-06-29,40.37070083618164,40.37070083618164,40.46189880371094,40.17190170288086,40.3827018737793,0
2011-06-30,40.43000030517578,40.43000030517578,40.51380157470703,40.31050109863281,40.349998474121094,0
2011-07-01,40.46070098876953,40.46070098876953,40.5015983581543,39.371498107910156,39.371498107910156,0
2011-07-04,39.38079833984375,39.38079833984375,40.4541015625,40.3302001953125,40.36320114135742,0
2011-07-05,40.3849983215332,40.3849983215332,40.39870071411133,40.25579833984375,40.32429885864258,0
2011-07-06,40.31719970703125,40.31719970703125,40.314998626708984,40.04499816894531,40.314998626708984,0
2011-07-07,40.1083984375,40.1083984375,40.12879943847656,39.89400100708008,40.07310104370117,0
2011-07-08,40.05270004272461,40.05270004272461,40.05860137939453,39.72990036010742,40.04389953613281,0
2011-07-11,38.875301361083984,38.875301361083984,39.86690139770508,38.875301361083984,38.875301361083984,0
2011-07-12,39.62379837036133,39.62379837036133,39.65639877319336,38.7400016784668,38.7400016784668,0
2011-07-13,39.64630126953125,39.64630126953125,39.79690170288086,39.554901123046875,39.62049865722656,0
2011-07-14,39.72990036010742,39.72990036010742,39.981201171875,39.721900939941406,39.721900939941406,0
2011-07-15,39.82809829711914,39.82809829711914,39.832801818847656,39.62919998168945,39.80699920654297,0
2011-07-18,38.790000915527344,38.790000915527344,39.73649978637695,39.50490188598633,39.51139831542969,0
2011-07-19,39.673099517822266,39.673099517822266,39.88079833984375,39.692501068115234,39.77899932861328,0
2011-07-20,39.714900970458984,39.714900970458984,39.97829818725586,38.77880096435547,38.77880096435547,0
2011-07-21,39.957298278808594,39.957298278808594,40.2578010559082,38.77880096435547,38.77880096435547,0
2011-07-22,39.88719940185547,39.88719940185547,40.016700744628906,39.82490158081055,39.94990158081055,0
2011-07-25,38.919898986816406,38.919898986816406,39.930198669433594,39.752498626708984,39.885101318359375,0
2011-07-26,39.802101135253906,39.802101135253906,40.22010040283203,39.83399963378906,40.19089889526367,0
2011-07-27,39.90409851074219,39.90409851074219,39.871299743652344,39.53620147705078,39.86970138549805,0
2011-07-28,39.5536003112793,39.5536003112793,39.662899017333984,38.73500061035156,38.73500061035156,0
2011-07-29,39.469398498535156,39.469398498535156,39.77090072631836,39.46929931640625,39.52859878540039,0
2011-08-01,38.551998138427734,38.551998138427734,39.76580047607422,39.365299224853516,39.6526985168457,0
2011-08-02,39.515499114990234,39.515499114990234,39.609100341796875,39.44089889526367,39.58430099487305,0
2011-08-03,39.55120086669922,39.55120086669922,39.90480041503906,38.50920104980469,38.50920104980469,0
2011-08-04,39.87929916381836,39.87929916381836,39.8921012878418,38.8036994934082,39.87929916381836,0
2011-08-05,39.822200775146484,39.822200775146484,40.236698150634766,39.8838996887207,39.9276008605957,0
2011-08-08,39.005001068115234,39.005001068115234,41.2223014831543,39.005001068115234,39.005001068115234,0
2011-08-09,41.191001892089844,41.191001892089844,42.97710037231445,41.633399963378906,41.633399963378906,0
2011-08-10,42.59659957885742,42.59659957885742,42.484798431396484,41.40330123901367,41.40330123901367,0
2011-08-11,42.387298583984375,42.387298583984375,42.22779846191406,41.611000061035156,41.61920166015625,0
2011-08-12,42.08530044555664,42.08530044555664,41.91659927368164,41.43510055541992,41.82509994506836,0
2011-08-15,40.79199981689453,40.79199981689453,41.518798828125,40.315399169921875,41.33769989013672,0
2011-08-16,40.315399169921875,40.315399169921875,41.38309860229492,40.315399169921875,40.315399169921875,0
2011-08-17,40.40299987792969,40.40299987792969,41.56460189819336,40.40299987792969,41.298301696777344,0
2011-08-18,40.422000885009766,40.422000885009766,41.88209915161133,41.64590072631836,41.65340042114258,0
2011-08-19,41.682498931884766,41.682498931884766,42.08420181274414,41.782501220703125,41.92219924926758,0
2011-08-22,40.84600067138672,40.84600067138672,42.087100982666016,41.83100128173828,42.03150177001953,0
2011-08-23,41.88990020751953,41.88990020751953,41.89080047607422,41.61750030517578,41.74530029296875,0
2011-08-24,41.88079833984375,41.88079833984375,41.80590057373047,41.61579895019531,41.64580154418945,0
2011-08-25,41.711299896240234,41.711299896240234,41.79859924316406,41.50550079345703,41.61249923706055,0
2011-08-26,41.57709884643555,41.57709884643555,41.76860046386719,41.5547981262207,41.64979934692383,0
2011-08-29,40.703399658203125,40.703399658203125,41.842201232910156,40.703399658203125,40.703399658203125,0
2011-08-30,41.77510070800781,41.77510070800781,41.905399322509766,41.66460037231445,41.78049850463867,0
2011-08-31,41.72359848022461,41.72359848022461,41.848201751708984,40.71839904785156,40.71839904785156,0
2011-09-01,41.54999923706055,41.54999923706055,41.52429962158203,41.26729965209961,41.494300842285156,0
2011-09-02,41.380699157714844,41.380699157714844,41.55540084838867,40.420501708984375,40.420501708984375,0
2011-09-05,40.45840072631836,40.45840072631836,41.64039993286133,41.302398681640625,41.32619857788086,0
2011-09-06,41.57310104370117,41.57310104370117,42.13399887084961,41.46099853515625,41.636199951171875,0
2011-09-07,41.499298095703125,41.499298095703125,41.676300048828125,40.74300003051758,40.74300003051758,0
2011-09-08,41.47019958496094,41.47019958496094,41.57659912109375,41.27619934082031,41.44900131225586,0
2011-09-09,41.29169845581055,41.29169845581055,41.31340026855469,40.95029830932617,41.29899978637695,0
2011-09-12,40.190799713134766,40.190799713134766,41.36920166015625,40.190799713134766,40.190799713134766,0
2011-09-13,41.30329895019531,41.30329895019531,41.402000427246094,41.11240005493164,41.28350067138672,0
2011-09-14,41.37990188598633,41.37990188598633,41.74409866333008,41.30110168457031,41.34830093383789,0
2011-09-15,41.71160125732422,41.71160125732422,42.196998596191406,41.71770095825195,41.71770095825195,0
2011-09-16,42.127899169921875,42.127899169921875,42.33110046386719,42.04240036010742,42.057098388671875,0
2011-09-19,42.0984992980957,42.0984992980957,42.66550064086914,41.72380065917969,41.77410125732422,0
2011-09-20,42.5890998840332,42.5890998840332,43.21220016479492,42.68989944458008,42.71120071411133,0
2011-09-21,42.92509841918945,42.92509841918945,43.152801513671875,42.929298400878906,43.07899856567383,0
2011-09-22,43.114200592041016,43.114200592041016,43.31230163574219,42.97959899902344,43.27370071411133,0
2011-09-23,43.244598388671875,43.244598388671875,43.46979904174805,43.266300201416016,43.358699798583984,0
2011-09-26,42.345001220703125,42.345001220703125,43.76499938964844,43.007999420166016,43.139400482177734,0
2011-09-27,43.72209930419922,43.72209930419922,43.702999114990234,43.09809875488281,43.702999114990234,0
2011-09-28,43.10340118408203,43.10340118408203,43.569400787353516,43.147098541259766,43.2036018371582,0
2011-09-29,43.181800842285156,43.181800842285156,43.61949920654297,43.17620086669922,43.19839859008789,0
2011-09-30,43.456298828125,43.456298828125,43.49549865722656,43.234798431396484,43.33300018310547,0
2011-10-03,43.28419876098633,43.28419876098633,43.50170135498047,42.74800109863281,42.74800109863281,0
2011-10-04,43.1953010559082,43.1953010559082,43.5255012512207,43.10200119018555,43.19770050048828,0
2011-10-05,43.50199890136719,43.50199890136719,43.62480163574219,43.26250076293945,43.3672981262207,0
2011-10-06,43.30459976196289,43.30459976196289,43.449501037597656,42.528499603271484,42.528499603271484,0
2011-10-07,43.36909866333008,43.36909866333008,43.45940017700195,43.1786003112793,43.304298400878906,0
2011-10-10,42.25130081176758,42.25130081176758,43.25579833984375,43.01639938354492,43.22169876098633,0
2011-10-11,43.117801666259766,43.117801666259766,43.06990051269531,42.800899505615234,43.04399871826172,0
2011-10-12,41.90370178222656,41.90370178222656,43.02840042114258,42.74079895019531,42.93539810180664,0
2011-10-13,42.933101654052734,42.933101654052734,43.06370162963867,42.80379867553711,42.89720153808594,0
2011-10-14,42.847999572753906,42.847999572753906,42.90380096435547,42.655601501464844,42.90380096435547,0
2011-10-17,41.68199920654297,41.68199920654297,42.80220031738281,41.68199920654297,41.68199920654297,0
2011-10-18,42.577999114990234,42.577999114990234,42.93870162963867,42.50270080566406,42.63589859008789,0
2011-10-19,42.77009963989258,42.77009963989258,42.92839813232422,42.650699615478516,42.75310134887695,0
2011-10-20,42.6702995300293,42.6702995300293,43.27280044555664,42.852699279785156,42.852699279785156,0
2011-10-21,43.20249938964844,43.20249938964844,43.20069885253906,43.00979995727539,43.080101013183594,0
2011-10-24,42.070499420166016,42.070499420166016,43.09479904174805,42.49079895019531,43.03269958496094,0
2011-10-25,42.492698669433594,42.492698669433594,42.53580093383789,42.34120178222656,42.376399993896484,0
2011-10-26,42.474300384521484,42.474300384521484,42.614601135253906,42.37860107421875,42.472999572753906,0
2011-10-27,42.46099853515625,42.46099853515625,42.708499908447266,42.256900787353516,42.67620086669922,0
2011-10-28,42.452598571777344,42.452598571777344,42.43880081176758,42.028499603271484,42.37089920043945,0
2011-10-31,41.277099609375,41.277099609375,42.342201232910156,42.10020065307617,42.18299865722656,0
2011-11-01,42.10749816894531,42.10749816894531,42.312599182128906,41.184600830078125,41.184600830078125,0
2011-11-02,42.12699890136719,42.12699890136719,42.239601135253906,42.02539825439453,42.143699645996094,0
2011-11-03,42.069698333740234,42.069698333740234,42.407798767089844,41.850799560546875,42.21780014038086,0
2011-11-04,42.12739944458008,42.12739944458008,42.247798919677734,41.82109832763672,42.0276985168457,0
2011-11-07,41.04999923706055,41.04999923706055,41.09080123901367,41.04999923706055,41.04999923706055,0
2011-11-08,41.09080123901367,41.09080123901367,40.7411994934082,40.7411994934082,40.7411994934082,0
2011-11-09,40.7411994934082,40.7411994934082,40.73979949951172,40.73979949951172,40.73979949951172,0
2011-11-10,40.73979949951172,40.73979949951172,40.46630096435547,40.46630096435547,40.46630096435547,0
2011-11-11,40.46630096435547,40.46630096435547,40.849998474121094,40.46630096435547,40.46630096435547,0
2011-11-14,40.849998474121094,40.849998474121094,40.849998474121094,40.71260070800781,40.849998474121094,0
2011-11-15,40.71260070800781,40.71260070800781,40.525001525878906,40.525001525878906,40.525001525878906,0
2011-11-16,40.525001525878906,40.525001525878906,40.505001068115234,40.505001068115234,40.505001068115234,0
2011-11-17,40.505001068115234,40.505001068115234,40.525001525878906,40.525001525878906,40.525001525878906,0
2011-11-18,40.525001525878906,40.525001525878906,40.85029983520508,40.85029983520508,40.85029983520508,0
2011-11-21,40.85029983520508,40.85029983520508,40.80270004272461,40.80270004272461,40.80270004272461,0
2011-11-22,40.80270004272461,40.80270004272461,40.93199920654297,40.93199920654297,40.93199920654297,0
2011-11-23,40.93199920654297,40.93199920654297,40.96030044555664,40.96030044555664,40.96030044555664,0
2011-11-24,40.96030044555664,40.96030044555664,41.085899353027344,41.085899353027344,41.085899353027344,0
2011-11-25,41.085899353027344,41.085899353027344,40.90639877319336,40.90639877319336,40.90639877319336,0
2011-11-28,40.90639877319336,40.90639877319336,40.90639877319336,40.90639877319336,40.90639877319336,0
2011-11-29,40.90639877319336,40.90639877319336,40.90639877319336,40.90639877319336,40.90639877319336,0
2011-11-30,40.90639877319336,40.90639877319336,40.90639877319336,40.90639877319336,40.90639877319336,0
2011-12-01,40.90639877319336,40.90639877319336,40.63999938964844,40.60150146484375,40.63999938964844,0
2011-12-02,40.60150146484375,40.60150146484375,40.60150146484375,40.520999908447266,40.60150146484375,0
2011-12-05,40.520999908447266,40.520999908447266,40.585601806640625,40.585601806640625,40.585601806640625,0
2011-12-06,40.585601806640625,40.585601806640625,40.69200134277344,40.69200134277344,40.69200134277344,0
2011-12-07,40.69200134277344,40.69200134277344,40.76250076293945,40.76250076293945,40.76250076293945,0
2011-12-08,40.76250076293945,40.76250076293945,40.94770050048828,40.94770050048828,40.94770050048828,0
2011-12-09,40.94770050048828,40.94770050048828,41.128501892089844,41.128501892089844,41.128501892089844,0
2011-12-12,41.128501892089844,41.128501892089844,41.128501892089844,40.8849983215332,41.128501892089844,0
2011-12-13,40.8849983215332,40.8849983215332,40.8849983215332,40.733001708984375,40.8849983215332,0
2011-12-14,40.733001708984375,40.733001708984375,40.32429885864258,40.32429885864258,40.32429885864258,0
2011-12-15,40.32429885864258,40.32429885864258,40.40449905395508,40.40449905395508,40.40449905395508,0
2011-12-16,40.40449905395508,40.40449905395508,40.50809860229492,40.40449905395508,40.40449905395508,0
2011-12-19,40.50809860229492,40.50809860229492,40.73699951171875,40.73699951171875,40.73699951171875,0
2011-12-20,40.73699951171875,40.73699951171875,40.97420120239258,40.97420120239258,40.97420120239258,0
2011-12-21,40.97420120239258,40.97420120239258,40.477901458740234,40.477901458740234,40.477901458740234,0
2011-12-22,40.477901458740234,40.477901458740234,40.11009979248047,40.11009979248047,40.11009979248047,0
2011-12-23,40.11009979248047,40.11009979248047,40.11009979248047,39.696998596191406,40.11009979248047,0
2011-12-26,39.696998596191406,39.696998596191406,39.696998596191406,39.696998596191406,39.696998596191406,0
2011-12-27,39.696998596191406,39.696998596191406,39.78200149536133,39.78200149536133,39.78200149536133,0
2011-12-28,39.78200149536133,39.78200149536133,40.36399841308594,40.36399841308594,40.36399841308594,0
2011-12-29,40.36399841308594,40.36399841308594,40.46839904785156,40.46839904785156,40.46839904785156,0
2011-12-30,40.46839904785156,40.46839904785156,40.686798095703125,40.686798095703125,40.686798095703125,0
2012-01-02,40.686798095703125,40.686798095703125,40.69900131225586,40.69900131225586,40.69900131225586,0
2012-01-03,40.69900131225586,40.69900131225586,40.69900131225586,40.390499114990234,40.69900131225586,0
2012-01-04,40.390499114990234,40.390499114990234,40.390499114990234,40.23699951171875,40.390499114990234,0
2012-01-05,40.23699951171875,40.23699951171875,40.23699951171875,40.152198791503906,40.23699951171875,0
2012-01-06,40.152198791503906,40.152198791503906,40.152198791503906,39.92319869995117,40.152198791503906,0
2012-01-09,39.92319869995117,39.92319869995117,39.723899841308594,39.723899841308594,39.723899841308594,0
2012-01-10,39.723899841308594,39.723899841308594,39.51340103149414,39.51340103149414,39.51340103149414,0
2012-01-11,39.51340103149414,39.51340103149414,39.36029815673828,39.36029815673828,39.36029815673828,0
2012-01-12,39.36029815673828,39.36029815673828,39.3577995300293,39.3577995300293,39.3577995300293,0
2012-01-13,39.3577995300293,39.3577995300293,39.589500427246094,39.3577995300293,39.3577995300293,0
2012-01-16,39.589500427246094,39.589500427246094,39.229801177978516,39.229801177978516,39.229801177978516,0
2012-01-17,39.229801177978516,39.229801177978516,39.2859992980957,39.2859992980957,39.2859992980957,0
2012-01-18,39.2859992980957,39.2859992980957,39.43840026855469,39.43840026855469,39.43840026855469,0
2012-01-19,39.43840026855469,39.43840026855469,39.560001373291016,39.560001373291016,39.560001373291016,0
2012-01-20,39.560001373291016,39.560001373291016,39.460201263427734,39.460201263427734,39.460201263427734,0
2012-01-23,39.460201263427734,39.460201263427734,39.460201263427734,39.299598693847656,39.460201263427734,0
2012-01-24,40.33399963378906,40.33399963378906,39.14250183105469,39.14250183105469,39.14250183105469,0
2012-01-25,39.14250183105469,39.14250183105469,38.779998779296875,38.779998779296875,38.779998779296875,0
2012-01-26,38.779998779296875,38.779998779296875,38.79999923706055,38.79999923706055,38.79999923706055,0
2012-01-27,40.50809860229492,40.50809860229492,43.75,38.804500579833984,43.75,0
2012-01-30,38.804500579833984,38.804500579833984,38.91939926147461,38.91939926147461,38.91939926147461,0
2012-01-31,38.91939926147461,38.91939926147461,39.89500045776367,38.69459915161133,38.91939926147461,0
2012-02-01,38.9193000793457,38.9193000793457,39.89500045776367,38.69459915161133,38.91939926147461,0
2012-02-02,38.9192008972168,38.9192008972168,39.71120071411133,38.784000396728516,38.9192008972168,0
2012-02-03,39.69409942626953,39.69409942626953,39.80400085449219,39.69409942626953,39.69409942626953,0
2012-02-06,38.760501861572266,38.760501861572266,39.62160110473633,39.28950119018555,39.48619842529297,0
2012-02-07,39.45690155029297,39.45690155029297,39.49089813232422,39.24919891357422,39.45690155029297,0
2012-02-08,39.435298919677734,39.435298919677734,39.573001861572266,39.35350036621094,39.435298919677734,0
2012-02-09,39.41569900512695,39.41569900512695,39.585899353027344,39.37649917602539,39.4098014831543,0
2012-02-10,39.462100982666016,39.462100982666016,39.76530075073242,39.59159851074219,39.661399841308594,0
2012-02-13,39.6510009765625,39.6510009765625,39.67789840698242,39.52939987182617,39.6510009765625,0
2012-02-14,39.42490005493164,39.42490005493164,39.62670135498047,39.4203987121582,39.43090057373047,0
2012-02-15,39.486698150634766,39.486698150634766,39.56639862060547,39.249000549316406,39.482200622558594,0
2012-02-16,39.23910140991211,39.23910140991211,39.44820022583008,39.16350173950195,39.24140167236328,0
2012-02-17,39.46099853515625,39.46099853515625,39.482398986816406,39.32360076904297,39.457000732421875,0
2012-02-20,39.38330078125,39.38330078125,39.50400161743164,39.30229949951172,39.38330078125,0
2012-02-21,39.38669967651367,39.38669967651367,39.664100646972656,39.35969924926758,39.38669967651367,0
2012-02-22,39.41999816894531,39.41999816894531,39.45869827270508,39.23789978027344,39.42430114746094,0
2012-02-23,39.38370132446289,39.38370132446289,39.5547981262207,39.31100082397461,39.37929916381836,0
2012-02-24,39.61069869995117,39.61069869995117,39.62699890136719,39.15599822998047,39.61069869995117,0
2012-02-27,39.22330093383789,39.22330093383789,39.22330093383789,38.787601470947266,39.22330093383789,0
2012-02-28,38.90439987182617,38.90439987182617,39.111000061035156,38.7843017578125,38.91310119628906,0
2012-02-29,39.03329849243164,39.03329849243164,39.164100646972656,38.81449890136719,39.02870178222656,0
2012-03-01,38.75080108642578,38.75080108642578,39.135101318359375,38.705101013183594,38.75809860229492,0
2012-03-02,38.91210174560547,38.91210174560547,38.985599517822266,38.58489990234375,38.923301696777344,0
2012-03-05,38.712398529052734,38.712398529052734,38.82310104370117,38.60430145263672,38.67070007324219,0
2012-03-06,38.807701110839844,38.807701110839844,38.96269989013672,38.74330139160156,38.797298431396484,0
2012-03-07,38.852298736572266,38.852298736572266,39.092201232910156,38.852298736572266,38.852298736572266,0
2012-03-08,38.944801330566406,38.944801330566406,39.225399017333984,38.898101806640625,38.944801330566406,0
2012-03-09,38.96099853515625,38.96099853515625,38.96160125732422,38.54890060424805,38.95819854736328,0
2012-03-12,38.609100341796875,38.609100341796875,38.951499938964844,38.71269989013672,38.8931999206543,0
2012-03-13,38.9119987487793,38.9119987487793,38.95370101928711,38.547000885009766,38.92380142211914,0
2012-03-14,38.542701721191406,38.542701721191406,38.5718994140625,38.4197998046875,38.537899017333984,0
2012-03-15,38.47909927368164,38.47909927368164,38.63800048828125,38.332698822021484,38.47600173950195,0
2012-03-16,38.398101806640625,38.398101806640625,38.61050033569336,38.32780075073242,38.39739990234375,0
2012-03-19,38.51279830932617,38.51279830932617,38.665401458740234,38.426300048828125,38.51279830932617,0
2012-03-20,38.54249954223633,38.54249954223633,38.729801177978516,38.52519989013672,38.5432014465332,0
2012-03-21,38.7052001953125,38.7052001953125,38.785099029541016,38.5989990234375,38.71110153198242,0
2012-03-22,38.66270065307617,38.66270065307617,38.88479995727539,38.60960006713867,38.66999816894531,0
2012-03-23,38.84489822387695,38.84489822387695,38.95320129394531,38.782901763916016,38.84349822998047,0
2012-03-26,37.84000015258789,37.84000015258789,38.862998962402344,38.443199157714844,38.862998962402344,0
2012-03-27,38.66529846191406,38.66529846191406,38.735198974609375,38.52360153198242,38.661800384521484,0
2012-03-28,38.715301513671875,38.715301513671875,39.09080123901367,38.70109939575195,38.72090148925781,0
2012-03-29,39.12099838256836,39.12099838256836,39.197200775146484,38.94179916381836,39.12540054321289,0
2012-03-30,39.22010040283203,39.22010040283203,39.34450149536133,39.10200119018555,39.224300384521484,0
2012-04-02,39.114601135253906,39.114601135253906,39.26350021362305,39.01089859008789,39.25,0
2012-04-03,39.03310012817383,39.03310012817383,39.13119888305664,38.825599670410156,39.02790069580078,0
2012-04-04,38.6609992980957,38.6609992980957,38.900699615478516,38.62409973144531,38.6609992980957,0
2012-04-05,38.71310043334961,38.71310043334961,38.75490188598633,38.467899322509766,38.710899353027344,0
2012-04-06,38.499000549316406,38.499000549316406,38.499000549316406,38.499000549316406,38.499000549316406,0
2012-04-09,38.49879837036133,38.49879837036133,38.49879837036133,38.49879837036133,38.49879837036133,0
2012-04-10,38.49879837036133,38.49879837036133,38.949798583984375,38.49879837036133,38.49879837036133,0
2012-04-11,38.98460006713867,38.98460006713867,39.17470169067383,38.84450149536133,38.98099899291992,0
2012-04-12,38.88249969482422,38.88249969482422,38.92380142211914,38.69430160522461,38.88249969482422,0
2012-04-13,38.7848014831543,38.7848014831543,38.87689971923828,38.6619987487793,38.78390121459961,0
2012-04-16,38.694400787353516,38.694400787353516,38.78099822998047,38.56330108642578,38.694400787353516,0
2012-04-17,38.86180114746094,38.86180114746094,38.941200256347656,38.693599700927734,38.867698669433594,0
2012-04-18,38.729801177978516,38.729801177978516,38.7400016784668,38.60530090332031,38.729801177978516,0
2012-04-19,38.7307014465332,38.7307014465332,38.82899856567383,38.627899169921875,38.72869873046875,0
2012-04-20,38.77640151977539,38.77640151977539,38.941001892089844,38.75410079956055,38.78010177612305,0
2012-04-23,38.911800384521484,38.911800384521484,38.89509963989258,38.759498596191406,38.86759948730469,0
2012-04-24,38.820098876953125,38.820098876953125,38.855899810791016,38.640899658203125,38.81880187988281,0
2012-04-25,38.72480010986328,38.72480010986328,38.804901123046875,38.61589813232422,38.72480010986328,0
2012-04-26,38.77619934082031,38.77619934082031,38.84049987792969,38.6786003112793,38.77619934082031,0
2012-04-27,38.72710037231445,38.72710037231445,38.942100524902344,38.71289825439453,38.7327995300293,0
2012-04-30,38.83649826049805,38.83649826049805,38.97330093383789,37.87699890136719,38.83649826049805,0
2012-05-01,38.73899841308594,38.73899841308594,38.87950134277344,38.73899841308594,38.73899841308594,0
2012-05-02,38.73899841308594,38.73899841308594,38.87950134277344,38.67770004272461,38.73899841308594,0
2012-05-03,38.73899841308594,38.73899841308594,38.83470153808594,38.6609001159668,38.675899505615234,0
2012-05-04,38.73899841308594,38.73899841308594,39.03120040893555,38.73899841308594,38.73899841308594,0
2012-05-07,38.73899841308594,38.73899841308594,39.235198974609375,38.719200134277344,38.73899841308594,0
2012-05-08,39.190799713134766,39.190799713134766,39.252899169921875,39.006900787353516,39.190799713134766,0
2012-05-09,39.112300872802734,39.112300872802734,39.35749816894531,39.112300872802734,39.112300872802734,0
2012-05-10,39.305999755859375,39.305999755859375,39.3213005065918,38.97779846191406,39.305999755859375,0
2012-05-11,39.020198822021484,39.020198822021484,39.0629997253418,38.94670104980469,39.020198822021484,0
2012-05-14,39.009498596191406,39.009498596191406,39.08250045776367,38.85940170288086,39.009498596191406,0
2012-05-15,38.983699798583984,38.983699798583984,39.089298248291016,38.940101623535156,39.02399826049805,0
2012-05-16,39.089298248291016,39.089298248291016,39.438899993896484,39.04880142211914,39.089298248291016,0
2012-05-17,39.4541015625,39.4541015625,39.59130096435547,39.300498962402344,39.45560073852539,0
2012-05-18,39.424800872802734,39.424800872802734,39.817100524902344,39.39899826049805,39.424800872802734,0
2012-05-21,39.710201263427734,39.710201263427734,39.8739013671875,39.710201263427734,39.710201263427734,0
2012-05-22,39.77669906616211,39.77669906616211,39.87620162963867,39.63199996948242,39.77669906616211,0
2012-05-23,39.71730041503906,39.71730041503906,39.99039840698242,39.55270004272461,39.71730041503906,0
2012-05-24,39.878700256347656,39.878700256347656,40.00320053100586,39.705101013183594,39.878700256347656,0
2012-05-25,39.85329818725586,39.85329818725586,40.17570114135742,39.799800872802734,39.85649871826172,0
2012-05-28,40.054901123046875,40.054901123046875,40.054901123046875,40.054901123046875,40.054901123046875,0
2012-05-29,40.054901123046875,40.054901123046875,40.33300018310547,40.054901123046875,40.054901123046875,0
2012-05-30,40.054901123046875,40.054901123046875,40.6713981628418,40.054901123046875,40.054901123046875,0
2012-05-31,40.054901123046875,40.054901123046875,41.61320114135742,40.054901123046875,40.054901123046875,0
2012-06-01,41.470699310302734,41.470699310302734,42.15340042114258,41.210201263427734,41.470699310302734,0
2012-06-04,41.62779998779297,41.62779998779297,42.1515998840332,41.62779998779297,41.62779998779297,0
2012-06-05,41.87910079956055,41.87910079956055,41.87910079956055,41.15079879760742,41.87910079956055,0
2012-06-06,41.31129837036133,41.31129837036133,41.37900161743164,40.48429870605469,41.31129837036133,0
2012-06-07,40.551998138427734,40.551998138427734,40.7505989074707,40.36259841918945,40.551998138427734,0
2012-06-08,40.55030059814453,40.55030059814453,40.82350158691406,40.437599182128906,40.55030059814453,0
2012-06-11,40.72700119018555,40.72700119018555,40.96879959106445,40.32899856567383,40.72700119018555,0
2012-06-12,40.93040084838867,40.93040084838867,41.2494010925293,40.90700149536133,40.93040084838867,0
2012-06-13,41.284400939941406,41.284400939941406,41.284400939941406,40.69309997558594,41.097999572753906,0
2012-06-14,40.82740020751953,40.82740020751953,41.07440185546875,40.76089859008789,40.78519821166992,0
2012-06-15,41.06449890136719,41.06449890136719,41.06449890136719,40.815799713134766,41.06449890136719,0
2012-06-18,41.00279998779297,41.00279998779297,41.11800003051758,40.887699127197266,41.00279998779297,0
2012-06-19,41.05580139160156,41.05580139160156,41.333900451660156,40.834999084472656,41.05580139160156,0
2012-06-20,41.01150131225586,41.01150131225586,41.38639831542969,40.977500915527344,41.078399658203125,0
2012-06-21,41.302799224853516,41.302799224853516,41.73059844970703,41.257598876953125,41.302799224853516,0
2012-06-22,41.572601318359375,41.572601318359375,42.01139831542969,41.572601318359375,41.572601318359375,0
2012-06-25,41.66600036621094,41.66600036621094,41.746299743652344,41.394901275634766,41.746299743652344,0
2012-06-26,41.569698333740234,41.569698333740234,41.61840057373047,41.007999420166016,41.55350112915039,0
2012-06-27,41.0536003112793,41.0536003112793,41.20790100097656,40.950599670410156,41.0536003112793,0
2012-06-28,41.09469985961914,41.09469985961914,41.269500732421875,41.09170150756836,41.09469985961914,0
2012-06-29,41.17110061645508,41.17110061645508,41.72249984741211,41.06919860839844,41.17110061645508,0
2012-07-02,41.116798400878906,41.116798400878906,41.24449920654297,40.87810134887695,41.116798400878906,0
2012-07-03,40.98429870605469,40.98429870605469,41.035099029541016,40.46989822387695,40.99610137939453,0
2012-07-04,40.509700775146484,40.509700775146484,40.627498626708984,40.443199157714844,40.509700775146484,0
2012-07-05,40.486900329589844,40.486900329589844,40.75669860839844,40.26070022583008,40.475399017333984,0
2012-07-06,40.284400939941406,40.284400939941406,40.47809982299805,40.261199951171875,40.295101165771484,0
2012-07-09,40.39339828491211,40.39339828491211,40.582698822021484,40.29800033569336,40.39339828491211,0
2012-07-10,40.514198303222656,40.514198303222656,40.63399887084961,40.22669982910156,40.514198303222656,0
2012-07-11,40.310298919677734,40.310298919677734,40.347599029541016,40.05400085449219,40.310298919677734,0
2012-07-12,40.051700592041016,40.051700592041016,40.078800201416016,39.78329849243164,40.07830047607422,0
2012-07-13,39.91780090332031,39.91780090332031,40.000701904296875,39.78779983520508,39.90629959106445,0
2012-07-16,39.924198150634766,39.924198150634766,39.966800689697266,39.77109909057617,39.924198150634766,0
2012-07-17,39.88859939575195,39.88859939575195,40.035499572753906,39.694801330566406,39.88859939575195,0
2012-07-18,39.71839904785156,39.71839904785156,39.84469985961914,39.543399810791016,39.71839904785156,0
2012-07-19,39.59230041503906,39.59230041503906,39.64080047607422,39.1067008972168,39.575401306152344,0
2012-07-20,39.20539855957031,39.20539855957031,39.20539855957031,38.944400787353516,39.20539855957031,0
2012-07-23,38.952999114990234,38.952999114990234,39.680198669433594,38.868900299072266,38.952999114990234,0
2012-07-24,39.61009979248047,39.61009979248047,39.73500061035156,39.480201721191406,39.61009979248047,0
2012-07-25,39.57040023803711,39.57040023803711,39.90719985961914,39.57040023803711,39.57040023803711,0
2012-07-26,39.67919921875,39.67919921875,39.804298400878906,39.522098541259766,39.67919921875,0
2012-07-27,39.694400787353516,39.694400787353516,39.77539825439453,39.54209899902344,39.694400787353516,0
2012-07-30,39.64540100097656,39.64540100097656,39.64540100097656,39.29240036010742,39.64540100097656,0
2012-07-31,39.3931999206543,39.3931999206543,39.6411018371582,39.3931999206543,39.3931999206543,0
2012-08-01,39.59379959106445,39.59379959106445,39.79029846191406,39.59379959106445,39.59379959106445,0
2012-08-02,39.59379959106445,39.59379959106445,39.910499572753906,39.5348014831543,39.59379959106445,0
2012-08-03,39.555198669433594,39.555198669433594,39.719200134277344,39.43880081176758,39.555198669433594,0
2012-08-06,39.4463005065918,39.4463005065918,39.61690139770508,39.11360168457031,39.4463005065918,0
2012-08-07,39.188201904296875,39.188201904296875,39.33219909667969,39.08829879760742,39.188201904296875,0
2012-08-08,39.18370056152344,39.18370056152344,39.32659912109375,38.96780014038086,39.18370056152344,0
2012-08-09,38.982200622558594,38.982200622558594,39.13819885253906,38.8838996887207,38.982200622558594,0
2012-08-10,38.987701416015625,38.987701416015625,39.19499969482422,38.93730163574219,38.987701416015625,0
2012-08-13,39.168701171875,39.168701171875,39.33060073852539,39.04249954223633,39.168701171875,0
2012-08-14,39.30670166015625,39.30670166015625,39.352298736572266,39.169700622558594,39.30670166015625,0
2012-08-15,39.22269821166992,39.22269821166992,39.342498779296875,39.138301849365234,39.22269821166992,0
2012-08-16,39.159000396728516,39.159000396728516,39.46689987182617,39.10329818725586,39.159000396728516,0
2012-08-17,39.40549850463867,39.40549850463867,39.48500061035156,39.34199905395508,39.40549850463867,0
2012-08-20,39.44179916381836,39.44179916381836,39.63199996948242,39.44179916381836,39.51839828491211,0
2012-08-21,39.56340026855469,39.56340026855469,39.60810089111328,38.512699127197266,39.56340026855469,0
2012-08-22,39.62189865112305,39.62189865112305,39.76169967651367,39.5531005859375,39.62160110473633,0
2012-08-23,39.70840072631836,39.70840072631836,39.90060043334961,39.70840072631836,39.70840072631836,0
2012-08-24,39.877601623535156,39.877601623535156,39.94139862060547,39.7760009765625,39.877601623535156,0
2012-08-27,39.783199310302734,39.783199310302734,39.930301666259766,39.749900817871094,39.7682991027832,0
2012-08-28,39.860599517822266,39.860599517822266,40.28300094604492,39.7505989074707,39.867000579833984,0
2012-08-29,40.22600173950195,40.22600173950195,40.44879913330078,40.13890075683594,40.22600173950195,0
2012-08-30,40.250099182128906,40.250099182128906,40.754798889160156,40.250099182128906,40.250099182128906,0
2012-08-31,40.69839859008789,40.69839859008789,40.873600006103516,40.608001708984375,40.69839859008789,0
2012-09-03,40.67319869995117,40.67319869995117,40.784698486328125,40.493900299072266,40.67319869995117,0
2012-09-04,40.61690139770508,40.61690139770508,40.69620132446289,40.412601470947266,40.61690139770508,0
2012-09-05,40.5817985534668,40.5817985534668,40.779598236083984,40.50579833984375,40.52519989013672,0
2012-09-06,40.68190002441406,40.68190002441406,40.72359848022461,40.35240173339844,40.68190002441406,0
2012-09-07,40.360801696777344,40.360801696777344,40.60219955444336,40.327598571777344,40.35369873046875,0
2012-09-10,40.52410125732422,40.52410125732422,40.62929916381836,40.46549987792969,40.52410125732422,0
2012-09-11,40.62929916381836,40.62929916381836,40.83409881591797,40.410400390625,40.62929916381836,0
2012-09-12,40.734798431396484,40.734798431396484,40.74129867553711,40.37699890136719,40.734798431396484,0
2012-09-13,40.71379852294922,40.71379852294922,40.72880172729492,40.39580154418945,40.71379852294922,0
2012-09-14,40.3588981628418,40.3588981628418,40.46580123901367,39.940101623535156,40.36199951171875,0
2012-09-17,39.98749923706055,39.98749923706055,40.35639953613281,39.97010040283203,39.98680114746094,0
2012-09-18,40.16320037841797,40.16320037841797,40.55839920043945,40.149200439453125,40.307899475097656,0
2012-09-19,40.535301208496094,40.535301208496094,40.81769943237305,40.293800354003906,40.535301208496094,0
2012-09-20,40.735801696777344,40.735801696777344,41.08369827270508,40.4723014831543,40.55950164794922,0
2012-09-21,40.63240051269531,40.63240051269531,40.68939971923828,40.211700439453125,40.63240051269531,0
2012-09-24,40.2406005859375,40.2406005859375,40.510501861572266,39.85409927368164,40.23970031738281,0
2012-09-25,40.278099060058594,40.278099060058594,40.416099548339844,40.02009963989258,40.282501220703125,0
2012-09-26,40.247798919677734,40.247798919677734,40.368900299072266,40.106300354003906,40.247798919677734,0
2012-09-27,40.32400131225586,40.32400131225586,40.35350036621094,39.91299819946289,40.338401794433594,0
2012-09-28,40.010398864746094,40.010398864746094,40.424598693847656,39.929298400878906,40.010398864746094,0
2012-10-01,39.94710159301758,39.94710159301758,40.39540100097656,39.85409927368164,39.94150161743164,0
2012-10-02,40.200801849365234,40.200801849365234,40.414398193359375,40.07120132446289,40.1953010559082,0
2012-10-03,40.220699310302734,40.220699310302734,40.417598724365234,40.11690139770508,40.220699310302734,0
2012-10-04,40.236000061035156,40.236000061035156,40.50040054321289,40.217498779296875,40.23440170288086,0
2012-10-05,40.29650115966797,40.29650115966797,40.53369903564453,40.17649841308594,40.30189895629883,0
2012-10-08,40.36389923095703,40.36389923095703,40.59239959716797,40.292598724365234,40.363800048828125,0
2012-10-09,40.44449996948242,40.44449996948242,40.55569839477539,40.1609001159668,40.44459915161133,0
2012-10-10,40.082801818847656,40.082801818847656,40.342498779296875,40.031898498535156,40.0797004699707,0
2012-10-11,40.07170104980469,40.07170104980469,40.26729965209961,39.991600036621094,40.05649948120117,0
2012-10-12,40.135101318359375,40.135101318359375,40.40340042114258,40.03450012207031,40.13199996948242,0
2012-10-15,40.28839874267578,40.28839874267578,40.370201110839844,40.111698150634766,40.28839874267578,0
2012-10-16,40.17319869995117,40.17319869995117,40.41630172729492,40.135501861572266,40.17319869995117,0
2012-10-17,40.41019821166992,40.41019821166992,40.55270004272461,40.269100189208984,40.40250015258789,0
2012-10-18,40.33489990234375,40.33489990234375,40.55139923095703,40.230201721191406,40.32720184326172,0
2012-10-19,40.24480056762695,40.24480056762695,40.45280075073242,40.15520095825195,40.24480056762695,0
2012-10-22,40.23160171508789,40.23160171508789,40.65739822387695,40.24679946899414,40.25320053100586,0
2012-10-23,40.63970184326172,40.63970184326172,40.845401763916016,40.549800872802734,40.63349914550781,0
2012-10-24,40.733001708984375,40.733001708984375,40.972999572753906,40.55160140991211,40.7322998046875,0
2012-10-25,40.74420166015625,40.74420166015625,40.81800079345703,40.53960037231445,40.7422981262207,0
2012-10-26,40.565399169921875,40.565399169921875,40.91809844970703,40.50630187988281,40.554298400878906,0
2012-10-29,40.63130187988281,40.63130187988281,40.82059860229492,40.55970001220703,40.57160186767578,0
2012-10-30,40.628700256347656,40.628700256347656,40.829498291015625,40.60260009765625,40.628700256347656,0
2012-10-31,40.66889953613281,40.66889953613281,40.919898986816406,40.5724983215332,40.66889953613281,0
2012-11-01,40.640201568603516,40.640201568603516,40.85390090942383,40.49509811401367,40.63850021362305,0
2012-11-02,40.49359893798828,40.49359893798828,40.72100067138672,40.2338981628418,40.495201110839844,0
2012-11-05,40.40380096435547,40.40380096435547,40.58359909057617,40.326900482177734,40.34469985961914,0
2012-11-06,40.44609832763672,40.44609832763672,40.45100021362305,40.2151985168457,40.42850112915039,0
2012-11-07,40.21689987182617,40.21689987182617,40.32780075073242,40.06850051879883,40.21220016479492,0
2012-11-08,40.2671012878418,40.2671012878418,40.31949996948242,40.14680099487305,40.260799407958984,0
2012-11-09,40.18470001220703,40.18470001220703,40.25630187988281,40.072200775146484,40.18000030517578,0
2012-11-12,39.099998474121094,39.099998474121094,40.247100830078125,40.13529968261719,40.15019989013672,0
2012-11-13,40.247501373291016,40.247501373291016,40.38159942626953,40.093299865722656,40.24589920043945,0
2012-11-14,40.347801208496094,40.347801208496094,40.40489959716797,40.25170135498047,40.355499267578125,0
2012-11-15,40.36750030517578,40.36750030517578,40.50419998168945,40.313499450683594,40.36750030517578,0
2012-11-16,40.480201721191406,40.480201721191406,40.515899658203125,40.343101501464844,40.4723014831543,0
2012-11-19,40.40449905395508,40.40449905395508,40.441001892089844,40.17890167236328,40.40449905395508,0
2012-11-20,40.1265983581543,40.1265983581543,40.27130126953125,40.0536003112793,40.118099212646484,0
2012-11-21,40.11899948120117,40.11899948120117,40.19369888305664,39.878700256347656,40.09809875488281,0
2012-11-22,40.07590103149414,40.07590103149414,40.1797981262207,39.97169876098633,40.07149887084961,0
2012-11-23,40.135799407958984,40.135799407958984,40.261199951171875,40.0906982421875,40.135799407958984,0
2012-11-26,40.288299560546875,40.288299560546875,40.24919891357422,40.1338996887207,40.22460174560547,0
2012-11-27,40.26559829711914,40.26559829711914,40.327598571777344,40.09519958496094,40.268699645996094,0
2012-11-28,40.16310119628906,40.16310119628906,40.24549865722656,40.119598388671875,40.16310119628906,0
2012-11-29,40.23640060424805,40.23640060424805,40.25310134887695,40.01750183105469,40.230899810791016,0
2012-11-30,40.07849884033203,40.07849884033203,40.18239974975586,40.02370071411133,40.059200286865234,0
2012-12-03,40.07699966430664,40.07699966430664,40.37179946899414,40.08470153808594,40.08470153808594,0
2012-12-04,40.34370040893555,40.34370040893555,40.507598876953125,40.28810119628906,40.342098236083984,0
2012-12-05,40.38890075683594,40.38890075683594,40.43980026245117,40.21730041503906,40.38890075683594,0
2012-12-06,40.2411994934082,40.2411994934082,40.403099060058594,40.14630126953125,40.256500244140625,0
2012-12-07,40.14799880981445,40.14799880981445,40.206298828125,39.7776985168457,40.15570068359375,0
2012-12-10,39.84299850463867,39.84299850463867,39.981998443603516,39.695499420166016,39.802398681640625,0
2012-12-11,39.83570098876953,39.83570098876953,39.9098014831543,39.65230178833008,39.818599700927734,0
2012-12-12,39.94110107421875,39.94110107421875,39.987098693847656,39.838401794433594,39.94660186767578,0
2012-12-13,39.919700622558594,39.919700622558594,40.15620040893555,39.88520050048828,39.92359924316406,0
2012-12-14,40.23270034790039,40.23270034790039,40.296199798583984,40.087501525878906,40.208900451660156,0
2012-12-17,40.41669845581055,40.41669845581055,40.81869888305664,40.370201110839844,40.4536018371582,0
2012-12-18,40.7765998840332,40.7765998840332,40.825199127197266,40.62009811401367,40.770198822021484,0
2012-12-19,40.66239929199219,40.66239929199219,40.84429931640625,40.61249923706055,40.66239929199219,0
2012-12-20,40.650001525878906,40.650001525878906,40.77870178222656,40.594398498535156,40.653099060058594,0
2012-12-21,40.62409973144531,40.62409973144531,40.66320037841797,40.47669982910156,40.62770080566406,0
2012-12-24,40.64699935913086,40.64699935913086,40.67070007324219,40.40169906616211,40.627899169921875,0
2012-12-25,40.38100051879883,40.38100051879883,40.501399993896484,40.09349822998047,40.37799835205078,0
2012-12-26,40.45539855957031,40.45539855957031,40.48910140991211,40.29249954223633,40.459999084472656,0
2012-12-27,40.447200775146484,40.447200775146484,40.47549819946289,40.11940002441406,40.45280075073242,0
2012-12-28,40.16699981689453,40.16699981689453,40.26250076293945,40.057701110839844,40.16699981689453,0
2012-12-31,40.133201599121094,40.133201599121094,40.43629837036133,40.015499114990234,40.13249969482422,0
2013-01-01,40.32780075073242,40.32780075073242,40.433799743652344,40.32780075073242,40.32780075073242,0
2013-01-02,40.36650085449219,40.36650085449219,40.67399978637695,39.940399169921875,40.369598388671875,0
2013-01-03,39.77669906616211,39.77669906616211,39.793800354003906,39.61410140991211,39.779998779296875,0
2013-01-04,39.422401428222656,39.422401428222656,39.7578010559082,39.414398193359375,39.43000030517578,0
2013-01-07,39.631500244140625,39.631500244140625,39.754600524902344,39.50790023803711,39.59469985961914,0
2013-01-08,39.8390007019043,39.8390007019043,39.8828010559082,39.56779861450195,39.83599853515625,0
2013-01-09,39.64099884033203,39.64099884033203,39.766300201416016,39.604801177978516,39.645999908447266,0
2013-01-10,39.649898529052734,39.649898529052734,39.86920166015625,39.542198181152344,39.65520095825195,0
2013-01-11,40.05189895629883,40.05189895629883,40.420501708984375,39.89189910888672,40.049598693847656,0
2013-01-14,39.17499923706055,39.17499923706055,40.62070083618164,40.319698333740234,40.47740173339844,0
2013-01-15,40.43989944458008,40.43989944458008,40.46689987182617,40.28150177001953,40.44300079345703,0
2013-01-16,40.33219909667969,40.33219909667969,40.402099609375,40.25640106201172,40.365699768066406,0
2013-01-17,40.33219909667969,40.33219909667969,40.47629928588867,40.267601013183594,40.33250045776367,0
2013-01-18,40.35319900512695,40.35319900512695,40.46269989013672,40.257301330566406,40.35639953613281,0
2013-01-21,39.39059829711914,39.39059829711914,40.36199951171875,40.24409866333008,40.28609848022461,0
2013-01-22,40.28070068359375,40.28070068359375,40.40679931640625,40.1531982421875,40.27370071411133,0
2013-01-23,40.250999450683594,40.250999450683594,40.3025016784668,40.12910079956055,40.265201568603516,0
2013-01-24,40.15370178222656,40.15370178222656,40.25529861450195,40.08409881591797,40.15370178222656,0
2013-01-25,40.201698303222656,40.201698303222656,40.47610092163086,40.13759994506836,40.197200775146484,0
2013-01-28,40.41239929199219,40.41239929199219,40.555999755859375,40.3755989074707,40.418399810791016,0
2013-01-29,40.585899353027344,40.585899353027344,40.62519836425781,40.4370002746582,40.585899353027344,0
2013-01-30,40.5171012878418,40.5171012878418,40.76860046386719,40.4640007019043,40.51599884033203,0
2013-01-31,40.769500732421875,40.769500732421875,40.79840087890625,40.6614990234375,40.770999908447266,0
2013-02-01,40.85179901123047,40.85179901123047,40.91899871826172,40.6859016418457,40.856300354003906,0
2013-02-04,40.75579833984375,40.75579833984375,40.792598724365234,39.88249969482422,40.72819900512695,0
2013-02-05,40.63909912109375,40.63909912109375,40.7130012512207,40.52579879760742,40.63909912109375,0
2013-02-06,40.70479965209961,40.70479965209961,40.730098724365234,40.517799377441406,40.70479965209961,0
2013-02-07,40.71160125732422,40.71160125732422,40.72930145263672,40.435699462890625,40.70709991455078,0
2013-02-08,40.484798431396484,40.484798431396484,40.55120086669922,40.285099029541016,40.46969985961914,0
2013-02-11,40.31719970703125,40.31719970703125,40.42179870605469,40.29090118408203,40.30580139160156,0
2013-02-12,40.4202995300293,40.4202995300293,40.492698669433594,40.303199768066406,40.41579818725586,0
2013-02-13,40.40409851074219,40.40409851074219,40.546199798583984,40.362701416015625,40.401100158691406,0
2013-02-14,40.42409896850586,40.42409896850586,40.46149826049805,40.134300231933594,40.42559814453125,0
2013-02-15,40.22669982910156,40.22669982910156,40.30500030517578,40.10850143432617,40.221900939941406,0
2013-02-18,40.23809814453125,40.23809814453125,40.23830032348633,39.1974983215332,40.14569854736328,0
2013-02-19,40.212501525878906,40.212501525878906,40.24319839477539,40.15290069580078,40.21849822998047,0
2013-02-20,40.27859878540039,40.27859878540039,40.38199996948242,40.19430160522461,40.275299072265625,0
2013-02-21,40.165401458740234,40.165401458740234,40.224700927734375,39.96689987182617,40.165401458740234,0
2013-02-22,40.19559860229492,40.19559860229492,40.27330017089844,39.99869918823242,40.1879997253418,0
2013-02-25,40.08399963378906,40.08399963378906,40.26169967651367,40.00830078125,40.142601013183594,0
2013-02-26,39.82429885864258,39.82429885864258,40.11800003051758,39.818199157714844,39.818199157714844,0
2013-02-27,39.996498107910156,39.996498107910156,40.0796012878418,39.922698974609375,40.005699157714844,0
2013-02-28,40.14659881591797,40.14659881591797,40.1598014831543,40.006900787353516,40.14099884033203,0
2013-03-01,40.04309844970703,40.04309844970703,40.09479904174805,39.872100830078125,40.040000915527344,0
2013-03-04,39.96879959106445,39.96879959106445,40.05759811401367,39.909000396728516,39.93040084838867,0
2013-03-05,40.06909942626953,40.06909942626953,40.0906982421875,39.9567985534668,40.07360076904297,0
2013-03-06,39.95439910888672,39.95439910888672,40.049598693847656,39.927799224853516,39.95439910888672,0
2013-03-07,39.95709991455078,39.95709991455078,40.20600128173828,39.92839813232422,39.96039962768555,0
2013-03-08,40.268699645996094,40.268699645996094,40.30139923095703,39.90530014038086,40.26250076293945,0
2013-03-11,40.04520034790039,40.04520034790039,40.04560089111328,39.939998626708984,39.939998626708984,0
2013-03-12,40.022701263427734,40.022701263427734,40.11009979248047,39.949501037597656,40.02090072631836,0
2013-03-13,40.029701232910156,40.029701232910156,40.06399917602539,39.774200439453125,40.02130126953125,0
2013-03-14,39.9119987487793,39.9119987487793,39.96910095214844,39.76449966430664,39.91510009765625,0
2013-03-15,39.99470138549805,39.99470138549805,40.11989974975586,39.94329833984375,40.003299713134766,0
2013-03-18,40.05009841918945,40.05009841918945,39.96760177612305,39.44430160522461,39.48160171508789,0
2013-03-19,39.89469909667969,39.89469909667969,39.95280075073242,39.84299850463867,39.894798278808594,0
2013-03-20,39.89099884033203,39.89099884033203,39.98350143432617,39.807098388671875,39.89099884033203,0
2013-03-21,39.929298400878906,39.929298400878906,40.019901275634766,39.86040115356445,39.93429946899414,0
2013-03-22,39.94070053100586,39.94070053100586,40.10940170288086,39.850399017333984,39.93280029296875,0
2013-03-25,40.06290054321289,40.06290054321289,40.082298278808594,39.73849868774414,40.06290054321289,0
2013-03-26,39.785499572753906,39.785499572753906,39.819400787353516,39.65169906616211,39.780799865722656,0
2013-03-27,39.72269821166992,39.72269821166992,39.74599838256836,39.505699157714844,39.725799560546875,0
2013-03-28,39.683998107910156,39.683998107910156,39.8656005859375,39.63059997558594,39.67470169067383,0
2013-03-29,39.740501403808594,39.740501403808594,39.829898834228516,39.67100143432617,39.72719955444336,0
2013-04-01,39.779598236083984,39.779598236083984,39.98809814453125,39.625999450683594,39.78049850463867,0
2013-04-02,39.93560028076172,39.93560028076172,40.17649841308594,39.85449981689453,39.93519973754883,0
2013-04-03,40.15420150756836,40.15420150756836,40.599700927734375,39.85919952392578,40.15420150756836,0
2013-04-04,40.69150161743164,40.69150161743164,40.76369857788086,40.44779968261719,40.69620132446289,0
2013-04-05,40.87350082397461,40.87350082397461,41.23509979248047,40.77069854736328,40.87889862060547,0
2013-04-08,40.86050033569336,40.86050033569336,41.10309982299805,40.629600524902344,40.86259841918945,0
2013-04-09,40.65959930419922,40.65959930419922,40.707298278808594,40.48870086669922,40.65959930419922,0
2013-04-10,40.67060089111328,40.67060089111328,40.67060089111328,40.28419876098633,40.67060089111328,0
2013-04-11,40.36280059814453,40.36280059814453,40.45439910888672,40.293701171875,40.36280059814453,0
2013-04-12,40.43239974975586,40.43239974975586,40.63690185546875,40.40869903564453,40.43239974975586,0
2013-04-15,40.682701110839844,40.682701110839844,41.077999114990234,40.589900970458984,40.665401458740234,0
2013-04-16,41.14659881591797,41.14659881591797,41.217098236083984,40.99689865112305,41.14350128173828,0
2013-04-17,41.0260009765625,41.0260009765625,41.368499755859375,41.0260009765625,41.0260009765625,0
2013-04-18,41.3047981262207,41.3047981262207,41.55160140991211,41.17300033569336,41.3047981262207,0
2013-04-19,41.36629867553711,41.36629867553711,41.36629867553711,41.2234992980957,41.36629867553711,0
2013-04-22,41.31669998168945,41.31669998168945,41.36050033569336,41.053199768066406,41.053199768066406,0
2013-04-23,41.25830078125,41.25830078125,41.332401275634766,41.13600158691406,41.25830078125,0
2013-04-24,41.18429946899414,41.18429946899414,41.18429946899414,40.89250183105469,41.18429946899414,0
2013-04-25,40.96030044555664,40.96030044555664,41.00910186767578,40.46609878540039,40.96030044555664,0
2013-04-26,40.490699768066406,40.490699768066406,40.778099060058594,40.490699768066406,40.490699768066406,0
2013-04-29,40.80009841918945,40.80009841918945,40.8827018737793,40.497501373291016,40.812801361083984,0
2013-04-30,40.68470001220703,40.68470001220703,40.866798400878906,40.492801666259766,40.68470001220703,0
2013-05-01,40.83060073852539,40.83060073852539,41.23680114746094,40.83060073852539,40.83060073852539,0
2013-05-02,40.99140167236328,40.99140167236328,41.23109817504883,40.910400390625,40.99140167236328,0
2013-05-03,41.067298889160156,41.067298889160156,41.067298889160156,40.512298583984375,41.067298889160156,0
2013-05-06,40.780799865722656,40.780799865722656,40.811798095703125,40.57849884033203,40.75450134277344,0
2013-05-07,40.59230041503906,40.59230041503906,40.701499938964844,40.59230041503906,40.59230041503906,0
2013-05-08,40.622398376464844,40.622398376464844,40.97600173950195,40.622398376464844,40.622398376464844,0
2013-05-09,40.919700622558594,40.919700622558594,41.00790023803711,40.685298919677734,40.919700622558594,0
2013-05-10,40.71979904174805,40.71979904174805,40.77750015258789,40.62779998779297,40.71979904174805,0
2013-05-13,40.731998443603516,40.731998443603516,40.809898376464844,39.68239974975586,39.68239974975586,0
2013-05-14,40.703399658203125,40.703399658203125,40.75809860229492,40.584999084472656,40.703399658203125,0
2013-05-15,40.62699890136719,40.62699890136719,40.62699890136719,40.47079849243164,40.62699890136719,0
2013-05-16,40.47740173339844,40.47740173339844,40.56560134887695,40.359798431396484,40.47740173339844,0
2013-05-17,40.47169876098633,40.47169876098633,40.47169876098633,40.226200103759766,40.47169876098633,0
2013-05-20,39.384300231933594,39.384300231933594,40.284698486328125,40.15039825439453,40.27750015258789,0
2013-05-21,40.18389892578125,40.18389892578125,40.22949981689453,40.11520004272461,40.18389892578125,0
2013-05-22,40.21760177612305,40.21760177612305,40.357200622558594,40.21760177612305,40.21760177612305,0
2013-05-23,40.272098541259766,40.272098541259766,40.59939956665039,40.272098541259766,40.272098541259766,0
2013-05-24,40.52669906616211,40.52669906616211,40.59700012207031,40.42959976196289,40.52669906616211,0
2013-05-27,40.51150131225586,40.51150131225586,40.57339859008789,40.43600082397461,40.43600082397461,0
2013-05-28,40.532798767089844,40.532798767089844,40.57720184326172,40.436798095703125,40.532798767089844,0
2013-05-29,40.46549987792969,40.46549987792969,40.839298248291016,40.449100494384766,40.46549987792969,0
2013-05-30,40.839298248291016,40.839298248291016,41.42829895019531,40.839298248291016,40.839298248291016,0
2013-05-31,41.18199920654297,41.18199920654297,41.49509811401367,41.18199920654297,41.18199920654297,0
2013-06-03,41.174598693847656,41.174598693847656,41.86470031738281,41.46080017089844,41.534698486328125,0
2013-06-04,41.577598571777344,41.577598571777344,41.78990173339844,41.542999267578125,41.577598571777344,0
2013-06-05,41.74340057373047,41.74340057373047,42.12200164794922,41.74340057373047,41.74340057373047,0
2013-06-06,42.04690170288086,42.04690170288086,42.714500427246094,42.02870178222656,42.04690170288086,0
2013-06-07,42.47909927368164,42.47909927368164,42.937599182128906,42.46910095214844,42.47909927368164,0
2013-06-10,42.47909927368164,42.47909927368164,42.937599182128906,41.814998626708984,42.47909927368164,0
2013-06-11,42.654998779296875,42.654998779296875,43.12879943847656,42.654998779296875,42.654998779296875,0
2013-06-12,43.05780029296875,43.05780029296875,43.120399475097656,42.7244987487793,43.05780029296875,0
2013-06-13,42.852699279785156,42.852699279785156,43.331199645996094,42.51150131225586,42.852699279785156,0
2013-06-14,42.904598236083984,42.904598236083984,42.904598236083984,42.13909912109375,42.904598236083984,0
2013-06-17,42.332698822021484,42.332698822021484,42.40810012817383,42.00600051879883,42.332698822021484,0
2013-06-18,42.42879867553711,42.42879867553711,42.945098876953125,42.36830139160156,42.43040084838867,0
2013-06-19,42.82780075073242,42.82780075073242,43.28900146484375,42.82780075073242,42.82780075073242,0
2013-06-20,43.24290084838867,43.24290084838867,43.44820022583008,42.94670104980469,43.095001220703125,0
2013-06-21,43.45840072631836,43.45840072631836,43.6338005065918,42.949100494384766,43.3031005859375,0
2013-06-24,42.369998931884766,42.369998931884766,43.206298828125,42.8921012878418,43.0078010559082,0
2013-06-25,43.1427001953125,43.1427001953125,43.1427001953125,42.88800048828125,43.1427001953125,0
2013-06-26,43.019901275634766,43.019901275634766,43.032501220703125,42.821800231933594,43.019901275634766,0
2013-06-27,42.89699935913086,42.89699935913086,42.89699935913086,42.623199462890625,42.89699935913086,0
2013-06-28,42.623199462890625,42.623199462890625,42.977699279785156,42.612300872802734,42.623199462890625,0
2013-07-01,41.779998779296875,41.779998779296875,43.059200286865234,41.779998779296875,41.779998779296875,0
2013-07-02,42.92060089111328,42.92060089111328,43.13240051269531,42.92060089111328,42.92060089111328,0
2013-07-03,43.058998107910156,43.058998107910156,43.157501220703125,42.9901008605957,43.058998107910156,0
2013-07-04,43.037601470947266,43.037601470947266,43.16389846801758,42.811798095703125,43.037601470947266,0
2013-07-05,43.07320022583008,43.07320022583008,43.07320022583008,42.56840133666992,43.07320022583008,0
2013-07-08,42.75469970703125,42.75469970703125,43.13869857788086,41.73500061035156,41.73500061035156,0
2013-07-09,42.784400939941406,42.784400939941406,42.784400939941406,42.235801696777344,42.784400939941406,0
2013-07-10,42.240299224853516,42.240299224853516,42.34280014038086,42.0099983215332,42.240299224853516,0
2013-07-11,42.30630111694336,42.30630111694336,42.66830062866211,42.30630111694336,42.30630111694336,0
2013-07-12,42.60820007324219,42.60820007324219,42.73830032348633,42.5099983215332,42.61640167236328,0
2013-07-15,41.72999954223633,41.72999954223633,42.664100646972656,42.49810028076172,42.664100646972656,0
2013-07-16,42.57080078125,42.57080078125,42.632999420166016,42.46419906616211,42.57080078125,0
2013-07-17,42.65079879760742,42.65079879760742,42.717201232910156,42.35100173950195,42.652400970458984,0
2013-07-18,42.35860061645508,42.35860061645508,42.53950119018555,42.32500076293945,42.35860061645508,0
2013-07-19,42.39849853515625,42.39849853515625,42.65140151977539,42.39849853515625,42.39849853515625,0
2013-07-22,42.51250076293945,42.51250076293945,42.70330047607422,41.470001220703125,42.5525016784668,0
2013-07-23,42.627201080322266,42.627201080322266,42.77330017089844,42.56460189819336,42.61899948120117,0
2013-07-24,42.75,42.75,42.94449996948242,42.634498596191406,42.70920181274414,0
2013-07-25,42.84370040893555,42.84370040893555,43.22100067138672,42.84370040893555,42.84370040893555,0
2013-07-26,43.18989944458008,43.18989944458008,43.59989929199219,43.18989944458008,43.18989944458008,0
2013-07-29,42.31999969482422,42.31999969482422,43.6254997253418,43.427398681640625,43.555301666259766,0
2013-07-30,43.472801208496094,43.472801208496094,43.80979919433594,43.472801208496094,43.472801208496094,0
2013-07-31,43.62269973754883,43.62269973754883,43.86589813232422,43.62269973754883,43.62269973754883,0
2013-08-01,43.834598541259766,43.834598541259766,43.834598541259766,43.63930130004883,43.785701751708984,0
2013-08-02,43.77830123901367,43.77830123901367,43.83150100708008,43.515201568603516,43.73379898071289,0
2013-08-05,43.60689926147461,43.60689926147461,43.69329833984375,43.52470016479492,43.58399963378906,0
2013-08-06,43.54359817504883,43.54359817504883,43.87969970703125,43.54359817504883,43.54359817504883,0
2013-08-07,43.83399963378906,43.83399963378906,43.99570083618164,43.787601470947266,43.83399963378906,0
2013-08-08,43.93920135498047,43.93920135498047,44.109798431396484,43.92449951171875,43.93920135498047,0
2013-08-09,44.049400329589844,44.049400329589844,44.049400329589844,43.75299835205078,44.049400329589844,0
2013-08-12,43.926998138427734,43.926998138427734,43.903499603271484,43.51570129394531,43.51570129394531,0
2013-08-13,43.8302001953125,43.8302001953125,44.00239944458008,43.81930160522461,43.8302001953125,0
2013-08-14,43.8380012512207,43.8380012512207,44.0005989074707,43.82419967651367,43.8380012512207,0
2013-08-15,43.872398376464844,43.872398376464844,43.91960144042969,43.65299987792969,43.872398376464844,0
2013-08-16,43.733699798583984,43.733699798583984,43.966400146484375,43.733699798583984,43.733699798583984,0
2013-08-19,43.87620162963867,43.87620162963867,44.019500732421875,43.810699462890625,43.870601654052734,0
2013-08-20,43.94459915161133,43.94459915161133,44.304298400878906,43.94459915161133,43.94459915161133,0
2013-08-21,44.20320129394531,44.20320129394531,44.25120162963867,44.146400451660156,44.20320129394531,0
2013-08-22,44.18280029296875,44.18280029296875,44.34510040283203,44.095699310302734,44.18280029296875,0
2013-08-23,44.0968017578125,44.0968017578125,44.2327995300293,44.0099983215332,44.0968017578125,0
2013-08-26,43.119998931884766,43.119998931884766,44.20949935913086,44.01940155029297,44.206199645996094,0
2013-08-27,44.13779830932617,44.13779830932617,44.44409942626953,44.007598876953125,44.13779830932617,0
2013-08-28,44.42940139770508,44.42940139770508,44.42959976196289,44.149898529052734,44.42940139770508,0
2013-08-29,44.2682991027832,44.2682991027832,44.2682991027832,43.91559982299805,44.2682991027832,0
2013-08-30,43.9375,43.9375,44.034400939941406,43.86690139770508,43.9375,0
2013-09-02,43.0099983215332,43.0099983215332,44.26900100708008,43.89759826660156,44.26900100708008,0
2013-09-03,44.00519943237305,44.00519943237305,44.10070037841797,43.91210174560547,44.00519943237305,0
2013-09-04,44.0452995300293,44.0452995300293,44.09170150756836,43.90629959106445,44.0452995300293,0
2013-09-05,43.970699310302734,43.970699310302734,44.17110061645508,43.84809875488281,43.970699310302734,0
2013-09-06,43.8583984375,43.8583984375,43.98740005493164,43.69260025024414,43.8583984375,0
2013-09-09,42.817501068115234,42.817501068115234,43.997100830078125,43.79330062866211,43.837501525878906,0
2013-09-10,43.853599548339844,43.853599548339844,43.93299865722656,43.64680099487305,43.853599548339844,0
2013-09-11,43.71189880371094,43.71189880371094,43.7598991394043,43.410400390625,43.68769836425781,0
2013-09-12,43.68239974975586,43.68239974975586,43.68239974975586,43.39970016479492,43.68239974975586,0
2013-09-13,43.423301696777344,43.423301696777344,43.53390121459961,43.08420181274414,43.423301696777344,0
2013-09-16,42.43000030517578,42.43000030517578,43.25640106201172,43.01250076293945,43.16299819946289,0
2013-09-17,43.04669952392578,43.04669952392578,43.228599548339844,42.98659896850586,43.09590148925781,0
2013-09-18,42.992801666259766,42.992801666259766,43.1510009765625,42.929500579833984,42.992801666259766,0
2013-09-19,43.057701110839844,43.057701110839844,43.057701110839844,42.63100051879883,43.057701110839844,0
2013-09-20,42.8755989074707,42.8755989074707,43.12030029296875,42.824100494384766,42.8755989074707,0
2013-09-23,42.08610153198242,42.08610153198242,43.26570129394531,42.85430145263672,43.10929870605469,0
2013-09-24,42.88970184326172,42.88970184326172,43.073299407958984,42.88970184326172,42.88970184326172,0
2013-09-25,42.98939895629883,42.98939895629883,43.40639877319336,42.9390983581543,42.98939895629883,0
2013-09-26,43.32210159301758,43.32210159301758,43.64550018310547,43.32210159301758,43.32210159301758,0
2013-09-27,43.5526008605957,43.5526008605957,43.94169998168945,43.20240020751953,43.5526008605957,0
2013-09-30,43.69179916381836,43.69179916381836,43.90829849243164,43.66579818725586,43.75490188598633,0
2013-10-01,43.82109832763672,43.82109832763672,43.885101318359375,43.56869888305664,43.840301513671875,0
2013-10-02,43.581298828125,43.581298828125,43.83150100708008,43.444000244140625,43.581298828125,0
2013-10-03,43.763099670410156,43.763099670410156,43.898399353027344,43.620201110839844,43.76179885864258,0
2013-10-04,43.70389938354492,43.70389938354492,43.77119827270508,43.681400299072266,43.70389938354492,0
2013-10-07,42.74620056152344,42.74620056152344,43.86090087890625,43.72930145263672,43.852500915527344,0
2013-10-08,43.75699996948242,43.75699996948242,43.96549987792969,43.696800231933594,43.75699996948242,0
2013-10-09,43.765098571777344,43.765098571777344,43.99209976196289,43.63330078125,43.765098571777344,0
2013-10-10,43.713401794433594,43.713401794433594,43.72880172729492,43.50400161743164,43.713401794433594,0
2013-10-11,43.535701751708984,43.535701751708984,43.82379913330078,43.500701904296875,43.52239990234375,0
2013-10-14,42.72700119018555,42.72700119018555,43.873199462890625,43.71540069580078,43.80419921875,0
2013-10-15,43.79209899902344,43.79209899902344,43.84489822387695,43.45949935913086,43.84489822387695,0
2013-10-16,43.53260040283203,43.53260040283203,43.71200180053711,43.31639862060547,43.53260040283203,0
2013-10-17,43.39289855957031,43.39289855957031,43.751399993896484,43.39289855957031,43.39289855957031,0
2013-10-18,43.626800537109375,43.626800537109375,43.626800537109375,43.49100112915039,43.626800537109375,0
2013-10-21,42.584999084472656,42.584999084472656,43.6796989440918,43.52199935913086,43.60029983520508,0
2013-10-22,43.60770034790039,43.60770034790039,43.767799377441406,43.58100128173828,43.60770034790039,0
2013-10-23,43.629398345947266,43.629398345947266,43.774898529052734,43.629398345947266,43.629398345947266,0
2013-10-24,43.74700164794922,43.74700164794922,43.80099868774414,43.62889862060547,43.74700164794922,0
2013-10-25,43.727699279785156,43.727699279785156,43.895599365234375,43.7056999206543,43.727699279785156,0
2013-10-28,42.858299255371094,42.858299255371094,43.98569869995117,43.839500427246094,43.86389923095703,0
2013-10-29,43.945899963378906,43.945899963378906,44.24800109863281,43.945899963378906,43.945899963378906,0
2013-10-30,44.202999114990234,44.202999114990234,44.202999114990234,43.952701568603516,44.202999114990234,0
2013-10-31,43.99319839477539,43.99319839477539,43.99919891357422,43.64939880371094,43.99319839477539,0
2013-11-01,43.738800048828125,43.738800048828125,43.738800048828125,43.40850067138672,43.738800048828125,0
2013-11-04,43.779300689697266,43.779300689697266,43.83789825439453,43.610599517822266,43.736900329589844,0
2013-11-05,43.71310043334961,43.71310043334961,43.8577995300293,43.61479949951172,43.71310043334961,0
2013-11-06,43.84239959716797,43.84239959716797,43.98979949951172,43.70859909057617,43.77259826660156,0
2013-11-07,43.809200286865234,43.809200286865234,43.842899322509766,43.169700622558594,43.79399871826172,0
2013-11-08,43.33290100097656,43.33290100097656,43.768699645996094,43.33290100097656,43.33290100097656,0
2013-11-11,43.66680145263672,43.66680145263672,43.92380142211914,43.60369873046875,43.67599868774414,0
2013-11-12,43.852901458740234,43.852901458740234,44.173500061035156,43.852901458740234,43.852901458740234,0
2013-11-13,44.20650100708008,44.20650100708008,44.263301849365234,43.94609832763672,44.13010025024414,0
2013-11-14,44.01789855957031,44.01789855957031,44.162200927734375,43.91669845581055,44.01789855957031,0
2013-11-15,44.056400299072266,44.056400299072266,44.056400299072266,43.884300231933594,44.056400299072266,0
2013-11-18,43.95220184326172,43.95220184326172,44.05080032348633,43.87419891357422,43.937599182128906,0
2013-11-19,43.99039840698242,43.99039840698242,44.297298431396484,43.95349884033203,43.9838981628418,0
2013-11-20,44.32619857788086,44.32619857788086,44.482200622558594,44.22480010986328,44.32509994506836,0
2013-11-21,44.20349884033203,44.20349884033203,44.4734001159668,43.69160079956055,44.1968994140625,0
2013-11-22,44.459800720214844,44.459800720214844,44.46770095825195,44.24610137939453,44.454898834228516,0
2013-11-25,44.38560104370117,44.38560104370117,44.618900299072266,44.33359909057617,44.34239959716797,0
2013-11-26,44.54759979248047,44.54759979248047,44.750301361083984,44.534400939941406,44.56399917602539,0
2013-11-27,44.70500183105469,44.70500183105469,45.06010055541992,44.684600830078125,44.71860122680664,0
2013-11-28,45.0723991394043,45.0723991394043,45.15010070800781,44.9640007019043,45.04679870605469,0
2013-11-29,45.11800003051758,45.11800003051758,45.21009826660156,45.047401428222656,45.09479904174805,0
2013-12-02,45.0463981628418,45.0463981628418,45.14070129394531,44.125701904296875,44.125701904296875,0
2013-12-03,44.999000549316406,44.999000549316406,45.186100006103516,44.94179916381836,44.999000549316406,0
2013-12-04,45.16699981689453,45.16699981689453,45.24300003051758,44.8843994140625,45.18330001831055,0
2013-12-05,44.99259948730469,44.99259948730469,45.15800094604492,44.840999603271484,44.99259948730469,0
2013-12-06,45.09659957885742,45.09659957885742,45.098201751708984,44.75899887084961,45.098201751708984,0
2013-12-09,44.0724983215332,44.0724983215332,45.01259994506836,44.0724983215332,44.0724983215332,0
2013-12-10,44.90700149536133,44.90700149536133,45.131500244140625,44.87480163574219,44.89720153808594,0
2013-12-11,45.0265998840332,45.0265998840332,45.176300048828125,44.97159957885742,45.02170181274414,0
2013-12-12,45.172401428222656,45.172401428222656,45.25659942626953,45.04410171508789,45.16910171508789,0
2013-12-13,45.130401611328125,45.130401611328125,45.22060012817383,45.06610107421875,45.12710189819336,0
2013-12-16,45.21369934082031,45.21369934082031,45.36479949951172,44.1172981262207,44.1172981262207,0
2013-12-17,45.320899963378906,45.320899963378906,45.36520004272461,45.219398498535156,45.32419967651367,0
2013-12-18,45.40909957885742,45.40909957885742,45.42559814453125,45.21139907836914,45.41239929199219,0
2013-12-19,45.00600051879883,45.00600051879883,45.12519836425781,44.87620162963867,45.009300231933594,0
2013-12-20,45.0364990234375,45.0364990234375,45.206298828125,44.88610076904297,45.0364990234375,0
2013-12-23,44.075199127197266,44.075199127197266,45.11520004272461,44.075199127197266,44.075199127197266,0
2013-12-24,44.79999923706055,44.79999923706055,44.804901123046875,44.54130172729492,44.804901123046875,0
2013-12-25,44.6422004699707,44.6422004699707,44.6422004699707,44.6422004699707,44.6422004699707,0
2013-12-26,44.6422004699707,44.6422004699707,44.747798919677734,44.6422004699707,44.6422004699707,0
2013-12-27,44.6422004699707,44.6422004699707,45.132198333740234,44.6422004699707,44.6422004699707,0
2013-12-30,44.81159973144531,44.81159973144531,45.326900482177734,44.143001556396484,44.143001556396484,0
2013-12-31,45.134498596191406,45.134498596191406,45.4025993347168,45.00239944458008,45.177799224853516,0
2014-01-01,45.2130012512207,45.2130012512207,45.2130012512207,45.2130012512207,45.2130012512207,0
2014-01-02,45.2130012512207,45.2130012512207,45.29970169067383,44.98649978637695,45.2130012512207,0
2014-01-03,45.19409942626953,45.19409942626953,45.245399475097656,44.87070083618164,45.20600128173828,0
2014-01-06,45.10929870605469,45.10929870605469,45.34299850463867,44.20000076293945,44.20000076293945,0
2014-01-07,45.25230026245117,45.25230026245117,45.398399353027344,45.02629852294922,45.25559997558594,0
2014-01-08,45.1239013671875,45.1239013671875,45.18349838256836,44.95690155029297,45.1239013671875,0
2014-01-09,44.97819900512695,44.97819900512695,45.2041015625,44.956199645996094,44.97489929199219,0
2014-01-10,45.20819854736328,45.20819854736328,45.29800033569336,45.11589813232422,45.19459915161133,0
2014-01-13,45.107601165771484,45.107601165771484,45.439998626708984,44.189998626708984,44.189998626708984,0
2014-01-14,45.4119987487793,45.4119987487793,45.617000579833984,45.395999908447266,45.4119987487793,0
2014-01-15,45.59199905395508,45.59199905395508,45.59199905395508,45.354888916015625,45.59199905395508,0
2014-01-16,45.447509765625,45.447509765625,45.551300048828125,45.35578918457031,45.447509765625,0
2014-01-17,45.46820831298828,45.46820831298828,45.60852813720703,45.41859817504883,45.46820831298828,0
2014-01-20,44.523799896240234,44.523799896240234,45.843101501464844,44.523799896240234,44.523799896240234,0
2014-01-21,45.770530700683594,45.770530700683594,45.99285888671875,45.72010040283203,45.770530700683594,0
2014-01-22,46.04956817626953,46.04956817626953,46.04956817626953,45.84049987792969,46.04956817626953,0
2014-01-23,45.95663833618164,45.95663833618164,46.7578010559082,45.95663833618164,45.95663833618164,0
2014-01-24,46.67456817626953,46.67456817626953,47.373050689697266,46.67456817626953,46.67456817626953,0
2014-01-27,46.34600067138672,46.34600067138672,47.70048141479492,46.34600067138672,46.34600067138672,0
2014-01-28,47.303001403808594,47.303001403808594,47.542301177978516,47.05965042114258,47.303001403808594,0
2014-01-29,47.398799896240234,47.398799896240234,48.17879867553711,47.06999969482422,47.428829193115234,0
2014-01-30,47.792911529541016,47.792911529541016,48.224700927734375,47.262298583984375,47.792911529541016,0
2014-01-31,47.39291000366211,47.39291000366211,47.8814582824707,47.31169891357422,47.39291000366211,0
2014-02-03,47.43939971923828,47.43939971923828,47.763099670410156,46.83810043334961,46.83810043334961,0
2014-02-04,47.93476867675781,47.93476867675781,48.05509948730469,47.33298110961914,47.93476867675781,0
2014-02-05,47.249168395996094,47.249168395996094,47.287078857421875,46.82025146484375,47.249168395996094,0
2014-02-06,47.11893081665039,47.11893081665039,47.39759826660156,46.886329650878906,47.11893081665039,0
2014-02-07,47.128578186035156,47.128578186035156,47.377159118652344,46.983299255371094,47.128578186035156,0
2014-02-10,46.15299987792969,46.15299987792969,47.53010177612305,46.15299987792969,46.15299987792969,0
2014-02-11,47.38663864135742,47.38663864135742,47.627681732177734,47.38663864135742,47.38663864135742,0
2014-02-12,47.37342071533203,47.37342071533203,47.487640380859375,47.18519973754883,47.37342071533203,0
2014-02-13,47.30656051635742,47.30656051635742,48.234798431396484,47.30656051635742,47.30656051635742,0
2014-02-14,47.98162078857422,47.98162078857422,48.46726989746094,47.83652877807617,47.98162078857422,0
2014-02-17,48.0817985534668,48.0817985534668,48.326499938964844,47.01940155029297,47.01940155029297,0
2014-02-18,48.19947814941406,48.19947814941406,48.800201416015625,48.19947814941406,48.19947814941406,0
2014-02-19,48.79302978515625,48.79302978515625,49.3232307434082,48.79302978515625,48.79302978515625,0
2014-02-20,49.09468078613281,49.09468078613281,49.3036003112793,48.932701110839844,49.09468078613281,0
2014-02-21,49.02622985839844,49.02622985839844,49.20280075073242,48.75703811645508,49.07550048828125,0
2014-02-24,48.16699981689453,48.16699981689453,48.964900970458984,48.16699981689453,48.16699981689453,0
2014-02-25,48.75471115112305,48.75471115112305,49.10689926147461,48.75471115112305,48.75471115112305,0
2014-02-26,49.064701080322266,49.064701080322266,49.489559173583984,49.064701080322266,49.064701080322266,0
2014-02-27,49.291969299316406,49.291969299316406,49.53139877319336,49.291969299316406,49.291969299316406,0
2014-02-28,49.3494987487793,49.3494987487793,49.96870040893555,49.3494987487793,49.3494987487793,0
2014-03-03,48.83000183105469,48.83000183105469,50.37445831298828,48.83000183105469,48.83000183105469,0
2014-03-04,50.126609802246094,50.126609802246094,50.15829849243164,49.54199981689453,50.126609802246094,0
2014-03-05,49.50519943237305,49.50519943237305,49.702701568603516,49.338008880615234,49.50519943237305,0
2014-03-06,49.48807144165039,49.48807144165039,50.14139938354492,49.46730041503906,49.48807144165039,0
2014-03-07,50.17789840698242,50.17789840698242,50.61050033569336,49.780399322509766,50.00156021118164,0
2014-03-10,49.600399017333984,49.600399017333984,50.66680145263672,49.600399017333984,49.600399017333984,0
2014-03-11,50.34959030151367,50.34959030151367,50.5724983215332,50.317501068115234,50.34959030151367,0
2014-03-12,50.50725173950195,50.50725173950195,50.75714111328125,50.46870040893555,50.511199951171875,0
2014-03-13,50.6593017578125,50.6593017578125,50.905399322509766,50.6593017578125,50.6593017578125,0
2014-03-14,50.673179626464844,50.673179626464844,51.10169982910156,50.673179626464844,50.673179626464844,0
2014-03-17,49.94969940185547,49.94969940185547,51.03129959106445,49.94969940185547,49.94969940185547,0
2014-03-18,50.47649002075195,50.47649002075195,50.90644836425781,50.31755828857422,50.47649002075195,0
2014-03-19,50.436038970947266,50.436038970947266,50.43769836425781,49.890708923339844,50.436038970947266,0
2014-03-20,49.93138122558594,49.93138122558594,50.07899856567383,49.554969787597656,49.93138122558594,0
2014-03-21,50.00849151611328,50.00849151611328,50.298301696777344,49.94731903076172,50.00849151611328,0
2014-03-24,50.00870132446289,50.00870132446289,50.023799896240234,49.04999923706055,49.04999923706055,0
2014-03-25,49.86867904663086,49.86867904663086,49.98040008544922,49.04730987548828,49.86867904663086,0
2014-03-26,48.98775100708008,48.98775100708008,49.07979965209961,48.77980041503906,48.98775100708008,0
2014-03-27,48.89289093017578,48.89289093017578,49.09270095825195,48.89289093017578,48.89289093017578,0
2014-03-28,48.855308532714844,48.855308532714844,49.17620086669922,48.855308532714844,48.855308532714844,0
2014-03-31,48.105899810791016,48.105899810791016,49.241600036621094,48.410499572753906,49.241600036621094,0
2014-04-01,48.18675994873047,48.18675994873047,48.53179931640625,48.12202072143555,48.18675994873047,0
2014-04-02,48.30582046508789,48.30582046508789,48.87160110473633,48.30582046508789,48.346900939941406,0
2014-04-03,48.803001403808594,48.803001403808594,48.97208023071289,48.66236114501953,48.742488861083984,0
2014-04-04,48.71229934692383,48.71229934692383,48.82419967651367,48.20545959472656,48.71229934692383,0
2014-04-07,48.40119934082031,48.40119934082031,49.0885009765625,48.40119934082031,48.40119934082031,0
2014-04-08,48.83951950073242,48.83951950073242,49.323001861572266,48.71315002441406,48.83951950073242,0
2014-04-09,49.19926834106445,49.19926834106445,49.37329864501953,49.13410186767578,49.19926834106445,0
2014-04-10,49.204471588134766,49.204471588134766,49.36009979248047,49.116519927978516,49.204471588134766,0
2014-04-11,49.311370849609375,49.311370849609375,49.622398376464844,49.311370849609375,49.311370849609375,0
2014-04-14,49.49039840698242,49.49039840698242,49.86479949951172,49.43730163574219,49.49039840698242,0
2014-04-15,49.63275146484375,49.63275146484375,49.98720169067383,49.578041076660156,49.63275146484375,0
2014-04-16,49.996620178222656,49.996620178222656,50.04710006713867,49.71849060058594,49.996620178222656,0
2014-04-17,49.69247817993164,49.69247817993164,49.85810089111328,49.329959869384766,49.69247817993164,0
2014-04-18,48.914058685302734,48.914058685302734,49.20100021362305,48.914058685302734,48.914058685302734,0
2014-04-21,48.97489929199219,48.97489929199219,49.327701568603516,48.79999923706055,48.79999923706055,0
2014-04-22,49.17121124267578,49.17121124267578,49.407100677490234,49.17121124267578,49.17121124267578,0
2014-04-23,49.125579833984375,49.125579833984375,49.44409942626953,49.125579833984375,49.125579833984375,0
2014-04-24,49.26319122314453,49.26319122314453,49.47880172729492,49.2304801940918,49.26319122314453,0
2014-04-25,49.40311050415039,49.40311050415039,49.93149948120117,49.40311050415039,49.40311050415039,0
2014-04-28,49.8202018737793,49.8202018737793,50.05889892578125,49.590389251708984,49.8202018737793,0
2014-04-29,49.57719039916992,49.57719039916992,49.589500427246094,49.13813018798828,49.57719039916992,0
2014-04-30,49.13808059692383,49.13808059692383,49.52471923828125,49.13808059692383,49.13808059692383,0
2014-05-01,49.36254119873047,49.36254119873047,49.476898193359375,49.29600143432617,49.36869812011719,0
2014-05-02,49.334388732910156,49.334388732910156,49.708499908447266,49.334388732910156,49.334388732910156,0
2014-05-05,49.72850036621094,49.72850036621094,49.76890182495117,49.55038833618164,49.72850036621094,0
2014-05-06,49.458160400390625,49.458160400390625,49.64659881591797,49.23807907104492,49.52939987182617,0
2014-05-07,49.36690139770508,49.36690139770508,49.49980163574219,48.5821418762207,49.25331115722656,0
2014-05-08,48.543800354003906,48.543800354003906,49.02289962768555,48.41218948364258,48.55392837524414,0
2014-05-09,48.4752082824707,48.4752082824707,48.7156982421875,48.434871673583984,48.4752082824707,0
2014-05-12,48.47370147705078,48.47370147705078,48.5458984375,48.138999938964844,48.47370147705078,0
2014-05-13,48.13547897338867,48.13547897338867,48.19540023803711,47.67477035522461,48.158599853515625,0
2014-05-14,47.674949645996094,47.674949645996094,47.83369827270508,47.52307891845703,47.79180145263672,0
2014-05-15,47.45917892456055,47.45917892456055,47.792598724365234,47.292930603027344,47.45917892456055,0
2014-05-16,47.6380615234375,47.6380615234375,47.7755012512207,47.57857131958008,47.6380615234375,0
2014-05-19,46.694400787353516,46.694400787353516,47.67449951171875,47.2777099609375,47.56679916381836,0
2014-05-20,47.41239929199219,47.41239929199219,47.558998107910156,47.2170295715332,47.41239929199219,0
2014-05-21,47.25844955444336,47.25844955444336,47.384498596191406,46.97332000732422,47.25844955444336,0
2014-05-22,46.87704849243164,46.87704849243164,46.9921989440918,46.72013854980469,46.87704849243164,0
2014-05-23,46.81208038330078,46.81208038330078,46.858001708984375,46.432769775390625,46.83409881591797,0
2014-05-26,46.529998779296875,46.529998779296875,46.67169952392578,46.35969924926758,46.529998779296875,0
2014-05-27,46.66659927368164,46.66659927368164,46.99557113647461,46.58203125,46.66830062866211,0
2014-05-28,46.940799713134766,46.940799713134766,47.08620071411133,46.81349182128906,46.81349182128906,0
2014-05-29,46.95000076293945,46.95000076293945,47.27730178833008,46.95000076293945,46.95000076293945,0
2014-05-30,47.075618743896484,47.075618743896484,47.641700744628906,47.075618743896484,47.075618743896484,0
2014-06-02,47.579898834228516,47.579898834228516,47.6343994140625,47.39577865600586,47.579898834228516,0
2014-06-03,47.51430130004883,47.51430130004883,47.81114959716797,47.51430130004883,47.51430130004883,0
2014-06-04,47.77130126953125,47.77130126953125,47.98139953613281,47.657901763916016,47.77130126953125,0
2014-06-05,47.48051071166992,47.48051071166992,47.58980178833008,46.95820999145508,47.48051071166992,0
2014-06-06,47.36164855957031,47.36164855957031,47.41516876220703,46.899051666259766,47.36164855957031,0
2014-06-09,46.990501403808594,46.990501403808594,46.97330093383789,46.61021041870117,46.95880126953125,0
2014-06-10,46.582828521728516,46.582828521728516,46.77663040161133,46.412498474121094,46.582828521728516,0
2014-06-11,46.42338180541992,46.42338180541992,46.657798767089844,46.375,46.42338180541992,0
2014-06-12,46.562400817871094,46.562400817871094,46.594398498535156,46.34994888305664,46.56169891357422,0
2014-06-13,46.512298583984375,46.512298583984375,46.768699645996094,46.45227813720703,46.512298583984375,0
2014-06-16,46.56129837036133,46.56129837036133,47.058998107910156,45.691001892089844,46.56129837036133,0
2014-06-17,46.84733963012695,46.84733963012695,47.27980041503906,46.84733963012695,46.84733963012695,0
2014-06-18,47.13161849975586,47.13161849975586,47.2156982421875,46.795650482177734,47.13161849975586,0
2014-06-19,46.628170013427734,46.628170013427734,46.84980010986328,46.582279205322266,46.628170013427734,0
2014-06-20,46.85639953613281,46.85639953613281,46.97119903564453,46.6143684387207,46.709869384765625,0
2014-06-23,45.693599700927734,45.693599700927734,46.80730056762695,46.42934036254883,46.80730056762695,0
2014-06-24,46.30472946166992,46.30472946166992,46.412899017333984,45.74666976928711,46.409400939941406,0
2014-06-25,45.97848892211914,45.97848892211914,46.23379898071289,45.90053939819336,45.97848892211914,0
2014-06-26,45.97454833984375,45.97454833984375,46.10390090942383,45.72576904296875,45.97454833984375,0
2014-06-27,45.821468353271484,45.821468353271484,46.01361846923828,45.70098114013672,45.821468353271484,0
2014-06-30,45.958099365234375,45.958099365234375,46.613399505615234,46.06480026245117,46.06480026245117,0
2014-07-01,46.50226974487305,46.50226974487305,46.981300354003906,46.49700164794922,46.522499084472656,0
2014-07-02,46.92108154296875,46.92108154296875,47.00120162963867,46.70888900756836,46.92108154296875,0
2014-07-03,46.81563949584961,46.81563949584961,46.869598388671875,46.569801330566406,46.81650161743164,0
2014-07-04,46.64160919189453,46.64160919189453,46.8742790222168,46.60198974609375,46.64160919189453,0
2014-07-07,46.79460144042969,46.79460144042969,47.00410842895508,46.764461517333984,46.79460144042969,0
2014-07-08,46.77605056762695,46.77605056762695,46.8732795715332,46.47697830200195,46.77605056762695,0
2014-07-09,46.534690856933594,46.534690856933594,46.602901458740234,46.278560638427734,46.534690856933594,0
2014-07-10,46.16716003417969,46.16716003417969,46.51169967651367,46.122398376464844,46.16716003417969,0
2014-07-11,46.12154006958008,46.12154006958008,46.50722885131836,46.12154006958008,46.12154006958008,0
2014-07-14,46.515201568603516,46.515201568603516,46.81272888183594,46.515201568603516,46.515201568603516,0
2014-07-15,46.726341247558594,46.726341247558594,46.819698333740234,46.62229919433594,46.726341247558594,0
2014-07-16,46.609249114990234,46.609249114990234,46.679901123046875,46.483238220214844,46.609249114990234,0
2014-07-17,46.52302932739258,46.52302932739258,47.45309829711914,46.52302932739258,46.52302932739258,0
2014-07-18,47.60820007324219,47.60820007324219,47.707401275634766,47.269569396972656,47.60820007324219,0
2014-07-21,46.39500045776367,46.39500045776367,47.63600158691406,46.39500045776367,46.39500045776367,0
2014-07-22,47.541629791259766,47.541629791259766,47.607200622558594,46.98466110229492,47.541629791259766,0
2014-07-23,47.04376983642578,47.04376983642578,47.11280059814453,46.79465866088867,47.04376983642578,0
2014-07-24,46.860721588134766,46.860721588134766,47.272300720214844,46.860721588134766,46.860721588134766,0
2014-07-25,47.162071228027344,47.162071228027344,47.265098571777344,47.06650161743164,47.162071228027344,0
2014-07-28,47.189701080322266,47.189701080322266,47.7755012512207,47.189701080322266,47.189701080322266,0
2014-07-29,47.738189697265625,47.738189697265625,48.013580322265625,47.72039031982422,47.738189697265625,0
2014-07-30,47.925350189208984,47.925350189208984,48.09960174560547,47.478759765625,47.925350189208984,0
2014-07-31,47.5483512878418,47.5483512878418,47.814998626708984,47.40909957885742,47.5483512878418,0
2014-08-01,47.79227066040039,47.79227066040039,48.08879852294922,47.73666000366211,47.79227066040039,0
2014-08-04,48.012298583984375,48.012298583984375,48.10390090942383,47.80849838256836,48.012298583984375,0
2014-08-05,47.88161087036133,47.88161087036133,48.22880172729492,47.88161087036133,47.88161087036133,0
2014-08-06,48.141231536865234,48.141231536865234,48.407100677490234,48.141231536865234,48.141231536865234,0
2014-08-07,48.31216812133789,48.31216812133789,48.698299407958984,48.31216812133789,48.31216812133789,0
2014-08-08,48.39434051513672,48.39434051513672,48.89500045776367,48.39434051513672,48.39434051513672,0
2014-08-11,48.4724006652832,48.4724006652832,48.4724006652832,48.05733108520508,48.4724006652832,0
2014-08-12,48.02241897583008,48.02241897583008,48.294921875,48.02241897583008,48.02241897583008,0
2014-08-13,48.368099212646484,48.368099212646484,48.517791748046875,48.10655975341797,48.27294921875,0
2014-08-14,48.11867141723633,48.11867141723633,48.25899887084961,47.97698974609375,48.11867141723633,0
2014-08-15,48.081321716308594,48.081321716308594,48.600101470947266,47.995201110839844,48.081321716308594,0
2014-08-18,48.38959884643555,48.38959884643555,48.28369903564453,48.11940002441406,48.14609909057617,0
2014-08-19,48.13393020629883,48.13393020629883,48.330299377441406,48.093109130859375,48.13393020629883,0
2014-08-20,48.12575149536133,48.12575149536133,48.26499938964844,48.107791900634766,48.12575149536133,0
2014-08-21,48.089759826660156,48.089759826660156,48.223899841308594,47.8636589050293,48.089759826660156,0
2014-08-22,47.744930267333984,47.744930267333984,48.20595932006836,47.706119537353516,47.744930267333984,0
2014-08-25,47.84809875488281,47.84809875488281,47.84809875488281,47.61753845214844,47.84809875488281,0
2014-08-26,47.60137176513672,47.60137176513672,47.74235153198242,47.53474044799805,47.60137176513672,0
2014-08-27,47.49311065673828,47.49311065673828,47.795799255371094,47.41780090332031,47.49311065673828,0
2014-08-28,47.65266036987305,47.65266036987305,48.5573616027832,47.65266036987305,47.65266036987305,0
2014-08-29,48.3809814453125,48.3809814453125,48.903099060058594,48.139400482177734,48.3809814453125,0
2014-09-01,47.709999084472656,47.709999084472656,49.276798248291016,47.709999084472656,47.709999084472656,0
2014-09-02,48.92293930053711,48.92293930053711,49.171478271484375,48.9080696105957,48.92293930053711,0
2014-09-03,49.12668991088867,49.12668991088867,49.194000244140625,48.21430969238281,49.12668991088867,0
2014-09-04,48.322139739990234,48.322139739990234,48.63016128540039,47.73725891113281,48.322139739990234,0
2014-09-05,47.691890716552734,47.691890716552734,48.20349884033203,47.527610778808594,47.691890716552734,0
2014-09-08,47.84479904174805,47.84479904174805,48.106971740722656,47.692649841308594,47.84479904174805,0
2014-09-09,47.697181701660156,47.697181701660156,47.91379928588867,47.6390495300293,47.697181701660156,0
2014-09-10,47.87894821166992,47.87894821166992,48.34709930419922,47.87894821166992,47.87894821166992,0
2014-09-11,48.19340133666992,48.19340133666992,48.66450119018555,48.06230163574219,48.108680725097656,0
2014-09-12,48.39088821411133,48.39088821411133,49.123600006103516,48.39088821411133,48.50419998168945,0
2014-09-15,47.81629943847656,47.81629943847656,49.70859909057617,47.81629943847656,47.81629943847656,0
2014-09-16,49.51533126831055,49.51533126831055,50.28369903564453,49.51533126831055,49.51533126831055,0
2014-09-17,49.548980712890625,49.548980712890625,49.9281005859375,49.51539993286133,49.548980712890625,0
2014-09-18,49.31623840332031,49.31623840332031,49.75320053100586,49.31623840332031,49.31623840332031,0
2014-09-19,49.550899505615234,49.550899505615234,49.729400634765625,49.34387969970703,49.66490173339844,0
2014-09-22,49.30630111694336,49.30630111694336,49.76593017578125,49.3489990234375,49.35300064086914,0
2014-09-23,49.63459014892578,49.63459014892578,49.7781982421875,49.56895065307617,49.63459014892578,0
2014-09-24,49.49243927001953,49.49243927001953,49.61899948120117,48.82270050048828,49.49243927001953,0
2014-09-25,48.726680755615234,48.726680755615234,49.0984001159668,48.726680755615234,48.726680755615234,0
2014-09-26,49.021148681640625,49.021148681640625,49.79600143432617,49.021148681640625,49.021148681640625,0
2014-09-29,48.564998626708984,48.564998626708984,50.21379852294922,48.564998626708984,48.564998626708984,0
2014-09-30,49.987091064453125,49.987091064453125,50.08686828613281,49.61960983276367,49.987091064453125,0
2014-10-01,49.9380989074707,49.9380989074707,50.10580062866211,49.61600112915039,49.9380989074707,0
2014-10-02,49.9505500793457,49.9505500793457,50.24039840698242,49.84772872924805,49.9505500793457,0
2014-10-03,49.99565124511719,49.99565124511719,50.26729965209961,49.80730056762695,49.99565124511719,0
2014-10-06,50.03620147705078,50.03620147705078,50.164398193359375,49.157501220703125,49.157501220703125,0
2014-10-07,50.22903823852539,50.22903823852539,50.45539855957031,50.134498596191406,50.22903823852539,0
2014-10-08,50.47386169433594,50.47386169433594,50.922298431396484,50.463748931884766,50.47386169433594,0
2014-10-09,50.77552032470703,50.77552032470703,51.049800872802734,50.77552032470703,50.77552032470703,0
2014-10-10,50.925899505615234,50.925899505615234,51.14469909667969,50.762298583984375,50.78689956665039,0
2014-10-13,50.97359848022461,50.97359848022461,51.406700134277344,50.9640998840332,50.97359848022461,0
2014-10-14,51.47563934326172,51.47563934326172,51.78179931640625,51.4664306640625,51.47563934326172,0
2014-10-15,51.718299865722656,51.718299865722656,52.08599853515625,51.50638961791992,51.718299865722656,0
2014-10-16,51.67673110961914,51.67673110961914,52.50830078125,51.67673110961914,51.67673110961914,0
2014-10-17,52.14091110229492,52.14091110229492,52.61520004272461,51.687530517578125,52.34189987182617,0
2014-10-20,51.98979949951172,51.98979949951172,52.50559997558594,51.97751998901367,51.98979949951172,0
2014-10-21,52.519901275634766,52.519901275634766,52.68330001831055,52.001468658447266,52.499061584472656,0
2014-10-22,52.029598236083984,52.029598236083984,52.35810089111328,51.936119079589844,52.00054168701172,0
2014-10-23,52.23284149169922,52.23284149169922,52.835899353027344,51.91460037231445,52.23284149169922,0
2014-10-24,52.64168167114258,52.64168167114258,53.22249984741211,52.64168167114258,52.64168167114258,0
2014-10-27,53.09859848022461,53.09859848022461,53.759700775146484,52.119998931884766,52.119998931884766,0
2014-10-28,53.57563018798828,53.57563018798828,54.193199157714844,53.57563018798828,53.57563018798828,0
2014-10-29,53.990928649902344,53.990928649902344,54.720298767089844,53.990928649902344,53.990928649902344,0
2014-10-30,54.50849914550781,54.50849914550781,54.76860046386719,52.28794860839844,54.50849914550781,0
2014-10-31,52.33134078979492,52.33134078979492,54.041351318359375,52.091800689697266,52.33134078979492,0
2014-11-03,52.1875,52.1875,54.42823028564453,52.1875,52.1875,0
2014-11-04,54.3244514465332,54.3244514465332,54.82870101928711,54.3244514465332,54.3244514465332,0
2014-11-05,54.6159782409668,54.6159782409668,56.24869918823242,54.6159782409668,54.6159782409668,0
2014-11-06,56.047489166259766,56.047489166259766,58.023231506347656,56.00630187988281,56.047489166259766,0
2014-11-07,57.84185028076172,57.84185028076172,60.21670150756836,56.52362823486328,57.84185028076172,0
2014-11-10,57.74089050292969,57.74089050292969,58.03919982910156,55.846900939941406,55.849998474121094,0
2014-11-11,56.931888580322266,56.931888580322266,58.347198486328125,56.53810119628906,56.931888580322266,0
2014-11-12,57.842350006103516,57.842350006103516,58.01490020751953,56.752071380615234,57.842350006103516,0
2014-11-13,57.003108978271484,57.003108978271484,58.23350143432617,56.93429946899414,57.003108978271484,0
2014-11-14,58.22058868408203,58.22058868408203,59.51530075073242,58.00400161743164,58.22058868408203,0
2014-11-17,59.108001708984375,59.108001708984375,59.44029998779297,57.647499084472656,57.647499084472656,0
2014-11-18,58.65245056152344,58.65245056152344,58.83290100097656,58.1609992980957,58.65245056152344,0
2014-11-19,58.52621078491211,58.52621078491211,59.02684020996094,58.52621078491211,58.52621078491211,0
2014-11-20,58.76319885253906,58.76319885253906,58.805301666259766,58.0029411315918,58.75149917602539,0
2014-11-21,57.66822814941406,57.66822814941406,57.94490051269531,56.28411865234375,57.66822814941406,0
2014-11-24,56.62590026855469,56.62590026855469,56.62590026855469,54.97745895385742,55.7400016784668,0
2014-11-25,55.673500061035156,55.673500061035156,57.19490051269531,55.380001068115234,55.673500061035156,0
2014-11-26,57.413490295410156,57.413490295410156,59.05569839477539,57.32789993286133,57.413490295410156,0
2014-11-27,58.97568130493164,58.97568130493164,60.1614990234375,58.147220611572266,58.97568130493164,0
2014-11-28,60.928409576416016,60.928409576416016,61.9656982421875,60.56639862060547,60.928409576416016,0
2014-12-01,62.22235107421875,62.22235107421875,66.80268096923828,60.75,60.75,0
2014-12-02,63.35628890991211,63.35628890991211,66.92279815673828,62.8608283996582,63.35628890991211,0
2014-12-03,66.4776382446289,66.4776382446289,67.85449981689453,65.14749145507812,66.4776382446289,0
2014-12-04,64.92015075683594,64.92015075683594,67.69889831542969,64.029296875,64.92015075683594,0
2014-12-05,66.8596420288086,66.8596420288086,67.39409637451172,64.99748992919922,66.8596420288086,0
2014-12-08,64.65409851074219,64.65409851074219,65.95210266113281,64.65409851074219,64.65409851074219,0
2014-12-09,65.76927947998047,65.76927947998047,67.34130859375,65.76927947998047,65.76927947998047,0
2014-12-10,66.79749298095703,66.79749298095703,68.1011962890625,66.76579284667969,66.79749298095703,0
2014-12-11,67.99748992919922,67.99748992919922,69.18340301513672,67.75543975830078,67.99748992919922,0
2014-12-12,69.0113525390625,69.0113525390625,71.75267791748047,69.0113525390625,69.0113525390625,0
2014-12-15,72.5458984375,72.5458984375,78.3113021850586,72.16729736328125,72.5458984375,0
2014-12-16,80.69287872314453,80.69287872314453,98.02799987792969,74.95570373535156,80.69287872314453,0
2014-12-17,83.0093994140625,83.0093994140625,86.0988998413086,73.26522064208984,83.0093994140625,0
2014-12-18,73.26522064208984,73.26522064208984,78.47989654541016,71.56120300292969,73.26522064208984,0
2014-12-19,75.77680206298828,75.77680206298828,77.10160064697266,72.09960174560547,75.76519775390625,0
2014-12-22,71.23259735107422,71.23259735107422,72.11000061035156,66.3676986694336,72.11000061035156,0
2014-12-23,68.15760040283203,68.15760040283203,68.37020111083984,64.95359802246094,68.16600036621094,0
2014-12-24,66.42359924316406,66.42359924316406,67.33609771728516,65.947998046875,66.43450164794922,0
2014-12-25,66.42359924316406,66.42359924316406,67.33609771728516,64.95259857177734,66.43450164794922,0
2014-12-26,65.2970962524414,65.2970962524414,65.2970962524414,65.2970962524414,65.2970962524414,0
2014-12-29,65.2970962524414,65.2970962524414,70.15399932861328,65.2970962524414,65.2970962524414,0
2014-12-30,71.84819793701172,71.84819793701172,72.02359771728516,66.6509017944336,71.84819793701172,0
2014-12-31,67.61019897460938,67.61019897460938,73.55470275878906,67.51010131835938,67.5990982055664,0
2015-01-01,70.22200012207031,70.22200012207031,71.69999694824219,70.22200012207031,70.22200012207031,0
2015-01-02,70.22200012207031,70.22200012207031,73.25389862060547,69.8042984008789,70.22200012207031,0
2015-01-05,70.51020050048828,70.51020050048828,71.20829772949219,69.39209747314453,70.51020050048828,0
2015-01-06,72.11589813232422,72.11589813232422,76.33360290527344,71.80049896240234,72.11589813232422,0
2015-01-07,74.99759674072266,74.99759674072266,75.90229797363281,73.81050109863281,74.98500061035156,0
2015-01-08,74.38990020751953,74.38990020751953,74.46849822998047,70.14209747314453,74.38369750976562,0
2015-01-09,70.61209869384766,70.61209869384766,73.125,70.48290252685547,70.59410095214844,0
2015-01-12,72.8563003540039,72.8563003540039,75.15799713134766,72.8563003540039,72.8563003540039,0
2015-01-13,74.69920349121094,74.69920349121094,78.32450103759766,74.56159973144531,74.69920349121094,0
2015-01-14,76.92610168457031,76.92610168457031,78.95169830322266,76.84120178222656,76.91629791259766,0
2015-01-15,75.83200073242188,75.83200073242188,77.31950378417969,74.56330108642578,75.82230377197266,0
2015-01-16,75.89129638671875,75.89129638671875,76.18150329589844,74.71369934082031,75.89459991455078,0
2015-01-19,75.34190368652344,75.34190368652344,76.02030181884766,74.33910369873047,75.34190368652344,0
2015-01-20,75.3843994140625,75.3843994140625,76.11609649658203,75.05349731445312,75.37789916992188,0
2015-01-21,75.32740020751953,75.32740020751953,76.50270080566406,75.23889923095703,75.32740020751953,0
2015-01-22,75.84329986572266,75.84329986572266,76.12079620361328,73.38069915771484,75.85310363769531,0
2015-01-23,74.08319854736328,74.08319854736328,74.26599884033203,71.31099700927734,74.10279846191406,0
2015-01-26,71.90039825439453,71.90039825439453,74.76860046386719,69.66239929199219,70.75,0
2015-01-27,76.91600036621094,76.91600036621094,77.14320373535156,75.80370330810547,76.9365005493164,0
2015-01-28,77.0386962890625,77.0386962890625,77.1948013305664,75.79730224609375,77.02860260009766,0
2015-01-29,76.57839965820312,76.57839965820312,78.62629699707031,76.38249969482422,76.55740356445312,0
2015-01-30,77.9990005493164,77.9990005493164,81.47709655761719,77.59590148925781,78.00479888916016,0
2015-02-02,78.15010070800781,78.15010070800781,79.76640319824219,77.07839965820312,78.15010070800781,0
2015-02-03,77.4760971069336,77.4760971069336,77.55120086669922,75.0470962524414,77.44529724121094,0
2015-02-04,74.57730102539062,74.57730102539062,77.47019958496094,74.04329681396484,74.5740966796875,0
2015-02-05,76.97660064697266,76.97660064697266,78.33869934082031,75.46070098876953,76.96520233154297,0
2015-02-06,76.2948989868164,76.2948989868164,77.09600067138672,75.1395034790039,76.29149627685547,0
2015-02-09,75.94509887695312,75.94509887695312,75.94509887695312,73.8916015625,75.94509887695312,0
2015-02-10,74.58760070800781,74.58760070800781,75.24349975585938,73.71769714355469,74.58100128173828,0
2015-02-11,74.09619903564453,74.09619903564453,75.56729888916016,74.03479766845703,74.08309936523438,0
2015-02-12,74.06559753417969,74.06559753417969,76.27420043945312,73.21150207519531,74.43209838867188,0
2015-02-13,74.43180084228516,74.43180084228516,74.85430145263672,71.97149658203125,74.43509674072266,0
2015-02-16,72.29910278320312,72.29910278320312,72.31790161132812,70.78369903564453,72.29910278320312,0
2015-02-17,71.60440063476562,71.60440063476562,72.2655029296875,70.93009948730469,71.60759735107422,0
2015-02-18,71.27880096435547,71.27880096435547,71.47779846191406,69.597900390625,71.27880096435547,0
2015-02-19,70.13089752197266,70.13089752197266,71.32610321044922,69.94149780273438,70.13880157470703,0
2015-02-20,70.35669708251953,70.35669708251953,70.59700012207031,69.65570068359375,70.35669708251953,0
2015-02-23,70.40239715576172,70.40239715576172,73.1521987915039,70.40239715576172,70.40239715576172,0
2015-02-24,72.2968978881836,72.2968978881836,72.57469940185547,71.06580352783203,72.2968978881836,0
2015-02-25,71.55079650878906,71.55079650878906,71.55079650878906,69.8676986694336,71.55079650878906,0
2015-02-26,69.73639678955078,69.73639678955078,69.94249725341797,68.01239776611328,69.7332992553711,0
2015-02-27,68.510498046875,68.510498046875,69.69020080566406,68.33190155029297,68.50389862060547,0
2015-03-02,69.07740020751953,69.07740020751953,70.08149719238281,67.90039825439453,67.90039825439453,0
2015-03-03,69.93250274658203,69.93250274658203,70.16909790039062,69.19560241699219,69.93560028076172,0
2015-03-04,69.2031021118164,69.2031021118164,69.24230194091797,68.60089874267578,69.20929718017578,0
2015-03-05,68.64099884033203,68.64099884033203,68.69010162353516,66.8279037475586,68.63300323486328,0
2015-03-06,67.095703125,67.095703125,67.11830139160156,64.38729858398438,67.095703125,0
2015-03-09,65.52880096435547,65.52880096435547,66.48269653320312,65.36479949951172,65.52880096435547,0
2015-03-10,65.89399719238281,65.89399719238281,66.67169952392578,64.82379913330078,65.91529846191406,0
2015-03-11,66.88259887695312,66.88259887695312,67.239501953125,65.3324966430664,66.88259887695312,0
2015-03-12,64.99759674072266,64.99759674072266,65.15779876708984,64.12319946289062,65.00679779052734,0
2015-03-13,65.00150299072266,65.00150299072266,65.33930206298828,64.23539733886719,65.00150299072266,0
2015-03-16,65.32119750976562,65.32119750976562,66.25050354003906,64.03800201416016,65.32119750976562,0
2015-03-17,65.7511978149414,65.7511978149414,65.89949798583984,65.09149932861328,65.73880004882812,0
2015-03-18,65.19129943847656,65.19129943847656,65.28669738769531,64.66680145263672,65.1697998046875,0
2015-03-19,64.12640380859375,64.12640380859375,64.56809997558594,63.40439987182617,64.10279846191406,0
2015-03-20,64.0072021484375,64.0072021484375,65.09539794921875,63.88240051269531,64.02220153808594,0
2015-03-23,64.16729736328125,64.16729736328125,64.58519744873047,63.79029846191406,64.16729736328125,0
2015-03-24,64.29889678955078,64.29889678955078,64.46630096435547,62.938899993896484,64.29889678955078,0
2015-03-25,62.90039825439453,62.90039825439453,63.61349868774414,62.095001220703125,62.92340087890625,0
2015-03-26,62.98040008544922,62.98040008544922,63.182498931884766,61.597900390625,63.0004997253418,0
2015-03-27,62.42110061645508,62.42110061645508,62.987998962402344,62.00230026245117,62.41830062866211,0
2015-03-30,63.189701080322266,63.189701080322266,63.59120178222656,61.143001556396484,61.143001556396484,0
2015-03-31,62.35929870605469,62.35929870605469,62.64390182495117,61.72589874267578,62.37810134887695,0
2015-04-01,62.49850082397461,62.49850082397461,63.016998291015625,61.81779861450195,62.51599884033203,0
2015-04-02,62.04399871826172,62.04399871826172,62.27859878540039,61.27629852294922,62.04399871826172,0
2015-04-03,61.26959991455078,61.26959991455078,62.56909942626953,61.134498596191406,61.26959991455078,0
2015-04-06,61.26959991455078,61.26959991455078,62.12649917602539,60.4817008972168,61.26959991455078,0
2015-04-07,61.26959991455078,61.26959991455078,61.26959991455078,59.3828010559082,61.26959991455078,0
2015-04-08,59.552799224853516,59.552799224853516,59.7234001159668,57.96549987792969,59.552799224853516,0
2015-04-09,57.845699310302734,57.845699310302734,57.864498138427734,55.7317008972168,57.8484001159668,0
2015-04-10,55.319400787353516,55.319400787353516,55.621498107910156,53.401798248291016,55.32460021972656,0
2015-04-13,56.838199615478516,56.838199615478516,56.838199615478516,52.966400146484375,56.838199615478516,0
2015-04-14,55.006900787353516,55.006900787353516,55.24250030517578,54.31719970703125,54.99909973144531,0
2015-04-15,54.18830108642578,54.18830108642578,54.18320083618164,53.09450149536133,54.18320083618164,0
2015-04-16,53.17839813232422,53.17839813232422,53.87459945678711,52.66080093383789,53.1708984375,0
2015-04-17,53.55830001831055,53.55830001831055,56.532901763916016,53.57320022583008,53.57320022583008,0
2015-04-20,56.0786018371582,56.0786018371582,57.75389862060547,55.022499084472656,55.37350082397461,0
2015-04-21,57.175498962402344,57.175498962402344,57.731300354003906,56.596500396728516,57.18149948120117,0
2015-04-22,57.114498138427734,57.114498138427734,58.07849884033203,56.14350128173828,57.08649826049805,0
2015-04-23,55.31650161743164,55.31650161743164,55.973899841308594,54.420501708984375,55.317501068115234,0
2015-04-24,54.66450119018555,54.66450119018555,55.799198150634766,54.23849868774414,54.669498443603516,0
2015-04-27,55.08649826049805,55.08649826049805,56.520198822021484,54.40549850463867,55.08649826049805,0
2015-04-28,56.037498474121094,56.037498474121094,57.025901794433594,55.42150115966797,56.03950119018555,0
2015-04-29,56.52949905395508,56.52949905395508,57.147499084472656,55.951499938964844,56.53049850463867,0
2015-04-30,56.28150177001953,56.28150177001953,58.1348991394043,56.09349822998047,56.269500732421875,0
2015-05-01,57.44449996948242,57.44449996948242,57.9744987487793,57.1614990234375,57.432498931884766,0
2015-05-04,57.192501068115234,57.192501068115234,58.19779968261719,57.080501556396484,57.192501068115234,0
2015-05-05,57.81050109863281,57.81050109863281,58.02750015258789,56.01649856567383,57.8025016784668,0
2015-05-06,56.24549865722656,56.24549865722656,57.4989013671875,55.592498779296875,56.21950149536133,0
2015-05-07,57.442501068115234,57.442501068115234,57.87080001831055,56.25749969482422,57.4375,0
2015-05-08,56.20650100708008,56.20650100708008,57.432498931884766,56.109500885009766,56.221500396728516,0
2015-05-11,56.903499603271484,56.903499603271484,57.70830154418945,56.08150100708008,56.903499603271484,0
2015-05-12,56.27949905395508,56.27949905395508,57.463199615478516,56.06850051879883,56.29349899291992,0
2015-05-13,56.067501068115234,56.067501068115234,56.455501556396484,55.03049850463867,56.067501068115234,0
2015-05-14,55.93550109863281,55.93550109863281,57.59429931640625,55.35850143432617,55.92649841308594,0
2015-05-15,56.81949996948242,56.81949996948242,57.165401458740234,56.371498107910156,56.81949996948242,0
2015-05-18,56.4375,56.4375,56.71200180053711,55.484500885009766,56.71200180053711,0
2015-05-19,55.544498443603516,55.544498443603516,55.96260070800781,54.70130157470703,55.53950119018555,0
2015-05-20,55.17850112915039,55.17850112915039,55.74869918823242,54.70650100708008,55.16550064086914,0
2015-05-21,55.076499938964844,55.076499938964844,55.86360168457031,55.076499938964844,55.076499938964844,0
2015-05-22,55.53630065917969,55.53630065917969,55.998199462890625,54.871700286865234,55.53739929199219,0
2015-05-25,55.11940002441406,55.11940002441406,55.076541900634766,54.65850067138672,54.93050003051758,0
2015-05-26,55.076541900634766,55.076541900634766,55.36669921875,54.614898681640625,55.076541900634766,0
2015-05-27,55.45970153808594,55.45970153808594,56.49470138549805,55.339900970458984,55.46220016479492,0
2015-05-28,56.64339828491211,56.64339828491211,57.81480026245117,56.50149917602539,56.64860153198242,0
2015-05-29,57.63254165649414,57.63254165649414,58.19020080566406,57.08449935913086,57.649539947509766,0
2015-06-01,57.29050064086914,57.29050064086914,58.41960144042969,57.188499450683594,57.29050064086914,0
2015-06-02,57.923500061035156,57.923500061035156,59.31740188598633,57.923500061035156,57.923500061035156,0
2015-06-03,58.6775016784668,58.6775016784668,61.09749984741211,58.45249938964844,58.68149948120117,0
2015-06-04,59.73849868774414,59.73849868774414,63.156898498535156,59.759498596191406,59.760501861572266,0
2015-06-05,62.37950134277344,62.37950134277344,63.85530090332031,62.13050079345703,62.37950134277344,0
2015-06-08,62.23550033569336,62.23550033569336,63.132301330566406,61.7765007019043,62.23550033569336,0
2015-06-09,62.484500885009766,62.484500885009766,63.42150115966797,62.28850173950195,62.48550033569336,0
2015-06-10,62.53450012207031,62.53450012207031,62.8031005859375,60.647499084472656,62.509498596191406,0
2015-06-11,60.897499084472656,60.897499084472656,61.84000015258789,60.714500427246094,61.446800231933594,0
2015-06-12,61.1775016784668,61.1775016784668,62.069801330566406,60.86249923706055,61.19850158691406,0
2015-06-15,61.56050109863281,61.56050109863281,62.27619934082031,60.9734992980957,61.58649826049805,0
2015-06-16,61.36750030517578,61.36750030517578,61.64849853515625,60.0724983215332,61.44169998168945,0
2015-06-17,60.205501556396484,60.205501556396484,61.13359832763672,60.14550018310547,60.77830123901367,0
2015-06-18,60.81850051879883,60.81850051879883,61.178001403808594,60.170501708984375,60.977901458740234,0
2015-06-19,58.800498962402344,58.800498962402344,61.61360168457031,58.73649978637695,58.80550003051758,0
2015-06-22,60.29949951171875,60.29949951171875,61.45930099487305,60.29949951171875,60.29949951171875,0
2015-06-23,59.884498596191406,59.884498596191406,61.30059814453125,59.65850067138672,59.877498626708984,0
2015-06-24,59.98249816894531,59.98249816894531,61.16510009765625,59.88850021362305,60.2234001159668,0
2015-06-25,60.852500915527344,60.852500915527344,61.55659866333008,60.52349853515625,60.85850143432617,0
2015-06-26,61.2234992980957,61.2234992980957,61.90959930419922,60.919498443603516,61.22850036621094,0
2015-06-29,60.55950164794922,60.55950164794922,62.18669891357422,60.497501373291016,60.561500549316406,0
2015-06-30,61.910499572753906,61.910499572753906,62.589500427246094,61.519500732421875,61.91849899291992,0
2015-07-01,61.44350051879883,61.44350051879883,61.92559814453125,61.2135009765625,61.44049835205078,0
2015-07-02,61.38050079345703,61.38050079345703,61.90250015258789,61.29050064086914,61.397499084472656,0
2015-07-03,61.56439971923828,61.56439971923828,62.06639862060547,61.12049865722656,61.17150115966797,0
2015-07-06,61.5255012512207,61.5255012512207,62.701900482177734,61.52750015258789,61.662498474121094,0
2015-07-07,62.45750045776367,62.45750045776367,63.26139831542969,62.337501525878906,62.45750045776367,0
2015-07-08,62.16450119018555,62.16450119018555,63.78620147705078,61.971500396728516,62.45650100708008,0
2015-07-09,63.442501068115234,63.442501068115234,63.8297004699707,62.31549835205078,63.454498291015625,0
2015-07-10,63.272499084472656,63.272499084472656,63.535301208496094,62.579498291015625,63.27450180053711,0
2015-07-13,62.29750061035156,62.29750061035156,63.15760040283203,62.087501525878906,62.29750061035156,0
2015-07-14,61.570499420166016,61.570499420166016,62.924198150634766,61.53049850463867,61.53150177001953,0
2015-07-15,61.84749984741211,61.84749984741211,62.63570022583008,61.62950134277344,61.84749984741211,0
2015-07-16,62.04050064086914,62.04050064086914,62.481300354003906,61.35449981689453,62.0265007019043,0
2015-07-17,61.84640121459961,61.84640121459961,62.08259963989258,61.4275016784668,61.45249938964844,0
2015-07-20,61.670501708984375,61.670501708984375,61.941898345947266,61.39149856567383,61.670501708984375,0
2015-07-21,61.76649856567383,61.76649856567383,62.297298431396484,61.38949966430664,61.759498596191406,0
2015-07-22,62.0004997253418,62.0004997253418,62.50450134277344,61.88850021362305,61.997501373291016,0
2015-07-23,62.5004997253418,62.5004997253418,63.34370040893555,62.21849822998047,62.50450134277344,0
2015-07-24,63.337501525878906,63.337501525878906,64.3363037109375,63.17449951171875,63.34349822998047,0
2015-07-27,63.93550109863281,63.93550109863281,66.1781005859375,63.68050003051758,63.93550109863281,0
2015-07-28,66.19979858398438,66.19979858398438,67.14219665527344,65.79350280761719,65.98149871826172,0
2015-07-29,66.01850128173828,66.01850128173828,66.68669891357422,64.74549865722656,66.02449798583984,0
2015-07-30,64.00050354003906,64.00050354003906,65.4823989868164,63.93949890136719,64.05049896240234,0
2015-07-31,65.33049774169922,65.33049774169922,67.70829772949219,65.00350189208984,65.34149932861328,0
2015-08-03,67.5145034790039,67.5145034790039,68.98799896240234,65.96489715576172,65.96489715576172,0
2015-08-04,69.364501953125,69.364501953125,69.84329986572266,68.27549743652344,69.34750366210938,0
2015-08-05,68.00250244140625,68.00250244140625,68.89360046386719,67.72049713134766,67.99649810791016,0
2015-08-06,69.05750274658203,69.05750274658203,70.5447998046875,68.7334976196289,69.05549621582031,0
2015-08-07,69.74250030517578,69.74250030517578,70.36190032958984,69.21849822998047,69.87449645996094,0
2015-08-10,68.385498046875,68.385498046875,70.84329986572266,68.3134994506836,68.35649871826172,0
2015-08-11,69.45439910888672,69.45439910888672,71.29789733886719,68.8375015258789,69.2125015258789,0
2015-08-12,69.20249938964844,69.20249938964844,72.50070190429688,69.11250305175781,69.2135009765625,0
2015-08-13,71.4574966430664,71.4574966430664,72.37629699707031,70.30650329589844,71.4574966430664,0
2015-08-14,72.08260345458984,72.08260345458984,72.57029724121094,71.64309692382812,71.885498046875,0
2015-08-17,72.06790161132812,72.06790161132812,73.0280990600586,68.69339752197266,71.4937973022461,0
2015-08-18,71.51303100585938,71.51303100585938,73.05570220947266,69.95506286621094,71.51303100585938,0
2015-08-19,72.41118621826172,72.41118621826172,73.61209869384766,71.85848236083984,72.41118621826172,0
2015-08-20,73.6704330444336,73.6704330444336,75.47979736328125,73.32090759277344,73.6704330444336,0
2015-08-21,75.37006378173828,75.37006378173828,78.14579772949219,75.37006378173828,75.37006378173828,0
2015-08-24,78.55329895019531,78.55329895019531,83.60579681396484,75.94200134277344,75.94200134277344,0
2015-08-25,82.30702209472656,82.30702209472656,82.45980072021484,78.10060119628906,82.18170166015625,0
2015-08-26,79.39750671386719,79.39750671386719,80.3324966430664,78.55145263671875,79.39750671386719,0
2015-08-27,77.80976104736328,77.80976104736328,78.30359649658203,73.9383773803711,78.1530990600586,0
2015-08-28,73.07882690429688,73.07882690429688,76.12359619140625,70.56465911865234,73.07882690429688,0
2015-08-31,71.61168670654297,71.61168670654297,75.66190338134766,72.52642059326172,74.64250183105469,0
2015-09-01,71.97501373291016,71.97501373291016,74.87830352783203,70.65528869628906,71.97501373291016,0
2015-09-02,73.93428039550781,73.93428039550781,76.44319915771484,72.26698303222656,75.14048767089844,0
2015-09-03,73.6505126953125,73.6505126953125,75.68879699707031,73.30072021484375,73.6505126953125,0
2015-09-04,74.61155700683594,74.61155700683594,75.6438980102539,73.23587799072266,74.61155700683594,0
2015-09-07,76.16002655029297,76.16002655029297,77.15039825439453,74.17500305175781,74.17500305175781,0
2015-09-08,75.68965148925781,75.68965148925781,77.52649688720703,72.71739196777344,75.68965148925781,0
2015-09-09,73.89814758300781,73.89814758300781,76.14540100097656,73.19329071044922,73.89814758300781,0
2015-09-10,76.68197631835938,76.68197631835938,77.20680236816406,75.92694091796875,76.45860290527344,0
2015-09-11,76.14539337158203,76.14539337158203,77.13400268554688,73.77375793457031,76.14539337158203,0
2015-09-14,76.88870239257812,76.88870239257812,77.28489685058594,75.0461196899414,76.88870239257812,0
2015-09-15,75.5360107421875,75.5360107421875,77.35430145263672,73.44468688964844,75.5360107421875,0
2015-09-16,74.99236297607422,74.99236297607422,75.40660095214844,73.2822494506836,74.99236297607422,0
2015-09-17,73.34668731689453,73.34668731689453,74.91570281982422,71.3741226196289,73.34668731689453,0
2015-09-18,74.59870147705078,74.59870147705078,75.7677001953125,73.69583129882812,74.62809753417969,0
2015-09-21,75.13390350341797,75.13390350341797,75.2406005859375,72.61135864257812,74.06800079345703,0
2015-09-22,73.54313659667969,73.54313659667969,74.41470336914062,72.97782897949219,73.54313659667969,0
2015-09-23,73.40869903564453,73.40869903564453,73.9916000366211,72.59809112548828,73.0554428100586,0
2015-09-24,73.12969970703125,73.12969970703125,75.16719818115234,73.12969970703125,74.46959686279297,0
2015-09-25,73.85079956054688,73.85079956054688,74.04879760742188,72.72398376464844,73.86740112304688,0
2015-09-28,73.0539779663086,73.0539779663086,73.81279754638672,72.35929870605469,72.35929870605469,0
2015-09-29,73.45610809326172,73.45610809326172,74.89450073242188,72.42642211914062,73.45610809326172,0
2015-09-30,73.64244842529297,73.64244842529297,74.1426010131836,72.78716278076172,73.64244842529297,0
2015-10-01,72.67372131347656,72.67372131347656,73.4822006225586,70.33331298828125,72.67372131347656,0
2015-10-02,72.4991683959961,72.4991683959961,75.32990264892578,72.4991683959961,73.53459930419922,0
2015-10-05,73.92204284667969,73.92204284667969,74.12889862060547,72.2980728149414,73.06620025634766,0
2015-10-06,72.17878723144531,72.17878723144531,73.16580200195312,70.59439849853516,72.17878723144531,0
2015-10-07,70.58496856689453,70.58496856689453,71.60449981689453,69.35868072509766,70.58496856689453,0
2015-10-08,67.30490112304688,67.30490112304688,70.78250122070312,67.30490112304688,67.30490112304688,0
2015-10-09,69.04380798339844,69.04380798339844,70.03070068359375,66.97679138183594,69.04380798339844,0
2015-10-12,70.1978988647461,70.1978988647461,70.00679779052734,65.99317169189453,65.99317169189453,0
2015-10-13,70.02570343017578,70.02570343017578,71.69650268554688,69.25166320800781,70.02570343017578,0
2015-10-14,70.93216705322266,70.93216705322266,72.23159790039062,69.51213836669922,71.75800323486328,0
2015-10-15,71.93579864501953,71.93579864501953,71.96399688720703,68.98735046386719,71.94519805908203,0
2015-10-16,69.74371337890625,69.74371337890625,70.4352035522461,69.27970123291016,69.74371337890625,0
2015-10-19,68.96833801269531,68.96833801269531,70.61113739013672,66.55500030517578,68.96833801269531,0
2015-10-20,70.18675994873047,70.18675994873047,70.91110229492188,68.8727035522461,70.18675994873047,0
2015-10-21,69.99401092529297,69.99401092529297,71.65560150146484,69.97579193115234,69.99401092529297,0
2015-10-22,71.34290313720703,71.34290313720703,71.72750091552734,67.31974029541016,71.28839874267578,0
2015-10-23,69.33489990234375,69.33489990234375,69.72750091552734,65.49552154541016,69.34739685058594,0
2015-10-26,68.51329803466797,68.51329803466797,69.60479736328125,68.46929931640625,68.51329803466797,0
2015-10-27,69.6607666015625,69.6607666015625,71.77690124511719,66.9080810546875,69.68379974365234,0
2015-10-28,72.19319915771484,72.19319915771484,72.39430236816406,70.18018341064453,71.4495620727539,0
2015-10-29,69.90869903564453,69.90869903564453,70.79640197753906,65.52877807617188,69.8927001953125,0
2015-10-30,68.04350280761719,68.04350280761719,71.09110260009766,67.93966674804688,68.04350280761719,0
2015-11-02,69.36298370361328,69.36298370361328,70.95883178710938,66.36917877197266,69.36298370361328,0
2015-11-03,70.04209899902344,70.04209899902344,70.51152038574219,68.49478149414062,70.04209899902344,0
2015-11-04,68.38957214355469,68.38957214355469,68.91230010986328,65.95108032226562,68.38957214355469,0
2015-11-05,67.93895721435547,67.93895721435547,69.17240142822266,66.4457778930664,67.93895721435547,0
2015-11-06,67.88762664794922,67.88762664794922,69.5792007446289,64.8018798828125,67.88762664794922,0
2015-11-09,68.43289184570312,68.43289184570312,69.76566314697266,66.08187103271484,67.73500061035156,0
2015-11-10,69.3943862915039,69.3943862915039,69.49819946289062,66.91442108154297,69.3943862915039,0
2015-11-11,69.05349731445312,69.05349731445312,69.74500274658203,68.28780364990234,69.05349731445312,0
2015-11-12,69.9884033203125,69.9884033203125,71.33049774169922,69.74749755859375,69.99340057373047,0
2015-11-13,71.11849975585938,71.11849975585938,72.18119812011719,70.57350158691406,71.09839630126953,0
2015-11-16,69.79239654541016,69.79239654541016,71.60679626464844,70.28369903564453,71.05840301513672,0
2015-11-17,69.44339752197266,69.44339752197266,70.12889862060547,68.23419952392578,69.44339752197266,0
2015-11-18,68.86840057373047,68.86840057373047,69.45890045166016,67.7699966430664,69.05339813232422,0
2015-11-19,68.6615982055664,68.6615982055664,69.59609985351562,66.4032974243164,69.01840209960938,0
2015-11-20,69.23809814453125,69.23809814453125,69.58529663085938,67.83149719238281,69.05840301513672,0
2015-11-23,61.788700103759766,61.788700103759766,61.788700103759766,61.788700103759766,61.788700103759766,0
2015-11-24,61.788700103759766,61.788700103759766,70.74870300292969,69.63240051269531,70.61190032958984,0
2015-11-25,67.77349853515625,67.77349853515625,70.0730972290039,65.77100372314453,67.77349853515625,0
2015-11-26,69.77020263671875,69.77020263671875,70.07579803466797,66.82050323486328,69.76950073242188,0
2015-11-27,69.01850128173828,69.01850128173828,70.49169921875,67.47119903564453,69.01349639892578,0
2015-11-30,69.08999633789062,69.08999633789062,70.74579620361328,69.08999633789062,69.08999633789062,0
2015-12-01,69.92389678955078,69.92389678955078,70.9219970703125,69.88390350341797,69.92389678955078,0
2015-12-02,70.58889770507812,70.58889770507812,71.26460266113281,70.47640228271484,70.58889770507812,0
2015-12-03,70.35209655761719,70.35209655761719,73.9375,70.34429931640625,70.3468017578125,0
2015-12-04,73.41390228271484,73.41390228271484,74.677001953125,73.13069915771484,73.42389678955078,0
2015-12-07,73.28389739990234,73.28389739990234,74.97540283203125,72.75959777832031,73.28890228271484,0
2015-12-08,74.96890258789062,74.96890258789062,76.13860321044922,74.52890014648438,74.9738998413086,0
2015-12-09,75.23889923095703,75.23889923095703,76.25769805908203,74.8739013671875,75.23889923095703,0
2015-12-10,76.06590270996094,76.06590270996094,76.52519989013672,75.0905990600586,76.06289672851562,0
2015-12-11,71.76920318603516,71.76920318603516,77.18340301513672,71.69239807128906,71.76509857177734,0
2015-12-14,74.3102035522461,74.3102035522461,78.18830108642578,70.185302734375,74.3102035522461,0
2015-12-15,76.92890167236328,76.92890167236328,78.46759796142578,73.76570129394531,76.91390228271484,0
2015-12-16,76.38890075683594,76.38890075683594,77.2136001586914,75.43190002441406,76.4905014038086,0
2015-12-17,75.07579803466797,75.07579803466797,77.17240142822266,73.44309997558594,76.42320251464844,0
2015-12-18,76.60389709472656,76.60389709472656,77.55729675292969,76.36389923095703,76.5988998413086,0
2015-12-21,75.62680053710938,75.62680053710938,77.79199981689453,74.91600036621094,74.91600036621094,0
2015-12-22,77.68900299072266,77.68900299072266,78.22109985351562,76.33290100097656,77.69400024414062,0
2015-12-23,77.74400329589844,77.74400329589844,78.04209899902344,73.88310241699219,77.74400329589844,0
2015-12-24,75.86399841308594,75.86399841308594,77.4489974975586,73.07949829101562,75.86399841308594,0
2015-12-25,76.30909729003906,76.30909729003906,76.30909729003906,76.30909729003906,76.30909729003906,0
2015-12-28,75.40160369873047,75.40160369873047,79.49700164794922,73.55249786376953,75.39800262451172,0
2015-12-29,77.81069946289062,77.81069946289062,80.00689697265625,75.45369720458984,77.81580352783203,0
2015-12-30,75.11489868164062,75.11489868164062,80.24579620361328,75.11370086669922,75.11370086669922,0
2015-12-31,79.97769927978516,79.97769927978516,81.16010284423828,79.72810363769531,79.97769927978516,0
2016-01-01,79.85395050048828,79.85395050048828,79.85395050048828,79.85395050048828,79.85395050048828,0
2016-01-04,76.55719757080078,76.55719757080078,80.39649963378906,75.34929656982422,76.55719757080078,0
2016-01-05,78.53520202636719,78.53520202636719,79.32929992675781,78.37760162353516,78.53520202636719,0
2016-01-06,78.63089752197266,78.63089752197266,80.58399963378906,78.15390014648438,78.63089752197266,0
2016-01-07,80.08360290527344,80.08360290527344,82.42330169677734,80.08360290527344,80.08360290527344,0
2016-01-08,80.46980285644531,80.46980285644531,81.7488021850586,79.78060150146484,80.46980285644531,0
2016-01-11,81.28610229492188,81.28610229492188,83.32389831542969,79.44349670410156,79.44349670410156,0
2016-01-12,82.4490966796875,82.4490966796875,83.8019027709961,82.32129669189453,82.4490966796875,0
2016-01-13,82.81719970703125,82.81719970703125,83.57599639892578,81.8927001953125,82.81719970703125,0
2016-01-14,82.64209747314453,82.64209747314453,84.02950286865234,82.64209747314453,82.64209747314453,0
2016-01-15,82.82250213623047,82.82250213623047,85.22730255126953,82.71179962158203,82.71179962158203,0
2016-01-18,85.10430145263672,85.10430145263672,86.5291976928711,84.8916015625,84.8916015625,0
2016-01-19,85.9843521118164,85.9843521118164,86.68509674072266,84.83699798583984,85.9843521118164,0
2016-01-20,85.54779052734375,85.54779052734375,89.34839630126953,85.54779052734375,85.54779052734375,0
2016-01-21,89.1588134765625,89.1588134765625,93.58820343017578,88.42019653320312,89.1588134765625,0
2016-01-22,89.2251968383789,89.2251968383789,90.94937896728516,84.27652740478516,90.94937896728516,0
2016-01-25,84.70600128173828,84.70600128173828,86.75700378417969,82.81144714355469,84.4126968383789,0
2016-01-26,86.14938354492188,86.14938354492188,89.30829620361328,84.91507720947266,86.92400360107422,0
2016-01-27,85.37779998779297,85.37779998779297,86.34989929199219,84.69268798828125,85.69051361083984,0
2016-01-28,85.09339904785156,85.09339904785156,85.20159912109375,82.3104019165039,85.09339904785156,0
2016-01-29,84.01895141601562,84.01895141601562,84.01895141601562,81.28894805908203,84.01895141601562,0
2016-02-01,81.31144714355469,81.31144714355469,83.58399963378906,82.00714111328125,82.13700103759766,0
2016-02-02,83.4040298461914,83.4040298461914,87.09329986572266,83.4040298461914,83.4040298461914,0
2016-02-03,87.18769836425781,87.18769836425781,87.70439910888672,85.05650329589844,87.18370056152344,0
2016-02-04,86.74144744873047,86.74144744873047,86.74144744873047,84.00395202636719,86.74144744873047,0
2016-02-05,85.17871856689453,85.17871856689453,86.8350601196289,85.17871856689453,85.17871856689453,0
2016-02-08,86.49150085449219,86.49150085449219,87.10399627685547,84.9625015258789,84.9625015258789,0
2016-02-09,86.99162292480469,86.99162292480469,89.15149688720703,86.99162292480469,86.99162292480469,0
2016-02-10,88.99894714355469,88.99894714355469,90.08560180664062,86.8918228149414,88.99894714355469,0
2016-02-11,88.04644775390625,88.04644775390625,91.43240356445312,88.04644775390625,88.54219818115234,0
2016-02-12,91.18247985839844,91.18247985839844,91.18247985839844,88.27239990234375,91.18247985839844,0
2016-02-15,88.4365005493164,88.4365005493164,88.21929931640625,85.95394897460938,88.21929931640625,0
2016-02-16,86.1114501953125,86.1114501953125,86.93370056152344,84.70894622802734,86.1114501953125,0
2016-02-17,86.74144744873047,86.74144744873047,87.41419982910156,83.88458251953125,86.74144744873047,0
2016-02-18,83.73960876464844,83.73960876464844,84.49839782714844,83.19100189208984,83.45079803466797,0
2016-02-19,83.715087890625,83.715087890625,86.51850128173828,83.715087890625,84.87339782714844,0
2016-02-22,84.29000091552734,84.29000091552734,84.88894653320312,82.8865737915039,84.29000091552734,0
2016-02-23,83.13591003417969,83.13591003417969,84.08329772949219,82.44854736328125,83.13591003417969,0
2016-02-24,84.0450668334961,84.0450668334961,85.4166030883789,83.71894836425781,84.27570343017578,0
2016-02-25,83.76419830322266,83.76419830322266,84.5739517211914,83.30242156982422,83.75659942626953,0
2016-02-26,83.03630065917969,83.03630065917969,84.10720825195312,81.60714721679688,83.07160186767578,0
2016-02-29,82.4728775024414,82.4728775024414,83.37539672851562,81.51801300048828,83.37539672851562,0
2016-03-01,81.49894714355469,81.49894714355469,81.6624984741211,79.93563079833984,81.49894714355469,0
2016-03-02,80.35144805908203,80.35144805908203,80.58820343017578,79.35769653320312,79.63500213623047,0
2016-03-03,79.53395080566406,79.53395080566406,80.73529815673828,79.36150360107422,79.53395080566406,0
2016-03-04,79.98271942138672,79.98271942138672,80.48079681396484,79.22750091552734,79.98271942138672,0
2016-03-07,79.5489501953125,79.5489501953125,79.32559967041016,78.37145233154297,79.32559967041016,0
2016-03-08,78.72395324707031,78.72395324707031,80.60579681396484,78.66459655761719,78.72395324707031,0
2016-03-09,80.58394622802734,80.58394622802734,80.58394622802734,77.68251037597656,80.31310272216797,0
2016-03-10,78.09190368652344,78.09190368652344,79.63030242919922,75.83595275878906,78.09190368652344,0
2016-03-11,79.28645324707031,79.28645324707031,80.11329650878906,77.08299255371094,79.88670349121094,0
2016-03-14,76.95845031738281,76.95845031738281,78.81659698486328,76.35700225830078,76.35700225830078,0
2016-03-15,77.60645294189453,77.60645294189453,79.27729797363281,76.93079376220703,77.55394744873047,0
2016-03-16,78.54395294189453,78.54395294189453,78.95950317382812,77.81714630126953,78.54395294189453,0
2016-03-17,77.37394714355469,77.37394714355469,77.84619903564453,76.60144805908203,77.39644622802734,0
2016-03-18,76.81144714355469,76.81144714355469,77.42780303955078,75.89485168457031,76.81144714355469,0
2016-03-21,77.18820190429688,77.18820190429688,77.77234649658203,75.23500061035156,75.23500061035156,0
2016-03-22,76.3614501953125,76.3614501953125,76.69390106201172,75.54419708251953,76.3614501953125,0
2016-03-23,75.63784790039062,75.63784790039062,76.54730224609375,75.45265197753906,75.63784790039062,0
2016-03-24,76.76080322265625,76.76080322265625,77.7596435546875,76.2628173828125,76.72989654541016,0
2016-03-25,76.33277130126953,76.33277130126953,76.55847930908203,75.72174835205078,76.33277130126953,0
2016-03-28,76.36844635009766,76.36844635009766,76.9239501953125,75.47644805908203,76.28019714355469,0
2016-03-29,76.6539535522461,76.6539535522461,77.44889831542969,75.86263275146484,76.64644622802734,0
2016-03-30,76.29432678222656,76.29432678222656,77.36710357666016,76.18144989013672,76.96510314941406,0
2016-03-31,77.28199768066406,77.28199768066406,77.51229858398438,76.0300521850586,77.2573013305664,0
2016-04-01,75.6489486694336,75.6489486694336,77.91079711914062,75.41645050048828,75.64144897460938,0
2016-04-04,77.07730102539062,77.07730102539062,78.42489624023438,76.5780029296875,76.5780029296875,0
2016-04-05,78.10569763183594,78.10569763183594,78.85144805908203,77.54657745361328,78.10919952392578,0
2016-04-06,77.85395050048828,77.85395050048828,78.31009674072266,77.16206359863281,77.85395050048828,0
2016-04-07,76.93894958496094,76.93894958496094,77.9209976196289,76.86795043945312,76.9239501953125,0
2016-04-08,77.0165023803711,77.0165023803711,77.50789642333984,76.09329986572266,77.0165023803711,0
2016-04-11,76.53469848632812,76.53469848632812,76.80989837646484,75.44969940185547,75.44969940185547,0
2016-04-12,76.21894836425781,76.21894836425781,76.36640167236328,74.74894714355469,76.20394897460938,0
2016-04-13,73.84324645996094,73.84324645996094,75.09369659423828,73.50607299804688,73.84324645996094,0
2016-04-14,74.24645233154297,74.24645233154297,74.89900207519531,73.58770751953125,74.76180267333984,0
2016-04-15,73.7825698852539,73.7825698852539,75.3572998046875,73.55240631103516,74.39469909667969,0
2016-04-18,77.09645080566406,77.09645080566406,77.6333999633789,74.75540161132812,77.09645080566406,0
2016-04-19,74.28395080566406,74.28395080566406,75.30799865722656,74.10491180419922,74.28395080566406,0
2016-04-20,74.32894897460938,74.32894897460938,75.8906021118164,74.10780334472656,74.32894897460938,0
2016-04-21,73.54145050048828,73.54145050048828,74.89070129394531,72.74121856689453,73.5489501953125,0
2016-04-22,75.4375991821289,75.4375991821289,75.46510314941406,73.73464965820312,75.44760131835938,0
2016-04-25,74.26895141601562,74.26895141601562,75.21810150146484,73.5719985961914,73.5719985961914,0
2016-04-26,74.50894927978516,74.50894927978516,75.15160369873047,74.11102294921875,74.49394989013672,0
2016-04-27,73.45894622802734,73.45894622802734,74.7343978881836,73.2952880859375,73.45894622802734,0
2016-04-28,73.25221252441406,73.25221252441406,74.17659759521484,72.7989501953125,73.25221252441406,0
2016-04-29,73.0914535522461,73.0914535522461,74.1676025390625,72.9072494506836,73.09895324707031,0
2016-05-02,72.08450317382812,72.08450317382812,75.08450317382812,72.08450317382812,72.08450317382812,0
2016-05-03,75.10144805908203,75.10144805908203,77.20110321044922,74.53144836425781,75.10144805908203,0
2016-05-04,76.3989486694336,76.3989486694336,76.70210266113281,75.52144622802734,76.40644836425781,0
2016-05-05,76.2564468383789,76.2564468383789,76.61180114746094,74.54644775390625,76.2564468383789,0
2016-05-06,74.1489486694336,74.1489486694336,76.00740051269531,74.1489486694336,74.1489486694336,0
2016-05-09,74.1114501953125,74.1114501953125,76.05449676513672,73.82026672363281,74.1114501953125,0
2016-05-10,75.7614517211914,75.7614517211914,75.77890014648438,75.20259857177734,75.7614517211914,0
2016-05-11,74.66192626953125,74.66192626953125,75.59919738769531,74.13436126708984,74.6614990234375,0
2016-05-12,73.91645050048828,73.91645050048828,74.54119873046875,73.13710021972656,73.90145111083984,0
2016-05-13,73.34645080566406,73.34645080566406,74.25330352783203,73.03746795654297,73.34645080566406,0
2016-05-16,74.08145141601562,74.08145141601562,74.09645080566406,72.76895141601562,74.09645080566406,0
2016-05-17,73.46690368652344,73.46690368652344,73.57430267333984,72.31057739257812,73.22644805908203,0
2016-05-18,72.81394958496094,72.81394958496094,73.85167694091797,72.49144744873047,73.03144836425781,0
2016-05-19,73.9614486694336,73.9614486694336,75.45339965820312,73.9614486694336,73.9614486694336,0
2016-05-20,74.40345001220703,74.40345001220703,75.08193969726562,74.12644958496094,74.40345001220703,0
2016-05-23,74.868896484375,74.868896484375,75.46285247802734,74.30644989013672,74.868896484375,0
2016-05-24,74.8290023803711,74.8290023803711,75.27400207519531,74.11943054199219,74.8290023803711,0
2016-05-25,73.4439468383789,73.4439468383789,73.89739990234375,72.71244812011719,73.34645080566406,0
2016-05-26,72.62644958496094,72.62644958496094,73.66354370117188,72.42729187011719,72.61894989013672,0
2016-05-27,73.57894897460938,73.57894897460938,73.94329833984375,73.20394897460938,73.57894897460938,0
2016-05-30,73.15440368652344,73.15440368652344,73.67769622802734,72.70558166503906,72.75890350341797,0
2016-05-31,72.73783111572266,72.73783111572266,73.71720123291016,72.49144744873047,72.73783111572266,0
2016-06-01,73.90895080566406,73.90895080566406,75.16850280761719,73.69212341308594,73.90895080566406,0
2016-06-02,74.6739501953125,74.6739501953125,75.66725158691406,74.50894927978516,74.6739501953125,0
2016-06-03,74.23895263671875,74.23895263671875,75.14520263671875,74.23895263671875,74.23895263671875,0
2016-06-06,73.71395111083984,73.71395111083984,74.8614501953125,73.62200164794922,73.62200164794922,0
2016-06-07,73.7739486694336,73.7739486694336,74.518798828125,73.4521713256836,74.44490051269531,0
2016-06-08,73.34049224853516,73.34049224853516,73.68699645996094,72.3777084350586,73.23729705810547,0
2016-06-09,72.44644927978516,72.44644927978516,73.01435089111328,72.28965759277344,72.43894958496094,0
2016-06-10,72.15091705322266,72.15091705322266,73.27580261230469,71.84549713134766,72.09819030761719,0
2016-06-13,72.76024627685547,72.76024627685547,74.36579895019531,72.64144897460938,72.76264953613281,0
2016-06-14,73.86395263671875,73.86395263671875,74.48999786376953,73.71124267578125,74.04309844970703,0
2016-06-15,74.0344009399414,74.0344009399414,74.1593017578125,73.37008666992188,74.09089660644531,0
2016-06-16,73.79620361328125,73.79620361328125,74.39990234375,73.10635375976562,73.77239990234375,0
2016-06-17,73.49645233154297,73.49645233154297,74.03189849853516,72.87394714355469,73.60894775390625,0
2016-06-20,73.17694854736328,73.17694854736328,73.5552978515625,72.32099914550781,73.15084838867188,0
2016-06-21,72.43894958496094,72.43894958496094,72.9990005493164,71.9251480102539,72.43894958496094,0
2016-06-22,71.65895080566406,71.65895080566406,72.89520263671875,71.5336685180664,71.83760070800781,0
2016-06-23,72.28144836425781,72.28144836425781,73.23384857177734,72.18395233154297,72.36505126953125,0
2016-06-24,71.86894226074219,71.86894226074219,74.02860260009766,71.57914733886719,71.9139404296875,0
2016-06-27,72.04145050048828,72.04145050048828,72.21759796142578,69.97972869873047,72.05644989013672,0
2016-06-28,71.77144622802734,71.77144622802734,72.36039733886719,71.03643035888672,71.77144622802734,0
2016-06-29,70.81825256347656,70.81825256347656,71.37449645996094,70.01644897460938,70.82185363769531,0
2016-06-30,70.49185180664062,70.49185180664062,71.60919952392578,69.84600067138672,70.49185180664062,0
2016-07-01,70.54315185546875,70.54315185546875,71.4864501953125,70.20481872558594,70.54315185546875,0
2016-07-04,70.36000061035156,70.36000061035156,71.5201416015625,70.1258316040039,70.36000061035156,0
2016-07-05,70.99894714355469,70.99894714355469,71.91607666015625,70.85514831542969,71.0064468383789,0
2016-07-06,71.05915069580078,71.05915069580078,71.70369720458984,70.67754364013672,71.03555297851562,0
2016-07-07,71.20894622802734,71.20894622802734,71.48629760742188,70.57250213623047,71.20144653320312,0
2016-07-08,71.2614517211914,71.2614517211914,71.58070373535156,70.28645324707031,71.25395202636719,0
2016-07-11,70.53427124023438,70.53427124023438,71.03189849853516,70.34163665771484,70.53427124023438,0
2016-07-12,70.43644714355469,70.43644714355469,71.1512222290039,70.43644714355469,70.43644714355469,0
2016-07-13,69.78018951416016,69.78018951416016,71.16300201416016,69.78018951416016,69.78018951416016,0
2016-07-14,70.79644775390625,70.79644775390625,71.10130310058594,69.67990112304688,70.947998046875,0
2016-07-15,69.42324829101562,69.42324829101562,70.54560089111328,68.83882904052734,69.45124816894531,0
2016-07-18,69.9832534790039,69.9832534790039,70.38311004638672,69.4797592163086,70.01595306396484,0
2016-07-19,69.44644927978516,69.44644927978516,69.83161926269531,69.06033325195312,69.43894958496094,0
2016-07-20,69.78395080566406,69.78395080566406,70.25789642333984,69.4581298828125,69.79145050048828,0
2016-07-21,70.12895202636719,70.12895202636719,70.6940689086914,69.92645263671875,70.12145233154297,0
2016-07-22,70.73158264160156,70.73158264160156,71.44519805908203,70.62525177001953,70.72895050048828,0
2016-07-25,70.70645141601562,70.70645141601562,71.80204772949219,70.51895141601562,70.6989517211914,0
2016-07-26,71.93560028076172,71.93560028076172,73.08834838867188,71.41895294189453,71.9209976196289,0
2016-07-27,72.49929809570312,72.49929809570312,72.96501922607422,71.97590637207031,72.49600219726562,0
2016-07-28,73.06990051269531,73.06990051269531,74.04357147216797,72.19525146484375,72.47525024414062,0
2016-07-29,73.79644775390625,73.79644775390625,74.69819641113281,73.25272369384766,73.78894805908203,0
2016-08-01,73.56725311279297,73.56725311279297,74.40509796142578,72.97525787353516,73.56725311279297,0
2016-08-02,74.58394622802734,74.58394622802734,75.05670166015625,74.0291976928711,74.58394622802734,0
2016-08-03,74.6364517211914,74.6364517211914,75.04550170898438,73.52645111083984,74.7562026977539,0
2016-08-04,73.6989517211914,73.6989517211914,74.03959655761719,73.23107147216797,73.6989517211914,0
2016-08-05,72.69924926757812,72.69924926757812,73.5145034790039,71.71826934814453,72.62077331542969,0
2016-08-08,72.22895050048828,72.22895050048828,72.8678970336914,71.4424819946289,72.22145080566406,0
2016-08-09,71.27124786376953,71.27124786376953,72.1270980834961,70.82093048095703,71.04511260986328,0
2016-08-10,71.72644805908203,71.72644805908203,72.5425033569336,71.5689468383789,71.73394775390625,0
2016-08-11,72.37895202636719,72.37895202636719,72.7228012084961,71.49469757080078,72.59269714355469,0
2016-08-12,71.59369659423828,71.59369659423828,72.58529663085938,71.16153717041016,71.38894653320312,0
2016-08-15,71.38745880126953,71.38745880126953,72.13639831542969,70.46398162841797,71.3857421875,0
2016-08-16,71.32894897460938,71.32894897460938,72.28299713134766,71.0116195678711,71.32894897460938,0
2016-08-17,71.83145141601562,71.83145141601562,72.45819854736328,71.63465118408203,71.83145141601562,0
2016-08-18,71.98895263671875,71.98895263671875,72.58941650390625,71.76824188232422,71.98895263671875,0
2016-08-19,72.10144805908203,72.10144805908203,72.6072998046875,71.85395050048828,72.10894775390625,0
2016-08-22,75.879150390625,75.879150390625,75.879150390625,71.9439468383789,75.879150390625,0
2016-08-23,73.26394653320312,73.26394653320312,73.61959838867188,72.74933624267578,73.2564468383789,0
2016-08-24,72.68644714355469,72.68644714355469,73.46589660644531,72.3864517211914,72.6939468383789,0
2016-08-25,73.00144958496094,73.00144958496094,73.49169921875,72.90160369873047,73.00144958496094,0
2016-08-26,72.94145202636719,72.94145202636719,73.24205780029297,72.24788665771484,72.94145202636719,0
2016-08-29,71.91944885253906,71.91944885253906,72.88719940185547,71.65895080566406,72.07894897460938,0
2016-08-30,72.16145324707031,72.16145324707031,72.79139709472656,71.70791625976562,72.14644622802734,0
2016-08-31,72.77069854736328,72.77069854736328,72.94670104980469,71.70108795166016,72.66394805908203,0
2016-09-01,72.6939468383789,72.6939468383789,73.89520263671875,72.2540512084961,72.68644714355469,0
2016-09-02,73.79399871826172,73.79399871826172,73.84359741210938,72.57540130615234,73.79209899902344,0
2016-09-05,72.67459869384766,72.67459869384766,72.7177963256836,72.05770111083984,72.67459869384766,0
2016-09-06,72.40679931640625,72.40679931640625,72.68910217285156,72.02140045166016,72.40360260009766,0
2016-09-07,72.58309936523438,72.58309936523438,72.63832092285156,72.22402954101562,72.5509033203125,0
2016-09-08,72.01895141601562,72.01895141601562,72.37529754638672,71.62950134277344,71.97544860839844,0
2016-09-09,71.83544921875,71.83544921875,72.62899780273438,71.75144958496094,71.80744934082031,0
2016-09-12,71.55339813232422,71.55339813232422,73.30339813232422,71.45894622802734,71.55339813232422,0
2016-09-13,72.22804260253906,72.22804260253906,73.31670379638672,72.11239624023438,72.41645050048828,0
2016-09-14,73.15895080566406,73.15895080566406,73.37370300292969,72.70894622802734,73.15895080566406,0
2016-09-15,73.30020141601562,73.30020141601562,73.41864013671875,72.71298217773438,73.20394897460938,0
2016-09-16,72.5064468383789,72.5064468383789,73.08889770507812,72.1814193725586,72.58145141601562,0
2016-09-19,72.1666488647461,72.1666488647461,72.56279754638672,71.68514251708984,72.03601837158203,0
2016-09-20,72.19660186767578,72.19660186767578,72.66502380371094,71.87644958496094,72.18460083007812,0
2016-09-21,72.11644744873047,72.11644744873047,72.23059844970703,71.4708023071289,72.21170043945312,0
2016-09-22,71.20894622802734,71.20894622802734,71.8822021484375,70.69145202636719,71.1939468383789,0
2016-09-23,71.37239837646484,71.37239837646484,71.73670196533203,70.92919158935547,71.08895111083984,0
2016-09-26,71.69644927978516,71.69644927978516,72.1532974243164,71.24645233154297,71.68894958496094,0
2016-09-27,71.68894958496094,71.68894958496094,71.93669891357422,71.21482849121094,71.69644927978516,0
2016-09-28,71.39644622802734,71.39644622802734,71.83145141601562,71.17510223388672,71.39644622802734,0
2016-09-29,70.66895294189453,70.66895294189453,71.14430236816406,70.1364517211914,70.67645263671875,0
2016-09-30,70.49645233154297,70.49645233154297,71.0886001586914,70.25125122070312,70.3366928100586,0
2016-10-03,70.57144927978516,70.57144927978516,70.71729278564453,69.82013702392578,70.57894897460938,0
2016-10-04,69.73895263671875,69.73895263671875,70.14579772949219,69.40219116210938,69.72395324707031,0
2016-10-05,70.20394897460938,70.20394897460938,70.38030242919922,69.20256805419922,70.2759017944336,0
2016-10-06,69.8998031616211,69.8998031616211,69.94390106201172,68.92682647705078,69.83660125732422,0
2016-10-07,69.2301025390625,69.2301025390625,69.58619689941406,68.54850006103516,69.1989517211914,0
2016-10-10,69.3414535522461,69.3414535522461,69.80809783935547,68.54454803466797,69.34895324707031,0
2016-10-11,69.0114517211914,69.0114517211914,69.52144622802734,68.46674346923828,69.02645111083984,0
2016-10-12,69.24394989013672,69.24394989013672,69.51429748535156,68.09748077392578,69.2364501953125,0
2016-10-13,69.3189468383789,69.3189468383789,69.99490356445312,68.90962219238281,69.31144714355469,0
2016-10-14,69.34895324707031,69.34895324707031,69.6531982421875,68.87644958496094,69.34895324707031,0
2016-10-17,68.7564468383789,68.7564468383789,69.41085052490234,68.311767578125,68.7564468383789,0
2016-10-18,69.35645294189453,69.35645294189453,69.54540252685547,69.04615783691406,69.33394622802734,0
2016-10-19,68.97699737548828,68.97699737548828,69.20230102539062,68.14144897460938,68.92269897460938,0
2016-10-20,68.37660217285156,68.37660217285156,68.8239517211914,67.4215316772461,68.36840057373047,0
2016-10-21,68.25029754638672,68.25029754638672,68.268798828125,67.1014404296875,68.2426986694336,0
2016-10-24,67.66895294189453,67.66895294189453,68.05049896240234,66.85140991210938,67.67645263671875,0
2016-10-25,67.1739501953125,67.1739501953125,67.69180297851562,67.16645050048828,67.19644927978516,0
2016-10-26,67.62394714355469,67.62394714355469,68.76129913330078,66.57626342773438,67.62394714355469,0
2016-10-27,68.46395111083984,68.46395111083984,68.93428802490234,67.99331665039062,68.45645141601562,0
2016-10-28,68.36620330810547,68.36620330810547,68.9020004272461,67.60144805908203,68.27645111083984,0
2016-10-31,68.8989486694336,68.8989486694336,69.39849853515625,68.15644836425781,68.8989486694336,0
2016-11-01,69.09394836425781,69.09394836425781,69.75399780273438,68.89894104003906,69.09394836425781,0
2016-11-02,69.96520233154297,69.96520233154297,70.88490295410156,69.67144775390625,69.97560119628906,0
2016-11-03,70.47540283203125,70.47540283203125,70.72920227050781,69.7013931274414,70.3239517211914,0
2016-11-04,70.41725158691406,70.41725158691406,71.06770324707031,70.41725158691406,70.41725158691406,0
2016-11-07,71.23895263671875,71.23895263671875,71.2989501953125,70.28840637207031,71.23895263671875,0
2016-11-08,70.40989685058594,70.40989685058594,70.5707015991211,69.5157699584961,70.12895202636719,0
2016-11-09,70.0239486694336,70.0239486694336,72.89643859863281,69.64144897460938,70.0239486694336,0
2016-11-10,68.46395111083984,68.46395111083984,70.6344985961914,68.46395111083984,68.46395111083984,0
2016-11-11,70.75144958496094,70.75144958496094,71.87249755859375,69.94145202636719,70.74394989013672,0
2016-11-14,70.8414535522461,70.8414535522461,71.61370086669922,70.52645111083984,70.83394622802734,0
2016-11-15,70.7739486694336,70.7739486694336,71.20670318603516,69.31009674072266,70.76644897460938,0
2016-11-16,68.79438018798828,68.79438018798828,70.26609802246094,68.6624984741211,68.79438018798828,0
2016-11-17,68.90644836425781,68.90644836425781,69.61609649658203,68.70989227294922,69.10269927978516,0
2016-11-18,68.80145263671875,68.80145263671875,69.1780014038086,68.44666290283203,68.80895233154297,0
2016-11-21,68.31394958496094,68.31394958496094,68.48919677734375,67.66169738769531,68.31394958496094,0
2016-11-22,68.00250244140625,68.00250244140625,68.10395050048828,67.42144775390625,67.7364501953125,0
2016-11-23,67.49645233154297,67.49645233154297,68.53939819335938,67.42894744873047,67.49645233154297,0
2016-11-24,67.66145324707031,67.66145324707031,68.2110366821289,67.33917999267578,67.84390258789062,0
2016-11-25,68.14019775390625,68.14019775390625,68.84729766845703,67.69145202636719,68.16480255126953,0
2016-11-28,68.65145111083984,68.65145111083984,69.48930358886719,67.93144989013672,68.64395141601562,0
2016-11-29,68.62895202636719,68.62895202636719,69.48841094970703,67.59232330322266,68.62145233154297,0
2016-11-30,69.26644897460938,69.26644897460938,69.54070281982422,68.05242156982422,69.2739486694336,0
2016-12-01,67.57894897460938,67.57894897460938,68.10559844970703,66.98468780517578,67.57894897460938,0
2016-12-02,68.11894989013672,68.11894989013672,68.62930297851562,67.31632232666016,68.11894989013672,0
2016-12-05,67.01644897460938,67.01644897460938,68.368896484375,66.38406372070312,67.04644775390625,0
2016-12-06,68.34394836425781,68.34394836425781,68.87570190429688,67.8053970336914,68.35144805908203,0
2016-12-07,67.50395202636719,67.50395202636719,68.6812973022461,67.31548309326172,67.50395202636719,0
2016-12-08,68.0289535522461,68.0289535522461,68.64495086669922,67.13021850585938,68.08159637451172,0
2016-12-09,67.21640014648438,67.21640014648438,67.37860107421875,66.02877807617188,66.91510009765625,0
2016-12-12,65.97589874267578,65.97589874267578,65.97589874267578,64.48860168457031,65.97589874267578,0
2016-12-13,64.25601196289062,64.25601196289062,65.09159851074219,64.25601196289062,64.25601196289062,0
2016-12-14,63.79793930053711,63.79793930053711,65.19640350341797,63.79793930053711,63.79793930053711,0
2016-12-15,64.62882232666016,64.62882232666016,64.89240264892578,64.14109802246094,64.62882232666016,0
2016-12-16,64.10672760009766,64.10672760009766,64.60369873046875,63.98210906982422,64.29750061035156,0
2016-12-19,63.337799072265625,63.337799072265625,64.88749694824219,63.337799072265625,63.337799072265625,0
2016-12-20,63.90121841430664,63.90121841430664,64.35540008544922,63.625701904296875,63.90121841430664,0
2016-12-21,63.10898971557617,63.10898971557617,63.85074996948242,63.10898971557617,63.10898971557617,0
2016-12-22,63.39006042480469,63.39006042480469,63.80889892578125,62.98189163208008,63.39006042480469,0
2016-12-23,63.07978057861328,63.07978057861328,64.06610107421875,63.07978057861328,63.07978057861328,0
2016-12-26,63.833988189697266,63.833988189697266,63.87200164794922,63.447898864746094,63.833988189697266,0
2016-12-27,62.83449935913086,62.83449935913086,63.87200164794922,62.83449935913086,62.83449935913086,0
2016-12-28,62.93389129638672,62.93389129638672,63.54785919189453,62.713199615478516,62.93389129638672,0
2016-12-29,62.45882034301758,62.45882034301758,63.585201263427734,62.45882034301758,62.45882034301758,0
2016-12-30,62.684810638427734,62.684810638427734,65.04495239257812,62.684810638427734,62.684810638427734,0
2017-01-02,64.07627868652344,64.07627868652344,64.47959899902344,63.68230056762695,64.07627868652344,0
2017-01-03,64.05650329589844,64.05650329589844,64.19740295410156,62.5383415222168,64.05039978027344,0
2017-01-04,63.11146926879883,63.11146926879883,63.77830123901367,62.62208938598633,63.10892105102539,0
2017-01-05,62.432350158691406,62.432350158691406,63.76089859008789,62.353599548339844,62.56386184692383,0
2017-01-06,62.35261917114258,62.35261917114258,63.251129150390625,61.72208023071289,62.3519401550293,0
2017-01-09,62.23308181762695,62.23308181762695,63.35459899902344,61.74684143066406,62.23088836669922,0
2017-01-10,63.579410552978516,63.579410552978516,63.75910186767578,63.043209075927734,63.579410552978516,0
2017-01-11,62.83287048339844,62.83287048339844,63.63750076293945,62.18532943725586,62.83287048339844,0
2017-01-12,62.84885025024414,62.84885025024414,63.5088996887207,62.64868927001953,62.8472785949707,0
2017-01-13,62.49905014038086,62.49905014038086,63.52840042114258,62.49905014038086,62.49905014038086,0
2017-01-16,63.41630172729492,63.41630172729492,63.51995086669922,62.30569839477539,63.41630172729492,0
2017-01-17,63.195770263671875,63.195770263671875,63.61159896850586,62.8101692199707,63.195770263671875,0
2017-01-18,63.19411087036133,63.19411087036133,63.63600158691406,62.992000579833984,63.19411087036133,0
2017-01-19,62.85036087036133,62.85036087036133,64.22270202636719,62.32381057739258,62.857601165771484,0
2017-01-20,63.160858154296875,63.160858154296875,63.92399978637695,63.022499084472656,63.161529541015625,0
2017-01-23,63.882301330566406,63.882301330566406,64.10569763183594,62.70159912109375,63.882301330566406,0
2017-01-24,64.0479965209961,64.0479965209961,64.05480194091797,63.31100082397461,64.02890014648438,0
2017-01-25,63.611000061035156,63.611000061035156,63.90299987792969,63.04100036621094,63.55690002441406,0
2017-01-26,63.57720947265625,63.57720947265625,64.8740005493164,63.56357955932617,63.581871032714844,0
2017-01-27,63.72665023803711,63.72665023803711,64.45359802246094,63.64617919921875,63.726280212402344,0
2017-01-30,64.07129669189453,64.07129669189453,64.51719665527344,63.6870002746582,64.27649688720703,0
2017-01-31,63.181800842285156,63.181800842285156,64.96299743652344,63.15713882446289,63.177879333496094,0
2017-02-01,64.62039184570312,64.62039184570312,65.10444641113281,64.49371337890625,64.59013366699219,0
2017-02-02,64.26744079589844,64.26744079589844,64.87045288085938,64.2229995727539,64.29736328125,0
2017-02-03,63.51879119873047,63.51879119873047,64.01445007324219,63.34700012207031,63.52281188964844,0
2017-02-06,63.57939910888672,63.57939910888672,63.590450286865234,62.63140106201172,63.57939910888672,0
2017-02-07,63.305450439453125,63.305450439453125,63.46699905395508,62.65719985961914,63.30445098876953,0
2017-02-08,63.11695098876953,63.11695098876953,63.54520034790039,63.024898529052734,63.11690139770508,0
2017-02-09,62.81589126586914,62.81589126586914,63.20600128173828,62.68199920654297,62.81821060180664,0
2017-02-10,62.338321685791016,62.338321685791016,62.923301696777344,62.042198181152344,62.33292007446289,0
2017-02-13,61.82101821899414,61.82101821899414,61.99745178222656,61.41299819946289,61.822021484375,0
2017-02-14,60.95792007446289,60.95792007446289,61.73944854736328,60.66999816894531,60.96595001220703,0
2017-02-15,60.10451889038086,60.10451889038086,60.999000549316406,59.777000427246094,60.1024284362793,0
2017-02-16,60.627769470214844,60.627769470214844,61.51900100708008,60.18880844116211,60.633689880371094,0
2017-02-17,60.48081970214844,60.48081970214844,62.08000183105469,60.4515495300293,60.477718353271484,0
2017-02-20,61.52442169189453,61.52442169189453,61.88544845581055,61.375,61.516788482666016,0
2017-02-21,61.34260177612305,61.34260177612305,61.56549835205078,60.57569885253906,61.34040832519531,0
2017-02-22,60.267330169677734,60.267330169677734,61.11949920654297,60.06999969482422,60.26348114013672,0
2017-02-23,61.011531829833984,61.011531829833984,61.330299377441406,60.711669921875,61.016868591308594,0
2017-02-24,60.85211944580078,60.85211944580078,61.94900131225586,60.76974868774414,60.85166931152344,0
2017-02-27,61.253658294677734,61.253658294677734,61.54608917236328,60.97903823852539,61.255531311035156,0
2017-02-28,61.40938186645508,61.40938186645508,62.05500030517578,60.983890533447266,61.411319732666016,0
2017-03-01,61.09220886230469,61.09220886230469,61.755001068115234,60.8502082824707,61.09421157836914,0
2017-03-02,61.16606140136719,61.16606140136719,61.768001556396484,61.046749114990234,61.17168045043945,0
2017-03-03,61.488590240478516,61.488590240478516,62.14550018310547,61.24142837524414,61.50278854370117,0
2017-03-06,61.69860076904297,61.69860076904297,61.89899826049805,61.02581024169922,61.02581024169922,0
2017-03-07,61.329200744628906,61.329200744628906,61.7576904296875,61.078189849853516,61.643798828125,0
2017-03-08,61.203548431396484,61.203548431396484,61.78200149536133,61.085479736328125,61.194820404052734,0
2017-03-09,62.117698669433594,62.117698669433594,62.8942985534668,61.625999450683594,62.09479904174805,0
2017-03-10,62.435340881347656,62.435340881347656,62.845001220703125,62.39500045776367,62.448448181152344,0
2017-03-13,62.94150161743164,62.94150161743164,63.39324188232422,61.76240158081055,62.94150161743164,0
2017-03-14,62.921531677246094,62.921531677246094,63.35499954223633,62.29899978637695,62.921531677246094,0
2017-03-15,63.018829345703125,63.018829345703125,63.018829345703125,62.529998779296875,63.018829345703125,0
2017-03-16,62.781280517578125,62.781280517578125,62.81829833984375,61.8922004699707,62.781280517578125,0
2017-03-17,62.09743118286133,62.09743118286133,62.4370002746582,61.879798889160156,62.09743118286133,0
2017-03-20,61.45930099487305,61.45930099487305,61.933998107910156,61.32600021362305,61.45930099487305,0
2017-03-21,61.65412139892578,61.65412139892578,62.1879997253418,61.380001068115234,61.65412139892578,0
2017-03-22,62.157371520996094,62.157371520996094,62.93600082397461,62.01300048828125,62.32339859008789,0
2017-03-23,62.34450149536133,62.34450149536133,62.4764518737793,61.86159896850586,62.4764518737793,0
2017-03-24,61.89421844482422,61.89421844482422,62.00899887084961,61.4739990234375,61.89421844482422,0
2017-03-27,61.55730056762695,61.55730056762695,62.21355056762695,61.479000091552734,61.50019836425781,0
2017-03-28,61.88079071044922,61.88079071044922,62.020999908447266,61.39400100708008,61.88079071044922,0
2017-03-29,61.7081184387207,61.7081184387207,61.7081184387207,60.880001068115234,61.7081184387207,0
2017-03-30,60.9474983215332,60.9474983215332,61.04180145263672,59.968101501464844,60.90496063232422,0
2017-03-31,60.196380615234375,60.196380615234375,60.388999938964844,59.64373016357422,59.930999755859375,0
2017-04-03,60.075401306152344,60.075401306152344,60.22574996948242,59.34469985961914,59.34469985961914,0
2017-04-04,60.00149154663086,60.00149154663086,60.3650016784668,59.707000732421875,60.00149154663086,0
2017-04-05,59.90752029418945,59.90752029418945,59.92430114746094,59.45800018310547,59.90752029418945,0
2017-04-06,59.88882827758789,59.88882827758789,60.21440124511719,59.88882827758789,59.88882827758789,0
2017-04-07,59.99369812011719,59.99369812011719,60.825401306152344,59.982601165771484,59.996761322021484,0
2017-04-10,60.593299865722656,60.593299865722656,60.94160079956055,60.380001068115234,60.63610076904297,0
2017-04-11,60.71337127685547,60.71337127685547,60.72480010986328,60.180999755859375,60.71337127685547,0
2017-04-12,60.65415954589844,60.65415954589844,60.65415954589844,60.00899887084961,60.65415954589844,0
2017-04-13,60.36806106567383,60.36806106567383,60.50619888305664,59.723201751708984,60.36806106567383,0
2017-04-14,59.79405975341797,59.79405975341797,59.86452102661133,59.361000061035156,59.79405975341797,0
2017-04-17,59.65620040893555,59.65620040893555,59.90999984741211,59.362998962402344,59.73740005493164,0
2017-04-18,59.56605911254883,59.56605911254883,60.135101318359375,59.29475021362305,59.56605911254883,0
2017-04-19,60.116519927978516,60.116519927978516,60.53010177612305,59.87900161743164,60.116519927978516,0
2017-04-20,60.44810104370117,60.44810104370117,60.68600082397461,60.34000015258789,60.44810104370117,0
2017-04-21,60.464759826660156,60.464759826660156,60.48440170288086,59.87099838256836,60.464759826660156,0
2017-04-24,60.32429885864258,60.32429885864258,60.90800094604492,60.32400131225586,60.56549835205078,0
2017-04-25,60.64265823364258,60.64265823364258,61.42805099487305,60.27199935913086,60.64265823364258,0
2017-04-26,61.4102897644043,61.4102897644043,62.09510040283203,61.0890007019043,61.4102897644043,0
2017-04-27,61.92572021484375,61.92572021484375,62.307979583740234,61.566001892089844,61.92572021484375,0
2017-04-28,62.189090728759766,62.189090728759766,62.49100112915039,61.66600036621094,62.189090728759766,0
2017-05-01,62.008201599121094,62.008201599121094,62.189998626708984,61.13010025024414,61.13010025024414,0
2017-05-02,62.045101165771484,62.045101165771484,62.310001373291016,61.819000244140625,62.045101165771484,0
2017-05-03,62.15901184082031,62.15901184082031,62.560298919677734,61.926998138427734,62.15901184082031,0
2017-05-04,62.4536018371582,62.4536018371582,63.86040115356445,62.14099884033203,62.51995086669922,0
2017-05-05,63.735260009765625,63.735260009765625,64.643798828125,63.735260009765625,63.735260009765625,0
2017-05-08,63.77980041503906,63.77980041503906,63.904998779296875,63.43798828125,63.70539855957031,0
2017-05-09,63.67388153076172,63.67388153076172,63.81399917602539,63.294700622558594,63.67388153076172,0
2017-05-10,63.43442916870117,63.43442916870117,63.573001861572266,62.42770004272461,63.43442916870117,0
2017-05-11,62.47996139526367,62.47996139526367,62.56119918823242,61.9370002746582,62.432701110839844,0
2017-05-12,62.021881103515625,62.021881103515625,62.559898376464844,61.73500061035156,62.01129913330078,0
2017-05-15,62.3577995300293,62.3577995300293,62.35409927368164,61.63570022583008,62.35409927368164,0
2017-05-16,61.84666061401367,61.84666061401367,62.496299743652344,61.608001708984375,61.84666061401367,0
2017-05-17,62.740299224853516,62.740299224853516,63.526798248291016,62.4252815246582,62.4252815246582,0
2017-05-18,63.31391906738281,63.31391906738281,64.65499877929688,63.303001403808594,63.31391906738281,0
2017-05-19,64.0219497680664,64.0219497680664,64.0219497680664,63.319000244140625,64.0219497680664,0
2017-05-22,63.49919891357422,63.49919891357422,63.96200180053711,62.78519821166992,62.78519821166992,0
2017-05-23,63.61796188354492,63.61796188354492,63.78499984741211,63.05350112915039,63.61796188354492,0
2017-05-24,63.12234878540039,63.12234878540039,63.24140167236328,62.6619987487793,63.090999603271484,0
2017-05-25,63.154090881347656,63.154090881347656,63.61790084838867,62.70399856567383,63.154090881347656,0
2017-05-26,63.443748474121094,63.443748474121094,63.8129997253418,63.31700134277344,63.443748474121094,0
2017-05-29,63.136600494384766,63.136600494384766,63.52399826049805,62.89228057861328,63.197898864746094,0
2017-05-30,62.90647888183594,62.90647888183594,63.53900146484375,62.57400131225586,62.90647888183594,0
2017-05-31,63.36579895019531,63.36579895019531,63.923099517822266,63.07099914550781,63.36579895019531,0
2017-06-01,63.849178314208984,63.849178314208984,63.849178314208984,63.05339813232422,63.849178314208984,0
2017-06-02,63.15488815307617,63.15488815307617,63.93920135498047,63.06999969482422,63.15488815307617,0
2017-06-05,63.833099365234375,63.833099365234375,63.9379997253418,62.55929946899414,62.55929946899414,0
2017-06-06,63.68832015991211,63.68832015991211,63.90700149536133,63.422000885009766,63.68832015991211,0
2017-06-07,63.71342849731445,63.71342849731445,64.27300262451172,63.37900161743164,63.71342849731445,0
2017-06-08,63.974708557128906,63.974708557128906,64.22679901123047,63.691001892089844,63.974708557128906,0
2017-06-09,63.76741027832031,63.76741027832031,63.85300064086914,63.37799835205078,63.760398864746094,0
2017-06-12,63.81380081176758,63.81380081176758,64.1520004272461,63.61899948120117,63.84600067138672,0
2017-06-13,63.77737045288086,63.77737045288086,63.87739944458008,63.35300064086914,63.77737045288086,0
2017-06-14,63.653961181640625,63.653961181640625,64.43920135498047,63.527000427246094,63.653961181640625,0
2017-06-15,64.4210205078125,64.4210205078125,64.5967025756836,64.04499816894531,64.4210205078125,0
2017-06-16,64.37323760986328,64.37323760986328,64.67976379394531,64.12030029296875,64.37323760986328,0
2017-06-19,64.60220336914062,64.60220336914062,65.29376220703125,64.19100189208984,64.67669677734375,0
2017-06-20,65.07009887695312,65.07009887695312,66.5009994506836,64.77899932861328,65.10050201416016,0
2017-06-21,66.31166076660156,66.31166076660156,67.01020812988281,66.06199645996094,66.31166076660156,0
2017-06-22,66.68914794921875,66.68914794921875,67.40039825439453,66.58036041259766,66.68914794921875,0
2017-06-23,66.7289810180664,66.7289810180664,66.92269897460938,66.33000183105469,66.7289810180664,0
2017-06-26,65.62090301513672,65.62090301513672,66.45149993896484,65.62090301513672,65.62090301513672,0
2017-06-27,66.04257202148438,66.04257202148438,66.8240966796875,65.51499938964844,66.04257202148438,0
2017-06-28,66.54178619384766,66.54178619384766,67.89530181884766,66.54178619384766,66.54178619384766,0
2017-06-29,67.5013427734375,67.5013427734375,67.71900177001953,66.947998046875,67.5013427734375,0
2017-06-30,67.65104675292969,67.65104675292969,67.99449920654297,67.38200378417969,67.65104675292969,0
2017-07-03,67.24819946289062,67.24819946289062,67.55609893798828,66.96600341796875,67.32630157470703,0
2017-07-04,67.46491241455078,67.46491241455078,67.49700164794922,67.05599975585938,67.43090057373047,0
2017-07-05,67.32353973388672,67.32353973388672,68.23600006103516,67.0260009765625,67.32353973388672,0
2017-07-06,68.05345153808594,68.05345153808594,68.5469970703125,67.72699737548828,68.04170227050781,0
2017-07-07,68.25631713867188,68.25631713867188,69.06600189208984,68.25631713867188,68.25631713867188,0
2017-07-10,68.8290023803711,68.8290023803711,68.93599700927734,68.33899688720703,68.8145980834961,0
2017-07-12,69.63294219970703,69.63294219970703,69.79119873046875,68.36900329589844,69.63294219970703,0
2017-07-13,68.52359771728516,68.52359771728516,68.94000244140625,67.98870086669922,68.52359771728516,0
2017-07-14,68.25370025634766,68.25370025634766,68.46479797363281,67.59739685058594,68.25070190429688,0
2017-07-17,67.7311019897461,67.7311019897461,68.09100341796875,67.4749984741211,67.71260070800781,0
2017-07-18,68.07215881347656,68.07215881347656,68.50628662109375,67.9540023803711,68.07215881347656,0
2017-07-19,68.34567260742188,68.34567260742188,68.43900299072266,67.82080078125,68.34567260742188,0
2017-07-20,67.87993621826172,67.87993621826172,68.72489929199219,67.61499786376953,67.87993621826172,0
2017-07-21,68.67288208007812,68.67288208007812,69.02300262451172,68.3489990234375,68.67288208007812,0
2017-07-24,69.1791000366211,69.1791000366211,70.06199645996094,68.93900299072266,69.1863021850586,0
2017-07-25,69.84770202636719,69.84770202636719,70.23100280761719,69.51599884033203,69.85540008544922,0
2017-07-26,69.7614974975586,69.7614974975586,69.85505676269531,69.3114013671875,69.74569702148438,0
2017-07-27,69.37657165527344,69.37657165527344,69.7750015258789,69.1488037109375,69.37657165527344,0
2017-07-28,69.24363708496094,69.24363708496094,70.01969909667969,69.24363708496094,69.24363708496094,0
2017-07-31,69.96920013427734,69.96920013427734,70.93900299072266,69.63200378417969,69.98030090332031,0
2017-08-01,70.76783752441406,70.76783752441406,71.18199920654297,70.53299713134766,70.76783752441406,0
2017-08-02,71.09710693359375,71.09710693359375,72.06999969482422,71.03399658203125,71.09710693359375,0
2017-08-03,71.84259796142578,71.84259796142578,72.0115966796875,71.26548767089844,71.84259796142578,0
2017-08-04,71.42465209960938,71.42465209960938,71.78279876708984,70.36699676513672,71.42465209960938,0
2017-08-07,70.52310180664062,70.52310180664062,71.17949676513672,70.39800262451172,70.53500366210938,0
2017-08-08,70.82849884033203,70.82849884033203,71.0197982788086,70.00650024414062,70.83100128173828,0
2017-08-09,70.17787170410156,70.17787170410156,70.68399810791016,69.97799682617188,70.17787170410156,0
2017-08-10,70.61463928222656,70.61463928222656,70.61463928222656,69.99960327148438,70.61463928222656,0
2017-08-11,70.4229736328125,70.4229736328125,70.89790344238281,70.4229736328125,70.4229736328125,0
2017-08-14,70.70500183105469,70.70500183105469,70.76529693603516,70.1227035522461,70.73539733886719,0
2017-08-15,70.23116302490234,70.23116302490234,70.58159637451172,70.08350372314453,70.23116302490234,0
2017-08-16,70.13262939453125,70.13262939453125,70.24019622802734,69.38099670410156,70.13262939453125,0
2017-08-17,69.49996948242188,69.49996948242188,69.96839904785156,69.30899810791016,69.49996948242188,0
2017-08-18,69.39769744873047,69.39769744873047,69.85600280761719,69.18900299072266,69.3887710571289,0
2017-08-21,69.43080139160156,69.43080139160156,69.75900268554688,68.9800033569336,69.31539916992188,0
2017-08-22,69.7503662109375,69.7503662109375,69.8727035522461,69.24800109863281,69.7503662109375,0
2017-08-23,69.41536712646484,69.41536712646484,69.85199737548828,69.15799713134766,69.41536712646484,0
2017-08-24,69.67315673828125,69.67315673828125,69.92990112304688,69.33300018310547,69.67315673828125,0
2017-08-25,69.89289093017578,69.89289093017578,69.94599914550781,69.4520034790039,69.89289093017578,0
2017-08-28,69.4717025756836,69.4717025756836,70.08679962158203,69.5780029296875,69.85169982910156,0
2017-08-29,70.07203674316406,70.07203674316406,70.93800354003906,69.71399688720703,70.07203674316406,0
2017-08-30,70.63037872314453,70.63037872314453,70.63037872314453,69.47123718261719,70.63037872314453,0
2017-08-31,69.53060913085938,69.53060913085938,69.68499755859375,68.84709930419922,69.53060913085938,0
2017-09-01,68.99717712402344,68.99717712402344,69.18109893798828,68.17960357666016,69.12079620361328,0
2017-09-04,68.1937026977539,68.1937026977539,68.9832992553711,68.15979766845703,68.15979766845703,0
2017-09-05,68.85407257080078,68.85407257080078,69.02570343017578,68.15299987792969,68.85407257080078,0
2017-09-06,68.27568817138672,68.27568817138672,68.66667938232422,68.16000366210938,68.27568817138672,0
2017-09-07,68.46234893798828,68.46234893798828,68.61740112304688,67.96900177001953,68.46234893798828,0
2017-09-08,68.49492645263672,68.49492645263672,69.02110290527344,68.24500274658203,68.49492645263672,0
2017-09-11,69.02079772949219,69.02079772949219,69.03679656982422,68.32530212402344,69.03679656982422,0
2017-09-12,68.4109115600586,68.4109115600586,69.08180236816406,68.12999725341797,68.43009948730469,0
2017-09-13,69.01754760742188,69.01754760742188,69.404296875,68.67500305175781,69.01754760742188,0
2017-09-14,68.80406951904297,68.80406951904297,68.88860321044922,68.122802734375,68.80406951904297,0
2017-09-15,68.26557159423828,68.26557159423828,69.10369873046875,68.16000366210938,68.26557159423828,0
2017-09-18,68.62660217285156,68.62660217285156,69.41819763183594,68.56600189208984,68.83719635009766,0
2017-09-19,69.2861328125,69.2861328125,69.81600189208984,69.13099670410156,69.2861328125,0
2017-09-20,69.69505310058594,69.69505310058594,69.8364028930664,69.20269775390625,69.69505310058594,0
2017-09-21,69.25914764404297,69.25914764404297,69.36499786376953,68.75499725341797,69.25914764404297,0
2017-09-22,69.21602630615234,69.21602630615234,69.31880187988281,68.72830200195312,69.21602630615234,0
2017-09-25,68.79949951171875,68.79949951171875,68.80280303955078,67.94249725341797,68.67859649658203,0
2017-09-26,68.26080322265625,68.26080322265625,68.32760620117188,67.64800262451172,68.28369903564453,0
2017-09-27,68.11402893066406,68.11402893066406,68.41702270507812,67.8280029296875,68.11402893066406,0
2017-09-28,68.30812072753906,68.30812072753906,68.73100280761719,68.02899932861328,68.30812072753906,0
2017-09-29,68.30812072753906,68.30812072753906,68.50150299072266,67.8666000366211,68.30812072753906,0
2017-10-02,68.30812072753906,68.30812072753906,68.30812072753906,67.53600311279297,68.30812072753906,0
2017-10-03,68.30812072753906,68.30812072753906,68.30812072753906,67.57599639892578,68.30812072753906,0
2017-10-04,68.04109954833984,68.04109954833984,68.28700256347656,67.60900115966797,68.04609680175781,0
2017-10-05,67.80879974365234,67.80879974365234,67.87429809570312,67.21170043945312,67.82820129394531,0
2017-10-06,67.62519836425781,67.62519836425781,68.3030014038086,67.21499633789062,67.62809753417969,0
2017-10-09,68.25740051269531,68.25740051269531,68.62770080566406,66.63809967041016,66.63809967041016,0
2017-10-10,68.45030212402344,68.45030212402344,68.6281967163086,68.12100219726562,68.4114990234375,0
2017-10-11,68.50810241699219,68.50810241699219,68.60780334472656,68.21199798583984,68.489501953125,0
2017-10-12,68.57360076904297,68.57360076904297,68.6500015258789,68.21589660644531,68.57669830322266,0
2017-10-13,68.28939819335938,68.28939819335938,68.43769836425781,67.56839752197266,68.29519653320312,0
2017-10-16,67.53610229492188,67.53610229492188,67.68689727783203,67.16000366210938,67.58209991455078,0
2017-10-17,67.49729919433594,67.49729919433594,67.63639831542969,67.0719985961914,67.50879669189453,0
2017-10-18,67.4437026977539,67.4437026977539,67.69349670410156,66.8021011352539,67.47709655761719,0
2017-10-19,67.69490051269531,67.69490051269531,68.18599700927734,67.44000244140625,67.69770050048828,0
2017-10-20,67.8667984008789,67.8667984008789,68.01499938964844,67.46700286865234,67.88749694824219,0
2017-10-23,67.6791000366211,67.6791000366211,67.706298828125,66.95819854736328,66.95819854736328,0
2017-10-24,67.6448974609375,67.6448974609375,67.85900115966797,67.26899719238281,67.64839935302734,0
2017-10-25,67.77519989013672,67.77519989013672,68.23819732666016,67.4000015258789,67.78520202636719,0
2017-10-26,68.25479888916016,68.25479888916016,68.36299896240234,67.38359832763672,68.27749633789062,0
2017-10-27,67.34940338134766,67.34940338134766,68.08799743652344,66.94100189208984,67.35230255126953,0
2017-10-30,67.3812026977539,67.3812026977539,67.3812026977539,66.73660278320312,67.3812026977539,0
2017-10-31,67.49259948730469,67.49259948730469,68.1947021484375,67.14900207519531,67.48680114746094,0
2017-11-01,67.885498046875,67.885498046875,67.94000244140625,67.37799835205078,67.88179779052734,0
2017-11-02,67.72019958496094,67.72019958496094,68.13899993896484,67.34400177001953,67.7219009399414,0
2017-11-03,67.91680145263672,67.91680145263672,68.81700134277344,67.59300231933594,67.92539978027344,0
2017-11-06,68.42359924316406,68.42359924316406,68.64939880371094,67.26100158691406,68.42359924316406,0
2017-11-07,67.68710327148438,67.68710327148438,68.76309967041016,67.35299682617188,67.6812973022461,0
2017-11-08,68.86509704589844,68.86509704589844,69.0864028930664,68.3010025024414,68.88289642333984,0
2017-11-09,68.66929626464844,68.66929626464844,69.06600189208984,68.40599822998047,68.6906967163086,0
2017-11-10,69.08560180664062,69.08560180664062,69.1520004272461,68.6729965209961,69.07450103759766,0
2017-11-13,69.00160217285156,69.00160217285156,69.44259643554688,68.5260009765625,69.00160217285156,0
2017-11-14,69.30220031738281,69.30220031738281,70.73650360107422,69.10399627685547,69.28479766845703,0
2017-11-15,71.18499755859375,71.18499755859375,71.54039764404297,70.79989624023438,71.1698989868164,0
2017-11-17,70.30870056152344,70.30870056152344,70.48970031738281,69.74109649658203,70.31169891357422,0
2017-11-20,69.60099792480469,69.60099792480469,70.17520141601562,69.06390380859375,69.60099792480469,0
2017-11-21,69.71959686279297,69.71959686279297,69.91590118408203,69.3052978515625,69.72689819335938,0
2017-11-22,69.3998031616211,69.3998031616211,69.53730010986328,68.87149810791016,69.43479919433594,0
2017-11-23,69.03399658203125,69.03399658203125,69.2854995727539,68.84600067138672,69.033203125,0
2017-11-24,69.26920318603516,69.26920318603516,69.70919799804688,69.02200317382812,69.26519775390625,0
2017-11-27,69.51429748535156,69.51429748535156,69.66089630126953,69.2300033569336,69.51429748535156,0
2017-11-28,69.60369873046875,69.60369873046875,69.63159942626953,69.15399932861328,69.60369873046875,0
2017-11-29,69.21040344238281,69.21040344238281,69.49819946289062,68.83899688720703,69.2249984741211,0
2017-11-30,69.48320007324219,69.48320007324219,69.74099731445312,69.04830169677734,69.48310089111328,0
2017-12-01,69.56420135498047,69.56420135498047,70.5282974243164,69.37799835205078,69.56529998779297,0
2017-12-04,70.02970123291016,70.02970123291016,70.02970123291016,69.53600311279297,70.02970123291016,0
2017-12-05,69.77999877929688,69.77999877929688,69.82849884033203,69.26629638671875,69.78170013427734,0
2017-12-06,69.57479858398438,69.57479858398438,69.9260025024414,69.22100067138672,69.57779693603516,0
2017-12-07,69.86990356445312,69.86990356445312,69.98429870605469,69.6050033569336,69.87580108642578,0
2017-12-08,69.7645034790039,69.7645034790039,69.779296875,69.30599975585938,69.7572021484375,0
2017-12-11,69.6948013305664,69.6948013305664,69.92500305175781,69.36900329589844,69.6948013305664,0
2017-12-12,69.42440032958984,69.42440032958984,69.47730255126953,68.96800231933594,69.41560363769531,0
2017-12-13,69.53379821777344,69.53379821777344,69.69709777832031,69.03070068359375,69.55650329589844,0
2017-12-14,69.3385009765625,69.3385009765625,69.60399627685547,69.06999969482422,69.34729766845703,0
2017-12-15,69.28089904785156,69.28089904785156,69.62840270996094,69.04440307617188,69.25740051269531,0
2017-12-18,69.1146011352539,69.1146011352539,69.31900024414062,68.71900177001953,69.1146011352539,0
2017-12-19,69.12259674072266,69.12259674072266,69.54429626464844,68.85299682617188,69.10919952392578,0
2017-12-20,69.55989837646484,69.55989837646484,69.78600311279297,69.17400360107422,69.55400085449219,0
2017-12-21,69.74870300292969,69.74870300292969,69.75910186767578,69.1520004272461,69.7489013671875,0
2017-12-22,69.29019927978516,69.29019927978516,69.47100067138672,68.87899780273438,69.26100158691406,0
2017-12-25,69.13600158691406,69.13600158691406,69.23719787597656,68.5562973022461,69.13600158691406,0
2017-12-26,68.06379699707031,68.06379699707031,69.17659759521484,68.0469970703125,68.06379699707031,0
2017-12-27,68.42970275878906,68.42970275878906,68.82099914550781,67.88800048828125,68.43109893798828,0
2017-12-28,68.7593994140625,68.7593994140625,68.88140106201172,68.4219970703125,68.7406005859375,0
2017-12-29,68.78829956054688,68.78829956054688,69.45580291748047,68.54000091552734,68.79239654541016,0
2018-01-01,69.20980072021484,69.20980072021484,69.20980072021484,68.32520294189453,69.20980072021484,0
2018-01-02,69.17839813232422,69.17839813232422,69.418701171875,68.32520294189453,69.17839813232422,0
2018-01-03,69.31050109863281,69.31050109863281,69.43090057373047,68.79769897460938,69.30470275878906,0
2018-01-04,68.6510009765625,68.6510009765625,69.0072021484375,68.45600128173828,68.65670013427734,0
2018-01-05,68.80039978027344,68.80039978027344,68.86309814453125,68.36799621582031,68.78900146484375,0
2018-01-08,68.60929870605469,68.60929870605469,68.60929870605469,67.69629669189453,68.60929870605469,0
2018-01-09,68.37899780273438,68.37899780273438,68.39320373535156,67.75199890136719,68.3677978515625,0
2018-01-10,67.86650085449219,67.86650085449219,68.45449829101562,67.45899963378906,67.86080169677734,0
2018-01-11,68.21589660644531,68.21589660644531,68.48300170898438,67.73600006103516,68.20580291748047,0
2018-01-12,68.07649993896484,68.07649993896484,68.75700378417969,67.80000305175781,68.07859802246094,0
2018-01-15,68.78520202636719,68.78520202636719,69.44400024414062,67.5696029663086,68.78520202636719,0
2018-01-16,69.10040283203125,69.10040283203125,69.2301025390625,68.5530014038086,69.09880065917969,0
2018-01-17,69.28980255126953,69.28980255126953,69.62570190429688,68.89800262451172,69.36930084228516,0
2018-01-18,69.31890106201172,69.31890106201172,69.42310333251953,68.84600067138672,69.29740142822266,0
2018-01-19,69.1708984375,69.1708984375,69.5199966430664,68.9800033569336,69.16519927978516,0
2018-01-22,69.27259826660156,69.27259826660156,69.38929748535156,68.91899871826172,69.27259826660156,0
2018-01-23,69.24299621582031,69.24299621582031,69.40699768066406,68.68299865722656,69.24659729003906,0
2018-01-24,69.4113998413086,69.4113998413086,69.83709716796875,68.99600219726562,69.39730072021484,0
2018-01-25,69.68550109863281,69.68550109863281,69.91349792480469,69.06400299072266,69.64540100097656,0
2018-01-26,69.29879760742188,69.29879760742188,69.91799926757812,69.2490005493164,69.30159759521484,0
2018-01-29,69.81539916992188,69.81539916992188,69.98509979248047,68.45909881591797,69.81539916992188,0
2018-01-30,69.71700286865234,69.71700286865234,70.05979919433594,69.15499877929688,69.71980285644531,0
2018-01-31,69.95480346679688,69.95480346679688,70.21540069580078,69.63200378417969,69.94760131835938,0
2018-02-01,69.7842025756836,69.7842025756836,70.24800109863281,69.35600280761719,69.77680206298828,0
2018-02-02,70.01309967041016,70.01309967041016,70.4000015258789,69.7300033569336,70.0186996459961,0
2018-02-05,70.27760314941406,70.27760314941406,70.64009857177734,70.10299682617188,70.27760314941406,0
2018-02-06,70.87439727783203,70.87439727783203,71.17389678955078,70.30599975585938,70.86869812011719,0
2018-02-07,70.42769622802734,70.42769622802734,70.67459869384766,70.08399963378906,70.42769622802734,0
2018-02-08,70.94200134277344,70.94200134277344,71.32140350341797,70.31600189208984,70.94390106201172,0
2018-02-09,71.48179626464844,71.48179626464844,71.60600280761719,70.99590301513672,71.51370239257812,0
2018-02-12,71.70359802246094,71.70359802246094,71.70359802246094,70.84300231933594,71.70359802246094,0
2018-02-13,71.10970306396484,71.10970306396484,71.54100036621094,70.81800079345703,71.09239959716797,0
2018-02-14,71.18099975585938,71.18099975585938,71.49929809570312,70.69300079345703,71.18099975585938,0
2018-02-15,70.72129821777344,70.72129821777344,70.9303970336914,70.23699951171875,70.7218017578125,0
2018-02-16,70.50969696044922,70.50969696044922,70.73179626464844,69.92829895019531,70.53099822998047,0
2018-02-19,69.9811019897461,69.9811019897461,70.0895004272461,69.49400329589844,69.9811019897461,0
2018-02-20,69.95690155029297,69.95690155029297,70.0459976196289,69.54499816894531,69.96260070800781,0
2018-02-21,69.73880004882812,69.73880004882812,69.86710357666016,69.48500061035156,69.756103515625,0
2018-02-22,69.68450164794922,69.68450164794922,69.87999725341797,69.26399993896484,69.6760025024414,0
2018-02-23,69.6365966796875,69.6365966796875,69.68879699707031,69.16549682617188,69.62560272216797,0
2018-02-26,69.25900268554688,69.25900268554688,69.25900268554688,68.44930267333984,69.25900268554688,0
2018-02-27,68.54930114746094,68.54930114746094,68.9209976196289,68.18099975585938,68.5521011352539,0
2018-02-28,68.79450225830078,68.79450225830078,68.93890380859375,68.4884033203125,68.74949645996094,0
2018-03-01,68.70230102539062,68.70230102539062,69.3740005493164,68.46800231933594,68.71070098876953,0
2018-03-02,69.71659851074219,69.71659851074219,70.57990264892578,69.11699676513672,69.72229766845703,0
2018-03-05,70.03469848632812,70.03469848632812,70.37899780273438,69.66400146484375,70.03469848632812,0
2018-03-06,69.62850189208984,69.62850189208984,70.4218978881836,69.322998046875,69.625,0
2018-03-07,70.60780334472656,70.60780334472656,70.86949920654297,70.1969985961914,70.62909698486328,0
2018-03-08,70.5165023803711,70.5165023803711,70.76200103759766,70.14900207519531,70.52059936523438,0
2018-03-09,70.28790283203125,70.28790283203125,70.32530212402344,69.70099639892578,70.2593994140625,0
2018-03-12,69.76200103759766,69.76200103759766,70.12950134277344,69.5,69.76200103759766,0
2018-03-13,70.177001953125,70.177001953125,70.46499633789062,69.78199768066406,70.18499755859375,0
2018-03-14,70.73500061035156,70.73500061035156,70.8125991821289,70.26399993896484,70.69650268554688,0
2018-03-15,70.60350036621094,70.60350036621094,70.8550033569336,70.22799682617188,70.67859649658203,0
2018-03-16,70.69930267333984,70.69930267333984,70.99700164794922,70.46800231933594,70.69339752197266,0
2018-03-19,70.64769744873047,70.64769744873047,71.37740325927734,70.20899963378906,70.64769744873047,0
2018-03-20,71.24610137939453,71.24610137939453,71.3917007446289,70.47879791259766,71.25980377197266,0
2018-03-21,70.45870208740234,70.45870208740234,70.70719909667969,70.1969985961914,70.49340057373047,0
2018-03-22,70.22329711914062,70.22329711914062,70.44300079345703,69.97200012207031,70.22630310058594,0
2018-03-23,70.71849822998047,70.71849822998047,70.77880096435547,70.10299682617188,70.71589660644531,0
2018-03-26,70.69149780273438,70.69149780273438,71.53720092773438,70.25800323486328,70.6958999633789,0
2018-03-27,71.32589721679688,71.32589721679688,71.3280029296875,70.69499969482422,71.32620239257812,0
2018-03-28,71.2750015258789,71.2750015258789,71.38800048828125,70.91999816894531,71.28070068359375,0
2018-03-29,71.09259796142578,71.09259796142578,71.20950317382812,70.56159973144531,71.10009765625,0
2018-03-30,70.45600128173828,70.45600128173828,70.79429626464844,70.42060089111328,70.45600128173828,0
2018-04-02,70.66799926757812,70.66799926757812,70.97899627685547,70.10600280761719,70.45600128173828,0
2018-04-03,70.8062973022461,70.8062973022461,70.96399688720703,69.94730377197266,69.94730377197266,0
2018-04-04,70.720703125,70.720703125,71.18399810791016,70.3030014038086,70.72480010986328,0
2018-04-05,70.55449676513672,70.55449676513672,70.78500366210938,70.19499969482422,70.5615005493164,0
2018-04-06,70.66609954833984,70.66609954833984,71.32029724121094,70.30699920654297,70.65799713134766,0
2018-04-09,71.36750030517578,71.36750030517578,74.55899810791016,71.02300262451172,71.34719848632812,0
2018-04-10,74.7323989868164,74.7323989868164,78.66200256347656,73.87000274658203,74.7240982055664,0
2018-04-11,77.85030364990234,77.85030364990234,80.3759994506836,77.79399871826172,77.87259674072266,0
2018-04-12,77.25370025634766,77.25370025634766,77.88999938964844,75.66100311279297,77.25279998779297,0
2018-04-13,76.49980163574219,76.49980163574219,76.71499633789062,75.44000244140625,76.44560241699219,0
2018-04-16,76.45899963378906,76.45899963378906,77.71330261230469,76.36499786376953,76.47699737548828,0
2018-04-17,75.86160278320312,75.86160278320312,76.5719985961914,75.35600280761719,75.86229705810547,0
2018-04-18,76.15350341796875,76.15350341796875,76.55999755859375,75.57749938964844,76.13800048828125,0
2018-04-19,75.34100341796875,75.34100341796875,75.67500305175781,74.81700134277344,75.34700012207031,0
2018-04-20,75.28759765625,75.28759765625,75.77799987792969,74.88700103759766,75.27539825439453,0
2018-04-23,75.36280059814453,75.36280059814453,76.0250015258789,74.80000305175781,75.42769622802734,0
2018-04-24,75.46009826660156,75.46009826660156,75.54389953613281,74.77100372314453,75.49109649658203,0
2018-04-25,75.3292007446289,75.3292007446289,76.072998046875,74.93599700927734,75.3219985961914,0
2018-04-26,75.98300170898438,75.98300170898438,76.73600006103516,75.38700103759766,75.9563980102539,0
2018-04-27,75.92150115966797,75.92150115966797,76.11129760742188,74.76909637451172,75.93900299072266,0
2018-04-30,75.29109954833984,75.29109954833984,76.15399932861328,75.18399810791016,75.39409637451172,0
2018-05-01,76.15190124511719,76.15190124511719,76.34400177001953,75.64099884033203,76.04329681396484,0
2018-05-02,76.11109924316406,76.11109924316406,76.83799743652344,75.75499725341797,76.04329681396484,0
2018-05-03,76.54869842529297,76.54869842529297,76.80169677734375,75.8290023803711,76.57430267333984,0
2018-05-04,75.4988021850586,75.4988021850586,75.91809844970703,74.9613037109375,75.51570129394531,0
2018-05-07,74.66079711914062,74.66079711914062,75.05599975585938,74.50389862060547,74.50389862060547,0
2018-05-08,75.06700134277344,75.06700134277344,75.44529724121094,74.49700164794922,75.05989837646484,0
2018-05-09,75.02880096435547,75.02880096435547,75.62699890136719,74.62110137939453,75.01619720458984,0
2018-05-10,74.70390319824219,74.70390319824219,74.89630126953125,73.42479705810547,74.71019744873047,0
2018-05-11,73.55039978027344,73.55039978027344,73.908203125,73.1729965209961,73.52660369873047,0
2018-05-14,73.61299896240234,73.61299896240234,74.12139892578125,73.69300079345703,73.95610046386719,0
2018-05-15,73.7948989868164,73.7948989868164,74.29309844970703,73.43699645996094,73.8053970336914,0
2018-05-16,73.61250305175781,73.61250305175781,73.93900299072266,72.87329864501953,73.61799621582031,0
2018-05-17,72.87339782714844,72.87339782714844,73.19000244140625,72.59200286865234,72.87339782714844,0
2018-05-18,73.30380249023438,73.30380249023438,73.66210174560547,73.0469970703125,73.29669952392578,0
2018-05-21,73.22820281982422,73.22820281982422,73.47000122070312,72.45099639892578,73.3552017211914,0
2018-05-22,72.533203125,72.533203125,72.69979858398438,71.82599639892578,72.53630065917969,0
2018-05-23,72.17400360107422,72.17400360107422,72.32610321044922,71.78800201416016,72.18319702148438,0
2018-05-24,71.79840087890625,71.79840087890625,72.3582992553711,71.54499816894531,71.78610229492188,0
2018-05-25,72.14830017089844,72.14830017089844,72.74639892578125,71.72599792480469,72.14230346679688,0
2018-05-28,72.66529846191406,72.66529846191406,72.95500183105469,72.36959838867188,72.50520324707031,0
2018-05-29,72.4572982788086,72.4572982788086,72.59100341796875,71.97000122070312,72.46659851074219,0
2018-05-30,72.57769775390625,72.57769775390625,72.63400268554688,72.18499755859375,72.56809997558594,0
2018-05-31,72.46810150146484,72.46810150146484,72.8219985961914,72.19400024414062,72.4845962524414,0
2018-06-01,72.91790008544922,72.91790008544922,73.03520202636719,72.35099792480469,72.8634033203125,0
2018-06-04,72.47370147705078,72.47370147705078,72.72599792480469,71.77629852294922,71.77629852294922,0
2018-06-05,72.60299682617188,72.60299682617188,72.84400177001953,72.0979995727539,72.59989929199219,0
2018-06-06,72.8218994140625,72.8218994140625,73.10700225830078,72.20500183105469,72.8406982421875,0
2018-06-07,72.73049926757812,72.73049926757812,73.71260070800781,72.36699676513672,72.79209899902344,0
2018-06-08,73.55290222167969,73.55290222167969,73.90699768066406,73.20790100097656,73.55149841308594,0
2018-06-11,73.38420104980469,73.38420104980469,73.9822006225586,73.0469970703125,73.34390258789062,0
2018-06-12,73.92359924316406,73.92359924316406,74.22709655761719,73.45500183105469,73.91950225830078,0
2018-06-13,74.05500030517578,74.05500030517578,74.27100372314453,73.36180114746094,74.04190063476562,0
2018-06-14,73.82890319824219,73.82890319824219,73.94429779052734,72.24199676513672,73.84130096435547,0
2018-06-15,72.39469909667969,72.39469909667969,73.51580047607422,71.86599731445312,72.35749816894531,0
2018-06-18,73.17890167236328,73.17890167236328,73.9800033569336,72.6510009765625,73.31900024414062,0
2018-06-19,73.7406005859375,73.7406005859375,74.24800109863281,73.64089965820312,73.69080352783203,0
2018-06-20,73.9844970703125,73.9844970703125,74.00199890136719,73.31800079345703,74.00199890136719,0
2018-06-21,73.62899780273438,73.62899780273438,74.04199981689453,73.28700256347656,73.6061019897461,0
2018-06-22,73.90390014648438,73.90390014648438,73.99469757080078,73.1897964477539,73.82730102539062,0
2018-06-25,73.2251968383789,73.2251968383789,73.65699768066406,73.14839935302734,73.41179656982422,0
2018-06-26,73.46829986572266,73.46829986572266,73.7959976196289,73.08799743652344,73.46900177001953,0
2018-06-27,73.50360107421875,73.50360107421875,73.67900085449219,72.89610290527344,73.48059844970703,0
2018-06-28,73.0094985961914,73.0094985961914,73.16699981689453,72.65399932861328,73.02449798583984,0
2018-06-29,72.6760025024414,72.6760025024414,73.21099853515625,72.68609619140625,72.68609619140625,0
2018-07-02,73.22109985351562,73.22109985351562,73.64620208740234,73.06500244140625,73.40609741210938,0
2018-07-03,73.80960083007812,73.80960083007812,73.87999725341797,73.4729995727539,73.77980041503906,0
2018-07-04,73.60230255126953,73.60230255126953,73.777099609375,73.302001953125,73.60230255126953,0
2018-07-05,73.89520263671875,73.89520263671875,74.02400207519531,73.53900146484375,73.88929748535156,0
2018-07-06,73.82980346679688,73.82980346679688,74.18900299072266,73.65299987792969,73.82959747314453,0
2018-07-09,73.95390319824219,73.95390319824219,73.99700164794922,73.0270004272461,73.0270004272461,0
2018-07-10,73.48999786376953,73.48999786376953,73.49700164794922,72.54100036621094,73.48200225830078,0
2018-07-11,72.4739990234375,72.4739990234375,72.95899963378906,72.33599853515625,72.48600006103516,0
2018-07-12,72.81999969482422,72.81999969482422,72.88500213623047,72.2490005493164,72.83799743652344,0
2018-07-13,72.5999984741211,72.5999984741211,72.69499969482422,72.21499633789062,72.63999938964844,0
2018-07-16,72.99749755859375,72.99749755859375,73.12200164794922,72.6050033569336,73.11699676513672,0
2018-07-17,72.95800018310547,72.95800018310547,73.36499786376953,72.77899932861328,72.97000122070312,0
2018-07-18,73.00900268554688,73.00900268554688,73.65599822998047,72.59700012207031,73.01300048828125,0
2018-07-19,73.38700103759766,73.38700103759766,73.82599639892578,72.9749984741211,73.3759994506836,0
2018-07-20,74.14199829101562,74.14199829101562,74.4010009765625,73.79100036621094,74.16400146484375,0
2018-07-23,74.4083023071289,74.4083023071289,74.38500213623047,73.00700378417969,74.38500213623047,0
2018-07-24,73.65899658203125,73.65899658203125,73.72200012207031,73.24400329589844,73.72200012207031,0
2018-07-25,74.05000305175781,74.05000305175781,74.0989990234375,73.49400329589844,74.03299713134766,0
2018-07-26,73.73500061035156,73.73500061035156,73.87999725341797,73.25399780273438,73.73999786376953,0
2018-07-27,73.28800201416016,73.28800201416016,73.36399841308594,72.94200134277344,73.25700378417969,0
2018-07-30,73.14739990234375,73.14739990234375,73.36699676513672,72.73799896240234,73.18599700927734,0
2018-07-31,72.85199737548828,72.85199737548828,73.26799774169922,72.59300231933594,72.8740005493164,0
2018-08-01,72.98500061035156,72.98500061035156,73.52200317382812,72.76799774169922,72.97799682617188,0
2018-08-02,73.47200012207031,73.47200012207031,73.7770004272461,73.01499938964844,73.52100372314453,0
2018-08-03,73.3740005493164,73.3740005493164,73.52100372314453,73.06800079345703,73.37100219726562,0
2018-08-06,73.21430206298828,73.21430206298828,73.69300079345703,72.88099670410156,73.26899719238281,0
2018-08-07,73.64700317382812,73.64700317382812,73.68800354003906,73.23100280761719,73.66000366210938,0
2018-08-08,73.69200134277344,73.69200134277344,75.28600311279297,73.4280014038086,73.7020034790039,0
2018-08-09,76.16200256347656,76.16200256347656,77.22599792480469,76.0780029296875,76.1520004272461,0
2018-08-10,76.74199676513672,76.74199676513672,77.39900207519531,76.23999786376953,76.75900268554688,0
2018-08-13,77.13169860839844,77.13169860839844,78.55400085449219,76.9739990234375,77.27200317382812,0
2018-08-14,77.16899871826172,77.16899871826172,77.24299621582031,75.40299987792969,77.13400268554688,0
2018-08-15,75.27200317382812,75.27200317382812,76.69300079345703,75.0979995727539,75.28900146484375,0
2018-08-16,76.34200286865234,76.34200286865234,76.62100219726562,75.72899627685547,76.36100006103516,0
2018-08-17,76.03500366210938,76.03500366210938,77.0780029296875,75.6719970703125,76.04199981689453,0
2018-08-20,76.75029754638672,76.75029754638672,76.92400360107422,76.39550018310547,76.6449966430664,0
2018-08-21,76.99299621582031,76.99299621582031,77.79299926757812,76.802001953125,76.9800033569336,0
2018-08-22,77.8489990234375,77.8489990234375,79.0,77.61499786376953,77.85199737548828,0
2018-08-23,78.83399963378906,78.83399963378906,79.75800323486328,78.06400299072266,78.84700012207031,0
2018-08-24,78.73600006103516,78.73600006103516,78.93099975585938,77.89900207519531,78.76000213623047,0
2018-08-27,78.12419891357422,78.12419891357422,78.47899627685547,77.9229965209961,77.97100067138672,0
2018-08-28,78.78700256347656,78.78700256347656,79.38700103759766,78.36499786376953,78.77999877929688,0
2018-08-29,79.25800323486328,79.25800323486328,79.91600036621094,78.90499877929688,79.33399963378906,0
2018-08-30,79.62799835205078,79.62799835205078,79.75900268554688,79.21099853515625,79.61799621582031,0
2018-08-31,79.61000061035156,79.61000061035156,79.69100189208984,78.30000305175781,79.55599975585938,0
2018-09-03,78.18769836425781,78.18769836425781,79.16999816894531,78.33399963378906,78.33399963378906,0
2018-09-04,78.91600036621094,78.91600036621094,79.11299896240234,78.56400299072266,78.90399932861328,0
2018-09-05,78.96199798583984,78.96199798583984,79.5260009765625,78.49400329589844,78.99099731445312,0
2018-09-06,79.32599639892578,79.32599639892578,80.79499816894531,78.94000244140625,79.33799743652344,0
2018-09-07,80.37100219726562,80.37100219726562,80.8239974975586,80.09300231933594,80.36199951171875,0
2018-09-10,80.40576934814453,80.40576934814453,81.83699798583984,80.40576934814453,80.76799774169922,0
2018-09-11,81.81099700927734,81.81099700927734,81.86399841308594,80.64199829101562,81.79000091552734,0
2018-09-12,80.47699737548828,80.47699737548828,80.7770004272461,79.90599822998047,80.48100280761719,0
2018-09-13,80.15899658203125,80.15899658203125,80.31500244140625,79.14099884033203,80.16200256347656,0
2018-09-14,79.8550033569336,79.8550033569336,80.18900299072266,78.93099975585938,79.83999633789062,0
2018-09-17,79.20999908447266,79.20999908447266,79.60099792480469,78.88400268554688,79.16999816894531,0
2018-09-18,79.51899719238281,79.51899719238281,79.7300033569336,78.71399688720703,79.51599884033203,0
2018-09-19,78.66899871826172,78.66899871826172,78.6989974975586,77.76799774169922,78.6709976196289,0
2018-09-20,78.02100372314453,78.02100372314453,78.33499908447266,77.49600219726562,78.01399993896484,0
2018-09-21,78.16100311279297,78.16100311279297,78.5510025024414,77.69599914550781,78.16300201416016,0
2018-09-24,78.0342025756836,78.0342025756836,77.95500183105469,77.37300109863281,77.38200378417969,0
2018-09-25,77.38899993896484,77.38899993896484,77.5469970703125,76.89399719238281,77.38800048828125,0
2018-09-26,77.33699798583984,77.33699798583984,77.54399871826172,76.9990005493164,77.41200256347656,0
2018-09-27,77.35199737548828,77.35199737548828,77.44100189208984,76.46900177001953,77.36100006103516,0
2018-09-28,76.30599975585938,76.30599975585938,76.43000030517578,75.96700286865234,76.30000305175781,0
2018-10-01,76.00900268554688,76.00900268554688,76.21499633789062,75.50800323486328,76.13099670410156,0
2018-10-02,75.21399688720703,75.21399688720703,75.68499755859375,74.75,75.23600006103516,0
2018-10-03,75.58000183105469,75.58000183105469,75.91300201416016,75.46700286865234,75.54299926757812,0
2018-10-04,75.64800262451172,75.64800262451172,77.11100006103516,75.33100128173828,75.65899658203125,0
2018-10-05,77.02200317382812,77.02200317382812,77.0780029296875,76.41799926757812,77.01000213623047,0
2018-10-08,76.72010040283203,76.72010040283203,77.1050033569336,76.37899780273438,76.76000213623047,0
2018-10-09,76.60600280761719,76.60600280761719,76.66300201416016,76.07599639892578,76.5989990234375,0
2018-10-10,76.1719970703125,76.1719970703125,76.94300079345703,75.6500015258789,76.20500183105469,0
2018-10-11,77.19999694824219,77.19999694824219,77.39399719238281,76.51699829101562,77.18699645996094,0
2018-10-12,76.80899810791016,76.80899810791016,76.88800048828125,76.21199798583984,76.82599639892578,0
2018-10-15,76.43609619140625,76.43609619140625,76.3949966430664,75.76000213623047,76.37300109863281,0
2018-10-16,75.96600341796875,75.96600341796875,76.02799987792969,75.43599700927734,75.94000244140625,0
2018-10-17,75.58899688720703,75.58899688720703,75.87999725341797,75.16999816894531,75.62000274658203,0
2018-10-18,75.36499786376953,75.36499786376953,75.72599792480469,75.0530014038086,75.39199829101562,0
2018-10-19,75.40399932861328,75.40399932861328,75.48999786376953,75.00399780273438,75.36799621582031,0
2018-10-22,75.40249633789062,75.40249633789062,75.67400360107422,74.52999877929688,75.41600036621094,0
2018-10-23,74.74800109863281,74.74800109863281,75.35099792480469,74.41000366210938,74.73400115966797,0
2018-10-24,75.21299743652344,75.21299743652344,75.2020034790039,74.04000091552734,75.1500015258789,0
2018-10-25,74.7509994506836,74.7509994506836,75.13600158691406,74.4739990234375,74.76300048828125,0
2018-10-26,74.53600311279297,74.53600311279297,74.96600341796875,74.3489990234375,74.49400329589844,0
2018-10-29,74.9020004272461,74.9020004272461,75.1083984375,73.75,74.9020004272461,0
2018-10-30,74.875,74.875,74.89600372314453,74.43199920654297,74.86699676513672,0
2018-10-31,74.28600311279297,74.28600311279297,74.64600372314453,74.03800201416016,74.28600311279297,0
2018-11-01,74.41200256347656,74.41200256347656,74.89900207519531,74.2490005493164,74.3949966430664,0
2018-11-02,74.90799713134766,74.90799713134766,75.46299743652344,74.66600036621094,74.90699768066406,0
2018-11-05,75.33740234375,75.33740234375,75.6259994506836,74.97200012207031,75.33740234375,0
2018-11-06,75.36399841308594,75.36399841308594,75.43199920654297,74.98100280761719,75.35800170898438,0
2018-11-07,75.58899688720703,75.58899688720703,75.93599700927734,75.29199981689453,75.5459976196289,0
2018-11-08,75.69000244140625,75.69000244140625,76.03199768066406,75.21800231933594,75.68900299072266,0
2018-11-09,76.052001953125,76.052001953125,76.92900085449219,75.49600219726562,76.052001953125,0
2018-11-12,76.7843017578125,76.7843017578125,77.02899932861328,75.68800354003906,76.7843017578125,0
2018-11-13,76.15399932861328,76.15399932861328,76.76699829101562,75.80799865722656,76.11000061035156,0
2018-11-14,76.87300109863281,76.87300109863281,77.00399780273438,75.78500366210938,76.85299682617188,0
2018-11-15,75.86599731445312,75.86599731445312,76.1520004272461,74.87300109863281,75.87300109863281,0
2018-11-16,74.59500122070312,74.59500122070312,75.37100219726562,74.49299621582031,74.5770034790039,0
2018-11-19,75.38310241699219,75.38310241699219,75.56800079345703,73.94300079345703,75.38310241699219,0
2018-11-20,75.12000274658203,75.12000274658203,75.37100219726562,74.84200286865234,75.13500213623047,0
2018-11-21,75.16699981689453,75.16699981689453,75.31099700927734,74.77400207519531,75.19599914550781,0
2018-11-22,74.85199737548828,74.85199737548828,75.00700378417969,74.5199966430664,74.84500122070312,0
2018-11-23,74.8740005493164,74.8740005493164,75.322998046875,74.59600067138672,74.8499984741211,0
2018-11-26,75.04820251464844,75.04820251464844,76.55000305175781,73.66200256347656,75.04820251464844,0
2018-11-27,76.09400177001953,76.09400177001953,76.10600280761719,75.23500061035156,76.0790023803711,0
2018-11-28,75.76599884033203,75.76599884033203,76.12799835205078,75.14199829101562,75.75599670410156,0
2018-11-29,76.19100189208984,76.19100189208984,76.36799621582031,75.08799743652344,76.18099975585938,0
2018-11-30,75.30799865722656,75.30799865722656,76.11699676513672,75.28600311279297,75.302001953125,0
2018-12-03,75.86129760742188,75.86129760742188,75.86129760742188,74.81400299072266,75.86129760742188,0
2018-12-04,75.59100341796875,75.59100341796875,75.8759994506836,75.25599670410156,75.58300018310547,0
2018-12-05,75.79399871826172,75.79399871826172,75.88300323486328,75.38899993896484,75.77300262451172,0
2018-12-06,75.48600006103516,75.48600006103516,76.39800262451172,75.25700378417969,75.4219970703125,0
2018-12-07,76.05699920654297,76.05699920654297,76.26399993896484,75.197998046875,76.06999969482422,0
2018-12-10,75.63150024414062,75.63150024414062,75.96700286865234,75.44499969482422,75.63150024414062,0
2018-12-11,75.73699951171875,75.73699951171875,75.80799865722656,75.0989990234375,75.71600341796875,0
2018-12-12,75.17400360107422,75.17400360107422,75.43199920654297,74.822998046875,75.16799926757812,0
2018-12-13,75.52400207519531,75.52400207519531,75.60399627685547,75.09400177001953,75.5270004272461,0
2018-12-14,75.39399719238281,75.39399719238281,75.4469985961914,74.8550033569336,75.37000274658203,0
2018-12-17,75.3949966430664,75.3949966430664,75.73799896240234,75.13200378417969,75.3949966430664,0
2018-12-18,75.6510009765625,75.6510009765625,76.35600280761719,75.44000244140625,75.60299682617188,0
2018-12-19,76.68000030517578,76.68000030517578,77.3949966430664,76.08399963378906,76.75800323486328,0
2018-12-20,76.75499725341797,76.75499725341797,78.18599700927734,76.47699737548828,76.74500274658203,0
2018-12-21,78.23100280761719,78.23100280761719,78.54100036621094,77.63300323486328,78.2300033569336,0
2018-12-24,78.44039916992188,78.44039916992188,78.44039916992188,77.51499938964844,78.44039916992188,0
2018-12-25,78.2239990234375,78.2239990234375,78.43099975585938,78.13800048828125,78.2239990234375,0
2018-12-26,78.38500213623047,78.38500213623047,79.05899810791016,78.10600280761719,78.38500213623047,0
2018-12-27,78.26969909667969,78.26969909667969,79.5,77.8270034790039,78.26969909667969,0
2018-12-28,79.56099700927734,79.56099700927734,79.82499694824219,79.27200317382812,79.56800079345703,0
2018-12-31,79.49970245361328,79.49970245361328,79.87799835205078,78.94999694824219,79.49970245361328,0
2019-01-01,79.927001953125,79.927001953125,80.45899963378906,79.61799621582031,79.927001953125,0
2019-01-02,78.39859771728516,78.39859771728516,80.0739974975586,77.97440338134766,78.39859771728516,0
2019-01-03,78.09700012207031,78.09700012207031,78.99099731445312,78.052001953125,78.052001953125,0
2019-01-04,78.26699829101562,78.26699829101562,78.5989990234375,77.05599975585938,78.24600219726562,0
2019-01-07,77.064697265625,77.064697265625,77.45490264892578,76.36499786376953,77.064697265625,0
2019-01-08,76.6709976196289,76.6709976196289,76.9749984741211,76.3219985961914,76.65599822998047,0
2019-01-09,76.69000244140625,76.69000244140625,77.1989974975586,76.33699798583984,76.66000366210938,0
2019-01-10,77.03500366210938,77.03500366210938,77.58399963378906,76.78299713134766,77.04900360107422,0
2019-01-11,76.98899841308594,76.98899841308594,77.3949966430664,76.7770004272461,77.01599884033203,0
2019-01-14,76.67510223388672,76.67510223388672,77.11599731445312,76.67510223388672,76.67510223388672,0
2019-01-15,76.88999938964844,76.88999938964844,77.05999755859375,76.26000213623047,76.86900329589844,0
2019-01-16,76.56999969482422,76.56999969482422,76.53299713134766,75.62899780273438,76.51899719238281,0
2019-01-17,75.62200164794922,75.62200164794922,75.94499969482422,75.24400329589844,75.62100219726562,0
2019-01-18,75.61900329589844,75.61900329589844,75.77899932861328,75.12200164794922,75.60800170898438,0
2019-01-21,75.26519775390625,75.26519775390625,75.60399627685547,75.15399932861328,75.26519775390625,0
2019-01-22,75.47100067138672,75.47100067138672,75.62100219726562,75.24299621582031,75.47799682617188,0
2019-01-23,75.572998046875,75.572998046875,75.60700225830078,75.08999633789062,75.5770034790039,0
2019-01-24,75.23899841308594,75.23899841308594,75.31900024414062,74.40699768066406,75.25299835205078,0
2019-01-25,74.38200378417969,74.38200378417969,75.31800079345703,74.13200378417969,74.36799621582031,0
2019-01-28,75.23059844970703,75.23059844970703,75.6969985961914,74.05599975585938,75.23059844970703,0
2019-01-29,75.71600341796875,75.71600341796875,75.96199798583984,75.34500122070312,75.70999908447266,0
2019-01-30,75.44200134277344,75.44200134277344,75.59700012207031,75.16500091552734,75.41300201416016,0
2019-01-31,75.15399932861328,75.15399932861328,75.41300201416016,74.80000305175781,75.16999816894531,0
2019-02-01,74.86100006103516,74.86100006103516,75.30500030517578,74.76899719238281,74.87300109863281,0
2019-02-04,74.9657974243164,74.9657974243164,75.18900299072266,74.66799926757812,74.9657974243164,0
2019-02-05,74.99299621582031,74.99299621582031,75.02899932861328,74.58300018310547,74.99299621582031,0
2019-02-06,74.87899780273438,74.87899780273438,75.04000091552734,74.46299743652344,74.88300323486328,0
2019-02-07,74.80599975585938,74.80599975585938,75.09300231933594,74.58200073242188,74.81199645996094,0
2019-02-08,74.73699951171875,74.73699951171875,74.9800033569336,74.38099670410156,74.74099731445312,0
2019-02-11,74.40809631347656,74.40809631347656,74.40809631347656,73.95800018310547,74.40809631347656,0
2019-02-12,74.22699737548828,74.22699737548828,74.28800201416016,73.84400177001953,74.22200012207031,0
2019-02-13,74.63800048828125,74.63800048828125,74.69400024414062,74.05899810791016,74.63200378417969,0
2019-02-14,74.9530029296875,74.9530029296875,75.71700286865234,74.5250015258789,74.90899658203125,0
2019-02-15,75.29100036621094,75.29100036621094,75.31199645996094,74.8759994506836,75.27100372314453,0
2019-02-18,75.1234130859375,75.1234130859375,75.1234130859375,74.56900024414062,75.1234130859375,0
2019-02-19,74.90799713134766,74.90799713134766,74.93399810791016,74.45800018310547,74.93299865722656,0
2019-02-20,74.63899993896484,74.63899993896484,74.80999755859375,74.32099914550781,74.63600158691406,0
2019-02-21,74.51000213623047,74.51000213623047,74.5739974975586,73.9209976196289,74.51300048828125,0
2019-02-22,74.47200012207031,74.47200012207031,74.47799682617188,74.00399780273438,74.44100189208984,0
2019-02-25,74.13310241699219,74.13310241699219,74.3270034790039,73.74500274658203,74.13310241699219,0
2019-02-26,74.53099822998047,74.53099822998047,74.86699676513672,74.19200134277344,74.48799896240234,0
2019-02-27,74.81999969482422,74.81999969482422,75.05899810791016,74.41100311279297,74.8270034790039,0
2019-02-28,74.81700134277344,74.81700134277344,75.08200073242188,74.7240982055664,74.81700134277344,0
2019-03-01,74.94999694824219,74.94999694824219,75.00599670410156,74.70099639892578,74.87799835205078,0
2019-03-04,74.85569763183594,74.85569763183594,74.99600219726562,74.30500030517578,74.85569763183594,0
2019-03-05,74.4729995727539,74.4729995727539,74.58599853515625,74.26699829101562,74.55000305175781,0
2019-03-06,74.43000030517578,74.43000030517578,74.6969985961914,74.29399871826172,74.43099975585938,0
2019-03-07,74.61799621582031,74.61799621582031,74.71800231933594,74.05799865722656,74.61799621582031,0
2019-03-08,74.23400115966797,74.23400115966797,74.6968994140625,74.14299774169922,74.23400115966797,0
2019-03-11,74.46379852294922,74.46379852294922,74.59600067138672,74.06099700927734,74.46640014648438,0
2019-03-12,74.15899658203125,74.15899658203125,74.26100158691406,73.93090057373047,74.14199829101562,0
2019-03-13,74.05400085449219,74.05400085449219,74.12000274658203,73.86699676513672,74.05400085449219,0
2019-03-14,74.0739974975586,74.0739974975586,74.12100219726562,73.85816192626953,74.04900360107422,0
2019-03-15,74.04100036621094,74.04100036621094,74.18399810791016,73.66699981689453,74.02799987792969,0
2019-03-18,73.35137939453125,73.35137939453125,73.46002960205078,72.82599639892578,73.34822082519531,0
2019-03-19,72.9729995727539,72.9729995727539,73.22200012207031,72.85800170898438,72.94999694824219,0
2019-03-20,73.0790023803711,73.0790023803711,73.11199951171875,72.79400634765625,73.0790023803711,0
2019-03-21,72.94300079345703,72.94300079345703,73.07599639892578,72.4280014038086,72.9540023803711,0
2019-03-22,72.64199829101562,72.64199829101562,73.05999755859375,72.24600219726562,72.61000061035156,0
2019-03-25,72.90969848632812,72.90969848632812,73.08699798583984,72.46900177001953,72.90969848632812,0
2019-03-26,72.4729995727539,72.4729995727539,72.85700225830078,72.33999633789062,72.45500183105469,0
2019-03-27,72.53299713134766,72.53299713134766,73.19999694824219,72.43099975585938,72.53199768066406,0
2019-03-28,72.96900177001953,72.96900177001953,73.2509994506836,72.66500091552734,72.94000244140625,0
2019-03-29,72.93000030517578,72.93000030517578,73.81400299072266,72.42900085449219,72.89900207519531,0
2019-04-01,73.6532974243164,73.6532974243164,73.99669647216797,73.22000122070312,73.73699951171875,0
2019-04-02,73.09700012207031,73.09700012207031,73.38400268554688,73.0530014038086,73.11599731445312,0
2019-04-03,73.2300033569336,73.2300033569336,73.46199798583984,73.06099700927734,73.21499633789062,0
2019-04-04,73.3239974975586,73.3239974975586,73.54000091552734,73.18299865722656,73.33999633789062,0
2019-04-05,73.43000030517578,73.43000030517578,73.5770034790039,73.125,73.45500183105469,0
2019-04-08,73.20179748535156,73.20179748535156,73.52100372314453,73.11599731445312,73.31800079345703,0
2019-04-09,73.06199645996094,73.06199645996094,73.18199920654297,72.85970306396484,73.06199645996094,0
2019-04-10,73.06999969482422,73.06999969482422,73.1688232421875,72.39199829101562,73.08499908447266,0
2019-04-11,72.46199798583984,72.46199798583984,72.76000213623047,72.43900299072266,72.46199798583984,0
2019-04-12,72.73500061035156,72.73500061035156,72.96199798583984,72.52079772949219,72.7249984741211,0
2019-04-15,72.66549682617188,72.66549682617188,72.8759994506836,71.7020034790039,71.7020034790039,0
2019-04-16,72.73300170898438,72.73300170898438,72.79199981689453,72.44400024414062,72.73400115966797,0
2019-04-17,72.27400207519531,72.27400207519531,72.46800231933594,72.0790023803711,72.29299926757812,0
2019-04-18,72.18900299072266,72.18900299072266,72.39600372314453,71.78199768066406,72.19499969482422,0
2019-04-19,71.76200103759766,71.76200103759766,72.00910186767578,71.6886978149414,71.76200103759766,0
2019-04-22,71.98370361328125,71.98370361328125,71.91400146484375,71.64700317382812,71.76200103759766,0
2019-04-23,71.79190063476562,71.79190063476562,71.77342224121094,71.3949966430664,71.76200103759766,0
2019-04-24,71.49199676513672,71.49199676513672,71.99199676513672,71.41200256347656,71.49500274658203,0
2019-04-25,71.85399627685547,71.85399627685547,72.2959976196289,71.64099884033203,71.8499984741211,0
2019-04-26,71.98300170898438,71.98300170898438,72.37000274658203,71.88285064697266,71.99299621582031,0
2019-04-29,72.23930358886719,72.23930358886719,72.28099822998047,71.1240005493164,71.1240005493164,0
2019-04-30,72.11000061035156,72.11000061035156,72.44400024414062,71.99800109863281,72.10600280761719,0
2019-05-01,72.53269958496094,72.53269958496094,72.78600311279297,72.37799835205078,72.48200225830078,0
2019-05-02,72.53500366210938,72.53500366210938,73.39399719238281,72.47650146484375,72.48200225830078,0
2019-05-03,73.06999969482422,73.06999969482422,73.19100189208984,72.66000366210938,73.06199645996094,0
2019-05-06,72.81490325927734,72.81490325927734,73.2770004272461,72.802001953125,72.94100189208984,0
2019-05-07,73.1500015258789,73.1500015258789,73.20700073242188,72.71800231933594,73.15299987792969,0
2019-05-08,73.18199920654297,73.18199920654297,73.28099822998047,72.71099853515625,73.18699645996094,0
2019-05-09,72.8489990234375,72.8489990234375,73.5999984741211,72.81300354003906,72.85099792480469,0
2019-05-10,73.177001953125,73.177001953125,73.55799865722656,73.01499938964844,73.18000030517578,0
2019-05-13,73.31681823730469,73.31681823730469,73.66300201416016,73.15499877929688,73.15499877929688,0
2019-05-14,73.34400177001953,73.34400177001953,73.54000091552734,72.78800201416016,73.33799743652344,0
2019-05-15,72.68299865722656,72.68299865722656,72.83399963378906,72.20999908447266,72.677001953125,0
2019-05-16,72.47599792480469,72.47599792480469,72.51300048828125,71.95500183105469,72.48200225830078,0
2019-05-17,72.24099731445312,72.24099731445312,72.3270034790039,72.09600067138672,72.24800109863281,0
2019-05-20,72.23529815673828,72.23529815673828,72.24299621582031,71.90799713134766,72.24299621582031,0
2019-05-21,72.02200317382812,72.02200317382812,72.06500244140625,71.83599853515625,72.0469970703125,0
2019-05-22,71.83699798583984,71.83699798583984,71.91600036621094,71.63200378417969,71.85700225830078,0
2019-05-23,71.80699920654297,71.80699920654297,72.33100128173828,71.7255630493164,71.79900360107422,0
2019-05-24,72.54100036621094,72.54100036621094,72.54199981689453,72.07499694824219,72.53600311279297,0
2019-05-27,72.20130157470703,72.20130157470703,72.3010025024414,71.23300170898438,71.23300170898438,0
2019-05-28,72.05599975585938,72.05599975585938,72.3290023803711,71.96900177001953,72.05599975585938,0
2019-05-29,72.21600341796875,72.21600341796875,72.83300018310547,72.19400024414062,72.19400024414062,0
2019-05-30,72.3489990234375,72.3489990234375,72.5469970703125,72.17342376708984,72.33300018310547,0
2019-05-31,72.6500015258789,72.6500015258789,73.11100006103516,72.5469970703125,72.64700317382812,0
2019-06-03,73.04129791259766,73.04129791259766,73.32518768310547,71.99199676513672,71.99199676513672,0
2019-06-04,73.4749984741211,73.4749984741211,73.65799713134766,73.18599700927734,73.48600006103516,0
2019-06-05,73.34400177001953,73.34400177001953,73.51899719238281,73.17019653320312,73.34100341796875,0
2019-06-06,73.3219985961914,73.3219985961914,73.5780029296875,73.15399932861328,73.322998046875,0
2019-06-07,73.36499786376953,73.36499786376953,73.60900115966797,73.0150375366211,73.3759994506836,0
2019-06-10,73.49939727783203,73.49939727783203,73.41799926757812,73.04329681396484,73.41799926757812,0
2019-06-11,73.27300262451172,73.27300262451172,73.28199768066406,72.90799713134766,73.2750015258789,0
2019-06-12,73.17500305175781,73.17500305175781,73.48100280761719,73.06800079345703,73.09500122070312,0
2019-06-13,73.1969985961914,73.1969985961914,73.28199768066406,72.69499969482422,73.19000244140625,0
2019-06-14,72.81400299072266,72.81400299072266,72.83999633789062,72.11399841308594,72.80500030517578,0
2019-06-17,72.10980224609375,72.10980224609375,72.21900177001953,71.4520034790039,71.4520034790039,0
2019-06-18,72.20899963378906,72.20899963378906,72.32540130615234,71.53399658203125,72.20899963378906,0
2019-06-19,71.65799713134766,71.65799713134766,71.75800323486328,71.5479965209961,71.65299987792969,0
2019-06-20,71.6510009765625,71.6510009765625,71.81700134277344,70.96199798583984,71.64900207519531,0
2019-06-21,71.05899810791016,71.05899810791016,71.87300109863281,70.98870086669922,71.03700256347656,0
2019-06-24,71.70459747314453,71.70459747314453,71.79900360107422,71.447998046875,71.64900207519531,0
2019-06-25,71.31900024414062,71.31900024414062,71.62799835205078,71.12799835205078,71.3270034790039,0
2019-06-26,71.50499725341797,71.50499725341797,71.83799743652344,71.19200134277344,71.50199890136719,0
2019-06-27,71.7040023803711,71.7040023803711,71.78600311279297,71.49500274658203,71.73799896240234,0
2019-06-28,71.73500061035156,71.73500061035156,71.8759994506836,71.48200225830078,71.73100280761719,0
2019-07-01,71.65670013427734,71.65670013427734,71.93900299072266,71.06600189208984,71.93900299072266,0
2019-07-02,71.06999969482422,71.06999969482422,71.56999969482422,71.02851104736328,71.03700256347656,0
2019-07-03,71.46900177001953,71.46900177001953,71.85800170898438,71.38700103759766,71.47699737548828,0
2019-07-04,71.44300079345703,71.44300079345703,71.64299774169922,71.3219985961914,71.4749984741211,0
2019-07-05,71.62000274658203,71.62000274658203,71.73200225830078,71.375,71.65899658203125,0
2019-07-08,71.58709716796875,71.58709716796875,71.76599884033203,71.18299865722656,71.59600067138672,0
2019-07-09,71.41400146484375,71.41400146484375,71.56300354003906,71.30500030517578,71.39199829101562,0
2019-07-10,71.53199768066406,71.53199768066406,71.60199737548828,71.07330322265625,71.52799987792969,0
2019-07-11,71.09500122070312,71.09500122070312,71.25399780273438,70.67859649658203,71.09500122070312,0
2019-07-12,70.67900085449219,70.67900085449219,71.06700134277344,70.6780014038086,70.68299865722656,0
2019-07-15,70.9646987915039,70.9646987915039,71.16400146484375,70.42500305175781,71.00199890136719,0
2019-07-16,70.58399963378906,70.58399963378906,70.73100280761719,70.34100341796875,70.59500122070312,0
2019-07-17,70.62300109863281,70.62300109863281,70.71700286865234,70.34600067138672,70.6240005493164,0
2019-07-18,70.66300201416016,70.66300201416016,70.85299682617188,70.45700073242188,70.66300201416016,0
2019-07-19,70.79100036621094,70.79100036621094,70.87999725341797,70.58899688720703,70.79399871826172,0
2019-07-22,70.6509017944336,70.6509017944336,70.75399780273438,69.7750015258789,69.7750015258789,0
2019-07-23,70.63099670410156,70.63099670410156,70.74700164794922,70.44300079345703,70.60900115966797,0
2019-07-24,70.47100067138672,70.47100067138672,70.49500274658203,70.15599822998047,70.46700286865234,0
2019-07-25,70.50499725341797,70.50499725341797,70.61100006103516,69.94020080566406,70.50199890136719,0
2019-07-26,70.4530029296875,70.4530029296875,70.56500244140625,70.20800018310547,70.35800170898438,0
2019-07-29,70.52749633789062,70.52749633789062,70.74600219726562,70.41100311279297,70.48500061035156,0
2019-07-30,70.6969985961914,70.6969985961914,71.02999877929688,70.50499725341797,70.68099975585938,0
2019-07-31,70.87999725341797,70.87999725341797,70.88999938964844,70.52799987792969,70.86699676513672,0
2019-08-01,70.42500305175781,70.42500305175781,70.82499694824219,70.09973907470703,70.31600189208984,0
2019-08-02,71.26300048828125,71.26300048828125,72.61399841308594,71.21800231933594,71.2699966430664,0
2019-08-05,72.39299774169922,72.39299774169922,72.91500091552734,72.13300323486328,72.5009994506836,0
2019-08-06,73.93199920654297,73.93199920654297,74.31500244140625,72.58499908447266,73.91200256347656,0
2019-08-07,73.13999938964844,73.13999938964844,73.76699829101562,72.61100006103516,73.14399719238281,0
2019-08-08,73.23799896240234,73.23799896240234,73.37100219726562,72.9209976196289,73.26699829101562,0
2019-08-09,72.83599853515625,72.83599853515625,73.44100189208984,72.75399780273438,72.83599853515625,0
2019-08-12,73.32630157470703,73.32630157470703,73.66100311279297,73.00299835205078,73.08699798583984,0
2019-08-13,73.40399932861328,73.40399932861328,73.87799835205078,72.6050033569336,73.39299774169922,0
2019-08-14,72.55699920654297,72.55699920654297,73.59700012207031,72.51000213623047,72.55599975585938,0
2019-08-15,73.63400268554688,73.63400268554688,74.24500274658203,73.14800262451172,73.64399719238281,0
2019-08-16,73.4209976196289,73.4209976196289,73.77300262451172,72.98999786376953,73.42900085449219,0
2019-08-19,73.75180053710938,73.75180053710938,74.3949966430664,73.50800323486328,73.74400329589844,0
2019-08-20,74.21800231933594,74.21800231933594,74.27799987792969,73.71499633789062,74.21800231933594,0
2019-08-21,73.75399780273438,73.75399780273438,73.85399627685547,72.91200256347656,73.77300262451172,0
2019-08-22,72.9729995727539,72.9729995727539,73.08200073242188,72.64199829101562,72.93900299072266,0
2019-08-23,72.66600036621094,72.66600036621094,73.68890380859375,72.40360260009766,72.66300201416016,0
2019-08-26,73.56950378417969,73.56950378417969,73.78072357177734,73.16799926757812,73.56099700927734,0
2019-08-27,73.40699768066406,73.40699768066406,73.88999938964844,73.19100189208984,73.40299987792969,0
2019-08-28,73.68299865722656,73.68299865722656,74.23699951171875,73.53299713134766,73.68299865722656,0
2019-08-29,74.01100158691406,74.01100158691406,74.0989990234375,73.5009994506836,74.01699829101562,0
2019-08-30,73.55899810791016,73.55899810791016,73.6050033569336,73.19200134277344,73.5459976196289,0
2019-09-02,73.2477035522461,73.2477035522461,73.44400024414062,73.02799987792969,73.31900024414062,0
2019-09-03,73.23799896240234,73.23799896240234,73.55599975585938,72.99759674072266,73.22100067138672,0
2019-09-04,73.27300262451172,73.27300262451172,73.322998046875,72.84700012207031,73.2760009765625,0
2019-09-05,73.08399963378906,73.08399963378906,73.10199737548828,72.63600158691406,73.08000183105469,0
2019-09-06,73.03399658203125,73.03399658203125,73.0780029296875,72.41999816894531,73.04299926757812,0
2019-09-09,72.46440124511719,72.46440124511719,72.552001953125,72.05699920654297,72.552001953125,0
2019-09-10,72.41699981689453,72.41699981689453,72.42900085449219,72.09300231933594,72.40699768066406,0
2019-09-11,72.1719970703125,72.1719970703125,72.34400177001953,71.78800201416016,72.16200256347656,0
2019-09-12,72.10299682617188,72.10299682617188,72.11000061035156,70.96399688720703,72.10600280761719,0
2019-09-13,71.58799743652344,71.58799743652344,71.75199890136719,71.06999969482422,71.62799835205078,0
2019-09-16,71.19509887695312,71.19509887695312,71.26300048828125,70.2750015258789,71.26300048828125,0
2019-09-17,70.4219970703125,70.4219970703125,71.15799713134766,70.36799621582031,70.43099975585938,0
2019-09-18,71.26000213623047,71.26000213623047,71.41300201416016,70.89700317382812,71.20700073242188,0
2019-09-19,70.83899688720703,70.83899688720703,71.1050033569336,70.5009994506836,70.85199737548828,0
2019-09-20,70.70600128173828,70.70600128173828,70.875,70.25700378417969,70.69999694824219,0
2019-09-23,70.47889709472656,70.47889709472656,70.52899932861328,70.11399841308594,70.52899932861328,0
2019-09-24,70.14299774169922,70.14299774169922,70.2750015258789,69.89800262451172,70.1259994506836,0
2019-09-25,70.5199966430664,70.5199966430664,70.78900146484375,70.23079681396484,70.52400207519531,0
2019-09-26,70.29499816894531,70.29499816894531,70.49299621582031,70.12200164794922,70.30699920654297,0
2019-09-27,70.177001953125,70.177001953125,70.70899963378906,70.09100341796875,70.20600128173828,0
2019-09-30,70.7300033569336,70.7300033569336,70.875,69.42500305175781,69.42500305175781,0
2019-10-01,70.68900299072266,70.68900299072266,71.4739990234375,70.49735260009766,70.6719970703125,0
2019-10-02,71.34400177001953,71.34400177001953,71.52899932861328,71.06900024414062,71.34100341796875,0
2019-10-03,71.48300170898438,71.48300170898438,71.8239974975586,71.04100036621094,71.48300170898438,0
2019-10-04,71.4520034790039,71.4520034790039,71.50299835205078,70.8010025024414,71.44200134277344,0
2019-10-07,71.01020050048828,71.01020050048828,71.36699676513672,70.11100006103516,70.11100006103516,0
2019-10-08,71.29399871826172,71.29399871826172,71.81400299072266,71.10600280761719,71.30000305175781,0
2019-10-09,71.43800354003906,71.43800354003906,71.56199645996094,71.14199829101562,71.43399810791016,0
2019-10-10,71.45099639892578,71.45099639892578,71.4749984741211,70.89119720458984,71.4749984741211,0
2019-10-11,70.9209976196289,70.9209976196289,71.02200317382812,70.60299682617188,70.93000030517578,0
2019-10-14,70.79650115966797,70.79650115966797,71.03199768066406,70.63600158691406,70.92980194091797,0
2019-10-15,70.87570190429688,70.87570190429688,71.04199981689453,70.70500183105469,70.87570190429688,0
2019-10-16,70.94629669189453,70.94629669189453,71.14830017089844,70.76399993896484,70.94329833984375,0
2019-10-17,71.0011978149414,71.0011978149414,71.21189880371094,70.76899719238281,71.00640106201172,0
2019-10-18,71.28759765625,71.28759765625,71.40699768066406,71.0719985961914,71.26190185546875,0
2019-10-21,71.2488021850586,71.2488021850586,71.23799896240234,70.95819854736328,71.23799896240234,0
2019-10-22,71.09660339355469,71.09660339355469,71.15390014648438,70.7876968383789,71.09980010986328,0
2019-10-23,70.85479736328125,70.85479736328125,71.13600158691406,70.75299835205078,70.8583984375,0
2019-10-24,71.17539978027344,71.17539978027344,71.36599731445312,71.04350280761719,71.17539978027344,0
2019-10-25,71.1405029296875,71.1405029296875,71.17289733886719,70.53559875488281,71.09439849853516,0
2019-10-28,70.7322006225586,70.7322006225586,70.87319946289062,70.47100067138672,70.7322006225586,0
2019-10-29,70.70939636230469,70.70939636230469,71.04090118408203,70.65899658203125,70.74739837646484,0
2019-10-30,71.0863037109375,71.0863037109375,71.28500366210938,70.88899993896484,71.07980346679688,0
2019-10-31,71.11289978027344,71.11289978027344,71.4990005493164,71.09040069580078,71.12100219726562,0
2019-11-01,71.54029846191406,71.54029846191406,71.614501953125,70.81400299072266,71.54029846191406,0
2019-11-04,70.85240173339844,70.85240173339844,70.94960021972656,70.45600128173828,70.85240173339844,0
2019-11-05,70.63960266113281,70.63960266113281,70.67980194091797,70.22799682617188,70.6041030883789,0
2019-11-06,70.28130340576172,70.28130340576172,70.86689758300781,70.22660064697266,70.26239776611328,0
2019-11-07,70.68620300292969,70.68620300292969,70.72100067138672,70.19499969482422,70.66459655761719,0
2019-11-08,70.28289794921875,70.28289794921875,70.50299835205078,70.25969696044922,70.41500091552734,0
2019-11-11,70.30239868164062,70.30239868164062,70.56999969482422,70.3019027709961,70.30239868164062,0
2019-11-12,70.47010040283203,70.47010040283203,70.78820037841797,70.36199951171875,70.47010040283203,0
2019-11-13,70.76689910888672,70.76689910888672,70.98169708251953,70.58399963378906,70.77020263671875,0
2019-11-14,70.8196029663086,70.8196029663086,70.81950378417969,70.34100341796875,70.81639862060547,0
2019-11-15,70.44180297851562,70.44180297851562,70.54229736328125,70.28700256347656,70.44499969482422,0
2019-11-18,70.41380310058594,70.41380310058594,70.76069641113281,70.4136962890625,70.41380310058594,0
2019-11-19,70.7385025024414,70.7385025024414,70.80889892578125,70.4260025024414,70.7385025024414,0
2019-11-20,70.75650024414062,70.75650024414062,70.91799926757812,70.58789825439453,70.75330352783203,0
2019-11-21,70.69760131835938,70.69760131835938,70.76619720458984,70.46839904785156,70.69760131835938,0
2019-11-22,70.48179626464844,70.48179626464844,70.5999984741211,70.322998046875,70.48490142822266,0
2019-11-25,70.39459991455078,70.39459991455078,70.53500366210938,70.23500061035156,70.39459991455078,0
2019-11-26,70.39939880371094,70.39939880371094,70.64399719238281,70.3582992553711,70.38349914550781,0
2019-11-27,70.50740051269531,70.50740051269531,70.51319885253906,70.3125,70.50460052490234,0
2019-11-28,70.4229965209961,70.4229965209961,70.66200256347656,70.3948974609375,70.43669891357422,0
2019-11-29,70.57689666748047,70.57689666748047,70.86699676513672,70.4749984741211,70.57740020751953,0
2019-12-02,70.8156967163086,70.8156967163086,71.19709777832031,70.77400207519531,70.8156967163086,0
2019-12-03,71.1051025390625,71.1051025390625,71.24440002441406,70.96600341796875,71.12100219726562,0
2019-12-04,71.0718994140625,71.0718994140625,71.13700103759766,70.70500183105469,71.02940368652344,0
2019-12-05,70.80650329589844,70.80650329589844,70.9000015258789,70.64600372314453,70.80650329589844,0
2019-12-06,70.7417984008789,70.7417984008789,70.82430267333984,70.26100158691406,70.73880004882812,0
2019-12-09,70.30909729003906,70.30909729003906,70.5873031616211,70.30909729003906,70.30909729003906,0
2019-12-10,70.3093032836914,70.3093032836914,70.51380157470703,70.28620147705078,70.30870056152344,0
2019-12-11,70.45610046386719,70.45610046386719,70.59490203857422,70.3458023071289,70.45610046386719,0
2019-12-12,70.48819732666016,70.48819732666016,70.56220245361328,69.71099853515625,70.48819732666016,0
2019-12-13,70.1365966796875,70.1365966796875,70.22899627685547,69.4749984741211,70.12409973144531,0
2019-12-16,69.8904037475586,69.8904037475586,70.01370239257812,69.50199890136719,69.8904037475586,0
2019-12-17,69.59809875488281,69.59809875488281,69.94599914550781,69.5416030883789,69.6011962890625,0
2019-12-18,69.66339874267578,69.66339874267578,69.74120330810547,69.39800262451172,69.6229019165039,0
2019-12-19,69.67859649658203,69.67859649658203,69.7406997680664,69.27300262451172,69.68170166015625,0
2019-12-20,69.356201171875,69.356201171875,69.41699981689453,68.78299713134766,69.35310363769531,0
2019-12-23,68.86360168457031,68.86360168457031,69.08409881591797,68.86360168457031,68.86360168457031,0
2019-12-24,69.1155014038086,69.1155014038086,69.13420104980469,68.58699798583984,69.09619903564453,0
2019-12-25,68.61840057373047,68.61840057373047,68.61840057373047,68.61830139160156,68.61840057373047,0
2019-12-26,68.61830139160156,68.61830139160156,69.06300354003906,67.71070098876953,68.61830139160156,0
2019-12-27,69.02239990234375,69.02239990234375,69.40059661865234,67.71070098876953,69.02239990234375,0
2019-12-30,69.38999938964844,69.38999938964844,69.53260040283203,68.98200225830078,69.38999938964844,0
2019-12-31,69.4552993774414,69.4552993774414,69.97049713134766,69.39299774169922,69.45600128173828,0
2020-01-01,69.44619750976562,69.44619750976562,69.45690155029297,69.44619750976562,69.44619750976562,0
2020-01-02,68.98680114746094,68.98680114746094,69.69629669189453,68.84410095214844,68.98680114746094,0
2020-01-03,68.92880249023438,68.92880249023438,69.40290069580078,68.89569854736328,68.93190002441406,0
2020-01-06,69.2791976928711,69.2791976928711,69.56199645996094,69.05899810791016,69.2791976928711,0
2020-01-07,69.18789672851562,69.18789672851562,69.30599975585938,68.87999725341797,69.18789672851562,0
2020-01-08,69.16590118408203,69.16590118408203,69.29769897460938,68.29429626464844,69.16899871826172,0
2020-01-09,68.10250091552734,68.10250091552734,68.23609924316406,67.88899993896484,68.10859680175781,0
2020-01-10,68.10590362548828,68.10590362548828,68.11799621582031,67.63899993896484,68.0967025756836,0
2020-01-13,67.01599884033203,67.01599884033203,68.36759948730469,67.01599884033203,67.01599884033203,0
2020-01-14,68.12419891357422,68.12419891357422,68.48300170898438,68.05799865722656,68.15239715576172,0
2020-01-15,68.30860137939453,68.30860137939453,68.79499816894531,68.2959976196289,68.32160186767578,0
2020-01-16,68.45259857177734,68.45259857177734,68.89199829101562,68.41059875488281,68.44950103759766,0
2020-01-17,68.68460083007812,68.68460083007812,68.72859954833984,68.09400177001953,68.68150329589844,0
2020-01-20,68.29389953613281,68.29389953613281,68.32540130615234,68.1259994506836,68.29389953613281,0
2020-01-21,68.3447036743164,68.3447036743164,68.76799774169922,68.30249786376953,68.34159851074219,0
2020-01-22,68.61810302734375,68.61810302734375,68.8102035522461,68.44200134277344,68.61009979248047,0
2020-01-23,68.71859741210938,68.71859741210938,68.80400085449219,68.41899871826172,68.71859741210938,0
2020-01-24,68.45549774169922,68.45549774169922,68.51750183105469,68.1050033569336,68.45549774169922,0
2020-01-27,68.51470184326172,68.51470184326172,69.48690032958984,68.51419830322266,68.51470184326172,0
2020-01-28,69.34349822998047,69.34349822998047,69.52400207519531,68.57599639892578,69.34980010986328,0
2020-01-29,68.6051025390625,68.6051025390625,69.11799621582031,68.51940155029297,68.6426010131836,0
2020-01-30,68.88079833984375,68.88079833984375,70.04100036621094,68.86160278320312,68.89070129394531,0
2020-01-31,69.72640228271484,69.72640228271484,70.86080169677734,69.46700286865234,69.7738037109375,0
2020-02-03,70.78820037841797,70.78820037841797,70.97599792480469,70.13800048828125,70.78820037841797,0
2020-02-04,70.45320129394531,70.45320129394531,70.4884033203125,69.39790344238281,70.47879791259766,0
2020-02-05,69.50679779052734,69.50679779052734,69.85700225830078,68.88999938964844,69.4905014038086,0
2020-02-06,69.14990234375,69.14990234375,69.73100280761719,68.87909698486328,69.16429901123047,0
2020-02-07,69.50759887695312,69.50759887695312,70.4540023803711,69.37300109863281,69.50759887695312,0
2020-02-10,70.1698989868164,70.1698989868164,70.26000213623047,69.6969985961914,70.1698989868164,0
2020-02-11,69.96179962158203,69.96179962158203,69.96499633789062,69.06099700927734,69.95860290527344,0
2020-02-12,69.18060302734375,69.18060302734375,69.19239807128906,68.67140197753906,69.18370056152344,0
2020-02-13,68.86029815673828,68.86029815673828,69.38600158691406,68.70120239257812,68.85600280761719,0
2020-02-14,68.97859954833984,68.97859954833984,69.00430297851562,68.66300201416016,68.97859954833984,0
2020-02-17,68.98049926757812,68.98049926757812,68.98190307617188,68.49500274658203,68.98190307617188,0
2020-02-18,68.80729675292969,68.80729675292969,69.35900115966797,68.71199798583984,68.79869842529297,0
2020-02-19,68.96269989013672,68.96269989013672,69.01329803466797,68.51000213623047,68.89769744873047,0
2020-02-20,68.68560028076172,68.68560028076172,69.39099884033203,68.631103515625,68.72920227050781,0
2020-02-21,69.21260070800781,69.21260070800781,69.95259857177734,69.1594009399414,69.22019958496094,0
2020-02-24,69.53730010986328,69.53730010986328,71.25,69.53679656982422,69.53730010986328,0
2020-02-25,70.83619689941406,70.83619689941406,71.1395034790039,70.18299865722656,70.8395004272461,0
2020-02-26,71.04129791259766,71.04129791259766,71.55370330810547,70.57599639892578,71.05259704589844,0
2020-02-27,71.25309753417969,71.25309753417969,73.04299926757812,71.26339721679688,71.26339721679688,0
2020-02-28,72.93209838867188,72.93209838867188,74.7030029296875,72.8280029296875,72.92759704589844,0
2020-03-02,73.84030151367188,73.84030151367188,74.97799682617188,73.25399780273438,73.84030151367188,0
2020-03-03,73.99479675292969,73.99479675292969,74.19090270996094,73.07109832763672,73.98809814453125,0
2020-03-04,73.9906005859375,73.9906005859375,74.05120086669922,72.87200164794922,73.99410247802734,0
2020-03-05,73.81310272216797,73.81310272216797,75.13089752197266,73.47850036621094,73.81639862060547,0
2020-03-06,75.82859802246094,75.82859802246094,77.7509994506836,75.45480346679688,75.84559631347656,0
2020-03-09,81.9552001953125,81.9552001953125,85.71800231933594,81.80599975585938,81.96530151367188,0
2020-03-10,85.13569641113281,85.13569641113281,85.23899841308594,80.1259994506836,85.13939666748047,0
2020-03-11,80.77200317382812,80.77200317382812,81.85600280761719,79.9540023803711,80.63150024414062,0
2020-03-12,82.54720306396484,82.54720306396484,84.81700134277344,81.96849822998047,82.53990173339844,0
2020-03-13,83.64910125732422,83.64910125732422,83.98429870605469,80.29900360107422,83.64910125732422,0
2020-03-16,81.0542984008789,81.0542984008789,84.31700134277344,81.05380249023438,81.0542984008789,0
2020-03-17,83.27010345458984,83.27010345458984,83.4791030883789,81.82599639892578,83.28880310058594,0
2020-03-18,82.76290130615234,82.76290130615234,87.6050033569336,82.54769897460938,82.77420043945312,0
2020-03-19,88.68319702148438,88.68319702148438,89.61840057373047,85.26599884033203,88.55799865722656,0
2020-03-20,84.45439910888672,84.45439910888672,85.55999755859375,83.29399871826172,84.45230102539062,0
2020-03-23,85.068603515625,85.068603515625,87.37000274658203,85.068603515625,85.068603515625,0
2020-03-24,85.53379821777344,85.53379821777344,85.99559783935547,84.40599822998047,85.5177001953125,0
2020-03-25,84.49629974365234,84.49629974365234,85.72000122070312,83.43299865722656,84.4885025024414,0
2020-03-26,85.28919982910156,85.28919982910156,86.16699981689453,84.6760025024414,85.26799774169922,0
2020-03-27,85.47109985351562,85.47109985351562,87.56559753417969,85.28500366210938,85.43830108642578,0
2020-03-30,87.43419647216797,87.43419647216797,88.97599792480469,87.43409729003906,87.43419647216797,0
2020-03-31,87.81680297851562,87.81680297851562,87.92639923095703,85.40299987792969,87.7885971069336,0
2020-04-01,86.57610321044922,86.57610321044922,87.04429626464844,85.68099975585938,86.56600189208984,0
2020-04-02,86.36959838867188,86.36959838867188,86.57360076904297,84.09369659423828,86.2593002319336,0
2020-04-03,83.66280364990234,83.66280364990234,84.49649810791016,82.64800262451172,83.64340209960938,0
2020-04-06,83.0257568359375,83.0257568359375,83.26699829101562,82.15299987792969,82.78109741210938,0
2020-04-07,82.0698013305664,82.0698013305664,82.67900085449219,81.47599792480469,82.08689880371094,0
2020-04-08,82.04530334472656,82.04530334472656,82.37899780273438,81.48500061035156,82.06880187988281,0
2020-04-09,81.54560089111328,81.54560089111328,81.74710083007812,79.4520034790039,81.54869842529297,0
2020-04-10,81.1968994140625,81.1968994140625,81.31950378417969,80.06099700927734,81.1968994140625,0
2020-04-13,80.66329956054688,80.66329956054688,80.80899810791016,79.83499908447266,80.66329956054688,0
2020-04-14,80.33799743652344,80.33799743652344,80.41909790039062,79.0291976928711,80.33799743652344,0
2020-04-15,80.2427978515625,80.2427978515625,82.0790023803711,79.85900115966797,80.2218017578125,0
2020-04-16,81.71620178222656,81.71620178222656,81.73539733886719,80.23200225830078,81.731201171875,0
2020-04-17,80.01850128173828,80.01850128173828,80.83699798583984,79.49109649658203,80.04900360107422,0
2020-04-20,80.49030303955078,80.49030303955078,81.35800170898438,80.49019622802734,80.49030303955078,0
2020-04-21,82.00990295410156,82.00990295410156,84.17539978027344,81.66100311279297,82.00569915771484,0
2020-04-22,83.61599731445312,83.61599731445312,84.2665023803711,82.2708969116211,83.38600158691406,0
2020-04-23,82.02469635009766,82.02469635009766,82.28790283203125,80.12799835205078,82.01439666748047,0
2020-04-24,80.5115966796875,80.5115966796875,80.79910278320312,79.7979965209961,80.55789947509766,0
2020-04-27,80.63990020751953,80.63990020751953,81.04740142822266,80.31800079345703,80.63990020751953,0
2020-04-28,80.61380004882812,80.61380004882812,80.92400360107422,80.13700103759766,80.60420227050781,0
2020-04-29,80.21759796142578,80.21759796142578,80.59750366210938,79.4229965209961,80.19539642333984,0
2020-04-30,79.51029968261719,79.51029968261719,81.3594970703125,78.98600006103516,79.51840209960938,0
2020-05-01,81.35420227050781,81.35420227050781,83.38899993896484,81.35420227050781,81.35420227050781,0
2020-05-04,82.78459930419922,82.78459930419922,83.03399658203125,81.83200073242188,82.78459930419922,0
2020-05-05,81.36280059814453,81.36280059814453,81.74140167236328,79.88459777832031,81.3583984375,0
2020-05-06,79.94670104980469,79.94670104980469,81.10199737548828,79.31999969482422,79.98590087890625,0
2020-05-07,80.55079650878906,80.55079650878906,80.57689666748047,79.34400177001953,80.56189727783203,0
2020-05-08,80.1449966430664,80.1449966430664,80.57589721679688,79.2490005493164,80.14869689941406,0
2020-05-11,79.6166000366211,79.6166000366211,79.9729995727539,79.21299743652344,79.6166000366211,0
2020-05-12,79.68270111083984,79.68270111083984,79.74520111083984,79.18900299072266,79.65899658203125,0
2020-05-13,79.84839630126953,79.84839630126953,80.19599914550781,79.38800048828125,79.84120178222656,0
2020-05-14,80.15059661865234,80.15059661865234,80.33899688720703,79.58799743652344,80.15699768066406,0
2020-05-15,79.33540344238281,79.33540344238281,79.8551025390625,78.99800109863281,79.33170318603516,0
2020-05-18,79.60250091552734,79.60250091552734,79.60250091552734,78.72599792480469,79.60250091552734,0
2020-05-19,79.33319854736328,79.33319854736328,79.51300048828125,79.0009994506836,79.35060119628906,0
2020-05-20,79.22679901123047,79.22679901123047,79.51750183105469,78.19210052490234,79.32849884033203,0
2020-05-21,78.19229888916016,78.19229888916016,78.34120178222656,77.49400329589844,78.18910217285156,0
2020-05-22,77.7499008178711,77.7499008178711,78.58599853515625,77.60759735107422,77.75340270996094,0
2020-05-25,78.03269958496094,78.03269958496094,78.33000183105469,77.48400115966797,78.03269958496094,0
2020-05-26,78.10199737548828,78.10199737548828,78.21549987792969,77.48600006103516,78.10910034179688,0
2020-05-27,77.71009826660156,77.71009826660156,78.48400115966797,77.41300201416016,77.7531967163086,0
2020-05-28,78.07659912109375,78.07659912109375,78.34200286865234,77.81500244140625,78.06590270996094,0
2020-05-29,78.13030242919922,78.13030242919922,78.7229995727539,77.89700317382812,78.12329864501953,0
2020-06-01,78.09819793701172,78.09819793701172,78.09819793701172,77.15280151367188,78.09819793701172,0
2020-06-02,76.87899780273438,76.87899780273438,77.13800048828125,76.5739974975586,76.82969665527344,0
2020-06-03,76.84339904785156,76.84339904785156,77.1520004272461,76.45719909667969,76.84149932861328,0
2020-06-04,76.89019775390625,76.89019775390625,78.57510375976562,76.7761001586914,76.89019775390625,0
2020-06-05,78.32749938964844,78.32749938964844,78.37770080566406,77.15799713134766,78.32460021972656,0
2020-06-08,77.5635986328125,77.5635986328125,77.5635986328125,76.88700103759766,77.5635986328125,0
2020-06-09,77.01969909667969,77.01969909667969,77.99500274658203,76.88159942626953,77.21080017089844,0
2020-06-10,77.75540161132812,77.75540161132812,78.302001953125,77.67500305175781,77.75189971923828,0
2020-06-11,77.81089782714844,77.81089782714844,79.34980010986328,77.73829650878906,77.87190246582031,0
2020-06-12,79.13500213623047,79.13500213623047,79.51490020751953,78.16480255126953,79.1416015625,0
2020-06-15,78.31559753417969,78.31559753417969,79.24700164794922,78.0989990234375,78.0989990234375,0
2020-06-16,78.9094009399414,78.9094009399414,79.19550323486328,77.93699645996094,78.8584976196289,0
2020-06-17,78.24669647216797,78.24669647216797,78.66670227050781,78.06199645996094,78.25579833984375,0
2020-06-18,78.31490325927734,78.31490325927734,78.52690124511719,77.85700225830078,78.31210327148438,0
2020-06-19,78.29940032958984,78.29940032958984,78.38670349121094,77.58740234375,78.31210327148438,0
2020-06-22,77.72850036621094,77.72850036621094,78.02079772949219,77.71299743652344,77.72850036621094,0
2020-06-23,77.79730224609375,77.79730224609375,78.18000030517578,77.52799987792969,77.77330017089844,0
2020-06-24,77.76750183105469,77.76750183105469,78.29850006103516,77.66500091552734,77.78459930419922,0
2020-06-25,78.13700103759766,78.13700103759766,78.39179992675781,77.55680084228516,78.1240005493164,0
2020-06-26,77.45860290527344,77.45860290527344,78.35600280761719,77.26399993896484,77.46739959716797,0
2020-06-29,78.27310180664062,78.27310180664062,79.19400024414062,78.27259826660156,78.27310180664062,0
2020-06-30,78.91230010986328,78.91230010986328,80.15609741210938,78.52100372314453,78.8678970336914,0
2020-07-01,79.95780181884766,79.95780181884766,80.0426025390625,79.41100311279297,79.98159790039062,0
2020-07-02,79.51470184326172,79.51470184326172,79.64089965820312,79.05000305175781,79.52870178222656,0
2020-07-03,79.21009826660156,79.21009826660156,80.56289672851562,78.80699920654297,79.23719787597656,0
2020-07-06,80.13289642333984,80.13289642333984,81.53099822998047,79.94400024414062,80.13289642333984,0
2020-07-07,81.24530029296875,81.24530029296875,81.5947036743164,80.34500122070312,81.24849700927734,0
2020-07-08,80.55329895019531,80.55329895019531,80.86599731445312,80.1449966430664,80.55590057373047,0
2020-07-09,80.80509948730469,80.80509948730469,81.08100128173828,79.94200134277344,80.80449676513672,0
2020-07-10,79.89129638671875,79.89129638671875,80.4540023803711,79.83920288085938,79.9197006225586,0
2020-07-13,79.28929901123047,79.28929901123047,80.33650207519531,79.28929901123047,79.28929901123047,0
2020-07-14,80.3291015625,80.3291015625,81.12640380859375,80.25,80.47709655761719,0
2020-07-15,80.7927017211914,80.7927017211914,81.27400207519531,80.58499908447266,81.00740051269531,0
2020-07-16,81.09750366210938,81.09750366210938,81.52639770507812,80.6249008178711,81.09980010986328,0
2020-07-17,81.52539825439453,81.52539825439453,82.24500274658203,81.23600006103516,81.46920013427734,0
2020-07-20,82.1948013305664,82.1948013305664,82.53199768066406,81.50199890136719,82.1948013305664,0
2020-07-21,81.94609832763672,81.94609832763672,81.9666976928711,80.8479995727539,81.80439758300781,0
2020-07-22,81.57640075683594,81.57640075683594,82.55220031738281,81.40799713134766,81.57969665527344,0
2020-07-23,82.33879852294922,82.33879852294922,82.87220001220703,82.06199645996094,82.34400177001953,0
2020-07-24,82.71420288085938,82.71420288085938,83.58869934082031,82.66280364990234,82.7301025390625,0
2020-07-27,83.3843994140625,83.3843994140625,84.4613037109375,83.3843994140625,83.3843994140625,0
2020-07-28,84.2322006225586,84.2322006225586,85.17900085449219,83.82230377197266,84.24099731445312,0
2020-07-29,84.96520233154297,84.96520233154297,85.48570251464844,84.75199890136719,84.96630096435547,0
2020-07-30,85.43499755859375,85.43499755859375,86.8895034790039,85.37969970703125,85.43550109863281,0
2020-07-31,87.08429718017578,87.08429718017578,87.96440124511719,86.94280242919922,87.0770034790039,0
2020-08-03,87.40170288085938,87.40170288085938,87.60399627685547,86.05979919433594,87.40170288085938,0
2020-08-04,85.931396484375,85.931396484375,87.24330139160156,85.86199951171875,85.95349884033203,0
2020-08-05,86.74590301513672,86.74590301513672,86.8604965209961,86.26899719238281,86.73979949951172,0
2020-08-06,86.4896011352539,86.4896011352539,87.10099792480469,86.29900360107422,86.48709869384766,0
2020-08-07,86.90630340576172,86.90630340576172,87.33429718017578,86.66999816894531,86.92359924316406,0
2020-08-10,86.81430053710938,86.81430053710938,87.08799743652344,86.3302993774414,86.81430053710938,0
2020-08-11,86.33769989013672,86.33769989013672,86.45069885253906,85.66300201416016,86.31120300292969,0
2020-08-12,85.7854995727539,85.7854995727539,86.99099731445312,85.72599792480469,85.75769805908203,0
2020-08-13,87.05059814453125,87.05059814453125,87.20890045166016,86.27580261230469,87.08049774169922,0
2020-08-14,86.19609832763672,86.19609832763672,86.76300048828125,86.09700012207031,86.46289825439453,0
2020-08-17,86.24649810791016,86.24649810791016,87.41000366210938,86.2229995727539,86.24649810791016,0
2020-08-18,87.472900390625,87.472900390625,87.64710235595703,86.78500366210938,87.5728988647461,0
2020-08-19,87.30899810791016,87.30899810791016,87.78399658203125,86.908203125,87.30690002441406,0
2020-08-20,86.79190063476562,86.79190063476562,87.84700012207031,86.72599792480469,86.77850341796875,0
2020-08-21,87.70069885253906,87.70069885253906,88.25859832763672,87.4800033569336,87.72440338134766,0
2020-08-24,88.16729736328125,88.16729736328125,88.1676025390625,87.70800018310547,88.16729736328125,0
2020-08-25,88.0238037109375,88.0238037109375,89.11799621582031,87.79000091552734,87.97530364990234,0
2020-08-26,89.16709899902344,89.16709899902344,89.77300262451172,88.85199737548828,89.16470336914062,0
2020-08-27,89.53209686279297,89.53209686279297,89.60540008544922,88.37300109863281,89.53230285644531,0
2020-08-28,88.66059875488281,88.66059875488281,89.04119873046875,88.15809631347656,88.29180145263672,0
2020-08-31,88.01689910888672,88.01689910888672,88.99169921875,87.61399841308594,88.01689910888672,0
2020-09-01,88.15879821777344,88.15879821777344,88.67520141601562,87.65799713134766,88.1541976928711,0
2020-09-02,87.74230194091797,87.74230194091797,89.60700225830078,87.3280029296875,87.64510345458984,0
2020-09-03,89.43409729003906,89.43409729003906,89.49600219726562,88.65599822998047,89.43009948730469,0
2020-09-04,89.20829772949219,89.20829772949219,89.37899780273438,88.75299835205078,89.20829772949219,0
2020-09-07,89.04830169677734,89.04830169677734,90.0719985961914,89.04830169677734,89.04830169677734,0
2020-09-08,89.52799987792969,89.52799987792969,90.25420379638672,89.38500213623047,89.50749969482422,0
2020-09-09,89.74089813232422,89.74089813232422,90.02020263671875,88.98539733886719,89.78410339355469,0
2020-09-10,88.94509887695312,88.94509887695312,89.4635009765625,88.83599853515625,88.95130157470703,0
2020-09-11,88.97699737548828,88.97699737548828,89.1229019165039,88.49700164794922,88.97339630126953,0
2020-09-14,88.71829986572266,88.71829986572266,89.62300109863281,88.41000366210938,88.71829986572266,0
2020-09-15,89.28810119628906,89.28810119628906,89.52300262451172,88.73169708251953,89.31990051269531,0
2020-09-16,89.10169982910156,89.10169982910156,89.13839721679688,88.53780364990234,89.08489990234375,0
2020-09-17,88.40010070800781,88.40010070800781,89.08049774169922,88.10900115966797,88.39779663085938,0
2020-09-18,88.84249877929688,88.84249877929688,89.74569702148438,88.70159912109375,88.70159912109375,0
2020-09-21,89.60449981689453,89.60449981689453,90.38899993896484,89.42400360107422,89.60449981689453,0
2020-09-22,89.4478988647461,89.4478988647461,89.92500305175781,89.00199890136719,89.32319641113281,0
2020-09-23,89.04319763183594,89.04319763183594,89.96600341796875,88.78820037841797,89.03179931640625,0
2020-09-24,89.57039642333984,89.57039642333984,90.21600341796875,89.46309661865234,89.58200073242188,0
2020-09-25,89.90619659423828,89.90619659423828,91.2239990234375,89.53500366210938,89.90619659423828,0
2020-09-28,90.85189819335938,90.85189819335938,92.34200286865234,90.74800109863281,90.85189819335938,0
2020-09-29,92.48509979248047,92.48509979248047,93.29199981689453,91.91699981689453,92.4990005493164,0
2020-09-30,92.75749969482422,92.75749969482422,93.0770034790039,90.90399932861328,92.75700378417969,0
2020-10-01,91.04039764404297,91.04039764404297,91.35590362548828,90.4000015258789,91.05789947509766,0
2020-10-02,90.71990203857422,90.71990203857422,92.21700286865234,90.54000091552734,90.70950317382812,0
2020-10-05,91.5863037109375,91.5863037109375,92.7300033569336,91.28299713134766,91.5863037109375,0
2020-10-06,92.12770080566406,92.12770080566406,92.65229797363281,91.63800048828125,92.03679656982422,0
2020-10-07,91.99600219726562,91.99600219726562,92.2979965209961,91.64299774169922,92.0343017578125,0
2020-10-08,91.89830017089844,91.89830017089844,91.96610260009766,90.91899871826172,91.90080261230469,0
2020-10-09,90.96769714355469,90.96769714355469,91.17500305175781,90.50700378417969,90.94819641113281,0
2020-10-12,90.76300048828125,90.76300048828125,91.13700103759766,90.50299835205078,90.76300048828125,0
2020-10-13,90.99720001220703,90.99720001220703,91.1989974975586,90.46009826660156,91.00489807128906,0
2020-10-14,90.48419952392578,90.48419952392578,91.24359893798828,90.44270324707031,90.46849822998047,0
2020-10-15,91.30549621582031,91.30549621582031,91.75509643554688,91.13300323486328,91.39839935302734,0
2020-10-16,91.26930236816406,91.26930236816406,91.7864990234375,91.12570190429688,91.2916030883789,0
2020-10-19,91.25029754638672,91.25029754638672,91.61199951171875,91.04900360107422,91.25029754638672,0
2020-10-20,91.3386001586914,91.3386001586914,92.15699768066406,91.24400329589844,91.3386001586914,0
2020-10-21,91.4540023803711,91.4540023803711,91.614501953125,90.93499755859375,91.4561996459961,0
2020-10-22,90.92829895019531,90.92829895019531,91.92420196533203,90.3052978515625,90.89769744873047,0
2020-10-23,90.46309661865234,90.46309661865234,90.717529296875,90.07599639892578,90.45149993896484,0
2020-10-26,90.32630157470703,90.32630157470703,90.60321044921875,89.8239974975586,90.32630157470703,0
2020-10-27,90.31220245361328,90.31220245361328,91.23200225830078,90.04149627685547,90.04149627685547,0
2020-10-28,91.09190368652344,91.09190368652344,92.50920104980469,90.99140167236328,91.05380249023438,0
2020-10-29,92.91079711914062,92.91079711914062,93.38300323486328,91.91699981689453,92.92780303955078,0
2020-10-30,92.09410095214844,92.09410095214844,92.83899688720703,91.97000122070312,92.08209991455078,0
2020-11-02,92.53700256347656,92.53700256347656,94.05899810791016,92.5364990234375,92.53700256347656,0
2020-11-03,93.76799774169922,93.76799774169922,93.92939758300781,92.68000030517578,93.79679870605469,0
2020-11-04,93.0073013305664,93.0073013305664,93.16449737548828,91.34609985351562,93.02680206298828,0
2020-11-05,91.0302963256836,91.0302963256836,92.33999633789062,90.72779846191406,91.04319763183594,0
2020-11-06,90.89440155029297,90.89440155029297,92.47599792480469,90.7051010131836,90.8635025024414,0
2020-11-09,91.87020111083984,91.87020111083984,91.87641143798828,89.75800323486328,91.87020111083984,0
2020-11-10,90.22239685058594,90.22239685058594,90.82569885253906,89.93900299072266,90.23390197753906,0
2020-11-11,90.41179656982422,90.41179656982422,90.61100006103516,89.61599731445312,90.40509796142578,0
2020-11-12,90.7947998046875,90.7947998046875,91.44100189208984,90.55799865722656,90.7833023071289,0
2020-11-13,91.01940155029297,91.01940155029297,91.875,90.99240112304688,91.027099609375,0
2020-11-16,91.43109893798828,91.43109893798828,91.44249725341797,90.37100219726562,91.43109893798828,0
2020-11-17,90.49929809570312,90.49929809570312,90.95800018310547,90.28399658203125,90.49919891357422,0
2020-11-18,90.44439697265625,90.44439697265625,90.66960144042969,89.73799896240234,90.37480163574219,0
2020-11-19,89.9541015625,89.9541015625,90.55699920654297,89.87190246582031,89.94249725341797,0
2020-11-20,90.41850280761719,90.41850280761719,90.77169799804688,90.06600189208984,90.42230224609375,0
2020-11-23,90.3010025024414,90.3010025024414,90.43699645996094,89.3030014038086,90.3010025024414,0
2020-11-24,90.03759765625,90.03759765625,90.43099975585938,89.54229736328125,89.97769927978516,0
2020-11-25,89.76180267333984,89.76180267333984,90.42400360107422,89.71820068359375,89.77559661865234,0
2020-11-26,90.11630249023438,90.11630249023438,90.33080291748047,89.9000015258789,90.10489654541016,0
2020-11-27,90.1436996459961,90.1436996459961,90.97000122070312,90.1353988647461,90.14070129394531,0
2020-11-30,90.86160278320312,90.86160278320312,91.56990051269531,90.86160278320312,90.86160278320312,0
2020-12-01,91.2417984008789,91.2417984008789,91.44999694824219,90.69200134277344,91.20549774169922,0
2020-12-02,91.68879699707031,91.68879699707031,91.86080169677734,90.79499816894531,91.6698989868164,0
2020-12-03,91.03119659423828,91.03119659423828,91.35929870605469,90.29759979248047,91.0197982788086,0
2020-12-04,90.51219940185547,90.51219940185547,90.72360229492188,89.64710235595703,90.50479888916016,0
2020-12-07,89.67520141601562,89.67520141601562,90.13800048828125,88.9916000366211,89.67520141601562,0
2020-12-08,89.41000366210938,89.41000366210938,89.55490112304688,88.55999755859375,89.38790130615234,0
2020-12-09,88.84230041503906,88.84230041503906,89.46399688720703,88.73500061035156,88.85859680175781,0
2020-12-10,88.94550323486328,88.94550323486328,89.29199981689453,88.42340087890625,88.95590209960938,0
2020-12-11,88.78780364990234,88.78780364990234,88.9469985961914,88.38890075683594,88.78690338134766,0
2020-12-14,88.481201171875,88.481201171875,89.6239013671875,88.40899658203125,88.481201171875,0
2020-12-15,89.68609619140625,89.68609619140625,89.78579711914062,89.01300048828125,89.6594009399414,0
2020-12-16,89.09709930419922,89.09709930419922,89.8489990234375,88.96410369873047,89.091796875,0
2020-12-17,89.49330139160156,89.49330139160156,89.6095962524414,88.81999969482422,89.50060272216797,0
2020-12-18,89.68099975585938,89.68099975585938,90.50199890136719,89.43499755859375,89.66130065917969,0
2020-12-21,89.9561996459961,89.9561996459961,91.85350036621094,89.9561996459961,89.9561996459961,0
2020-12-22,91.6238021850586,91.6238021850586,92.3499984741211,91.3895034790039,91.6051025390625,0
2020-12-23,92.50700378417969,92.50700378417969,92.59040069580078,91.14730072021484,92.52459716796875,0
2020-12-24,91.48770141601562,91.48770141601562,91.84220123291016,90.09100341796875,91.51300048828125,0
2020-12-25,90.16829681396484,90.16829681396484,90.16829681396484,90.16190338134766,90.16829681396484,0
2020-12-28,90.0770034790039,90.0770034790039,90.48999786376953,89.82119750976562,90.0770034790039,0
2020-12-29,90.30249786376953,90.30249786376953,90.71659851074219,89.87699890136719,90.29879760742188,0
2020-12-30,90.73310089111328,90.73310089111328,92.06739807128906,90.15730285644531,90.73310089111328,0
2020-12-31,91.47149658203125,91.47149658203125,92.42520141601562,90.26899719238281,91.4677963256836,0
2021-01-01,90.41600036621094,90.41600036621094,90.41600036621094,90.40779876708984,90.41600036621094,0
2021-01-04,91.17259979248047,91.17259979248047,91.08409881591797,89.76300048828125,90.5873031616211,0
2021-01-05,91.2781982421875,91.2781982421875,92.24600219726562,90.83699798583984,91.28040313720703,0
2021-01-06,91.32489776611328,91.32489776611328,91.40239715576172,90.58499908447266,91.31439971923828,0
2021-01-07,91.46389770507812,91.46389770507812,91.92569732666016,90.53399658203125,91.44850158691406,0
2021-01-08,91.52749633789062,91.52749633789062,91.60990142822266,90.61199951171875,91.52069854736328,0
2021-01-11,90.68920135498047,90.68920135498047,91.06529998779297,89.88580322265625,90.72470092773438,0
2021-01-12,90.78949737548828,90.78949737548828,90.80840301513672,89.42900085449219,90.7969970703125,0
2021-01-13,89.69770050048828,89.69770050048828,90.04199981689453,89.40699768066406,89.70140075683594,0
2021-01-14,89.84940338134766,89.84940338134766,89.88369750976562,88.8102035522461,89.84030151367188,0
2021-01-15,89.13189697265625,89.13189697265625,89.4020004272461,88.9000015258789,89.1155014038086,0
2021-01-18,88.88870239257812,88.88870239257812,89.6603012084961,88.09300231933594,88.88870239257812,0
2021-01-19,89.32649993896484,89.32649993896484,89.71800231933594,89.04900360107422,89.32710266113281,0
2021-01-20,89.58489990234375,89.58489990234375,89.64640045166016,88.80899810791016,89.5886001586914,0
2021-01-21,89.02670288085938,89.02670288085938,89.80840301513672,88.77783966064453,89.0156021118164,0
2021-01-22,90.00650024414062,90.00650024414062,91.55719757080078,89.96389770507812,90.00360107421875,0
2021-01-25,91.64469909667969,91.64469909667969,91.93599700927734,90.85199737548828,91.64469909667969,0
2021-01-26,91.45690155029297,91.45690155029297,91.78600311279297,91.11900329589844,91.4551010131836,0
2021-01-27,91.34200286865234,91.34200286865234,91.86900329589844,91.03399658203125,91.34480285644531,0
2021-01-28,91.87120056152344,91.87120056152344,92.49359893798828,91.61389923095703,91.8384017944336,0
2021-01-29,92.33779907226562,92.33779907226562,92.4281005859375,91.393798828125,92.33670043945312,0
2021-02-01,92.03070068359375,92.03070068359375,92.0530014038086,91.18800354003906,92.03070068359375,0
2021-02-02,91.89550018310547,91.89550018310547,91.9406967163086,90.70800018310547,91.9406967163086,0
2021-02-03,91.78040313720703,91.78040313720703,91.89029693603516,91.08100128173828,91.81340026855469,0
2021-02-04,91.3948974609375,91.3948974609375,91.48210144042969,90.2770004272461,91.41829681396484,0
2021-02-05,90.36959838867188,90.36959838867188,90.5697021484375,89.4729995727539,90.36949920654297,0
2021-02-08,89.8311996459961,89.8311996459961,89.90339660644531,89.24400329589844,89.8311996459961,0
2021-02-09,89.58470153808594,89.58470153808594,89.77140045166016,89.29810333251953,89.5698013305664,0
2021-02-10,89.55059814453125,89.55059814453125,89.73429870605469,89.31600189208984,89.5031967163086,0
2021-02-11,89.54830169677734,89.54830169677734,89.61080169677734,89.2406997680664,89.55249786376953,0
2021-02-12,89.36689758300781,89.36689758300781,90.12139892578125,89.33589935302734,89.36239624023438,0
2021-02-15,89.32430267333984,89.32430267333984,89.32430267333984,88.7571029663086,89.32430267333984,0
2021-02-16,89.00800323486328,89.00800323486328,89.47200012207031,88.78900146484375,88.97760009765625,0
2021-02-17,88.96790313720703,88.96790313720703,89.33100128173828,88.81300354003906,88.91120147705078,0
2021-02-18,88.82820129394531,88.82820129394531,89.51300048828125,88.63819885253906,88.87210083007812,0
2021-02-19,89.33679962158203,89.33679962158203,89.84860229492188,89.27459716796875,89.3125,0
2021-02-22,89.8021011352539,89.8021011352539,90.98690032958984,88.81999969482422,89.8021011352539,0
2021-02-23,90.32080078125,90.32080078125,90.37570190429688,89.572998046875,90.31729888916016,0
2021-02-24,90.04879760742188,90.04879760742188,90.23989868164062,89.28730010986328,90.02469635009766,0
2021-02-25,89.48470306396484,89.48470306396484,90.9281005859375,89.24906921386719,89.48380279541016,0
2021-02-26,90.88169860839844,90.88169860839844,90.93879699707031,90.11599731445312,90.8240966796875,0
2021-03-01,90.21910095214844,90.21910095214844,90.21910095214844,88.98200225830078,90.21910095214844,0
2021-03-02,89.47370147705078,89.47370147705078,89.70700073242188,88.54499816894531,89.45939636230469,0
2021-03-03,89.2063980102539,89.2063980102539,89.34629821777344,88.74400329589844,89.2136001586914,0
2021-03-04,89.22630310058594,89.22630310058594,89.30039978027344,88.36740112304688,89.15390014648438,0
2021-03-05,89.25,89.25,89.32330322265625,88.46700286865234,89.24089813232422,0
2021-03-08,88.63648986816406,88.63648986816406,88.77179718017578,87.91390228271484,88.48509979248047,0
2021-03-09,88.2968978881836,88.2968978881836,88.4520034790039,87.8239974975586,88.30699920654297,0
2021-03-10,88.11370086669922,88.11370086669922,88.16649627685547,87.64099884033203,88.12190246582031,0
2021-03-11,87.71019744873047,87.71019744873047,88.36499786376953,87.62200164794922,87.70850372314453,0
2021-03-12,87.88050079345703,87.88050079345703,87.98280334472656,87.46800231933594,87.85590362548828,0
2021-03-15,87.54309844970703,87.54309844970703,87.63082885742188,86.83080291748047,86.83080291748047,0
2021-03-16,86.77729797363281,86.77729797363281,87.1050033569336,86.50700378417969,86.7885971069336,0
2021-03-17,86.75340270996094,86.75340270996094,88.2854995727539,86.75980377197266,86.75980377197266,0
2021-03-18,88.29060363769531,88.29060363769531,88.5521011352539,87.8759994506836,88.29419708251953,0
2021-03-19,88.60600280761719,88.60600280761719,88.75029754638672,87.73200225830078,88.62670135498047,0
2021-03-22,88.40119934082031,88.40119934082031,89.56700134277344,87.11489868164062,88.30380249023438,0
2021-03-23,89.27880096435547,89.27880096435547,90.76300048828125,89.27629852294922,89.27629852294922,0
2021-03-24,90.38150024414062,90.38150024414062,91.16210174560547,89.60900115966797,90.40840148925781,0
2021-03-25,90.54730224609375,90.54730224609375,90.6769027709961,89.4811019897461,90.56520080566406,0
2021-03-26,89.68360137939453,89.68360137939453,89.7428970336914,89.0770034790039,89.69629669189453,0
2021-03-29,89.54900360107422,89.54900360107422,89.56800079345703,89.15789794921875,89.54900360107422,0
2021-03-30,89.07140350341797,89.07140350341797,89.25769805908203,88.6729965209961,89.07060241699219,0
2021-03-31,89.018798828125,89.018798828125,89.10350036621094,88.22000122070312,89.08260345458984,0
2021-04-01,88.78109741210938,88.78109741210938,89.94120025634766,88.61810302734375,88.80339813232422,0
2021-04-02,89.97319793701172,89.97319793701172,89.97329711914062,89.39900207519531,89.97319793701172,0
2021-04-05,89.79959869384766,89.79959869384766,90.06700134277344,89.54100036621094,89.79959869384766,0
2021-04-06,90.1417007446289,90.1417007446289,91.55860137939453,89.95800018310547,90.1417007446289,0
2021-04-07,91.71839904785156,91.71839904785156,92.70600128173828,91.47879791259766,91.71839904785156,0
2021-04-08,91.6427993774414,91.6427993774414,91.86900329589844,91.08899688720703,91.65390014648438,0
2021-04-09,91.52860260009766,91.52860260009766,92.13390350341797,91.5165023803711,91.52469635009766,0
2021-04-12,92.12860107421875,92.12860107421875,92.31199645996094,91.6969985961914,92.12860107421875,0
2021-04-13,92.09249877929688,92.09249877929688,92.14900207519531,90.54530334472656,92.10379791259766,0
2021-04-14,90.79560089111328,90.79560089111328,90.93479919433594,90.27899932861328,90.84850311279297,0
2021-04-15,91.12850189208984,91.12850189208984,92.78099822998047,90.89769744873047,91.1166000366211,0
2021-04-16,91.09960174560547,91.09960174560547,91.59459686279297,90.13800048828125,91.10169982910156,0
2021-04-19,89.93820190429688,89.93820190429688,91.85800170898438,89.93820190429688,89.93820190429688,0
2021-04-20,91.88809967041016,91.88809967041016,92.677001953125,91.64800262451172,91.88629913330078,0
2021-04-21,92.47489929199219,92.47489929199219,92.97840118408203,91.66899871826172,92.46720123291016,0
2021-04-22,92.22010040283203,92.22010040283203,92.38249969482422,90.68379974365234,92.25489807128906,0
2021-04-23,90.75360107421875,90.75360107421875,90.85659790039062,90.02100372314453,90.76129913330078,0
2021-04-26,90.60279846191406,90.60279846191406,90.83300018310547,90.26249694824219,90.60279846191406,0
2021-04-27,90.60469818115234,90.60469818115234,90.88510131835938,90.29199981689453,90.63330078125,0
2021-04-28,90.44219970703125,90.44219970703125,90.53600311279297,89.9739990234375,90.43099975585938,0
2021-04-29,90.27799987792969,90.27799987792969,90.38200378417969,89.9229965209961,90.27269744873047,0
2021-04-30,90.64360046386719,90.64360046386719,90.80999755859375,90.22699737548828,90.62460327148438,0
2021-05-03,90.39469909667969,90.39469909667969,91.37960052490234,89.70800018310547,90.39469909667969,0
2021-05-04,90.30960083007812,90.30960083007812,90.5999984741211,89.81300354003906,90.31919860839844,0
2021-05-05,89.80740356445312,89.80740356445312,89.98909759521484,89.4469985961914,89.79419708251953,0
2021-05-06,89.85399627685547,89.85399627685547,89.93399810791016,89.5,89.9032974243164,0
2021-05-07,89.55000305175781,89.55000305175781,89.77799987792969,89.36199951171875,89.54499816894531,0
2021-05-10,89.72789764404297,89.72789764404297,90.25700378417969,89.26300048828125,89.72789764404297,0
2021-05-11,90.21710205078125,90.21710205078125,90.377197265625,89.81999969482422,90.231201171875,0
2021-05-12,90.14230346679688,90.14230346679688,90.17900085449219,88.95179748535156,90.14230346679688,0
2021-05-13,90.14140319824219,90.14140319824219,90.24169921875,89.18579864501953,90.17150115966797,0
2021-05-14,89.4009017944336,89.4009017944336,89.86499786376953,89.35430145263672,89.40570068359375,0
2021-05-17,89.80464935302734,89.80464935302734,90.12000274658203,89.5469970703125,89.7863998413086,0
2021-05-18,89.73560333251953,89.73560333251953,90.1719970703125,89.6865005493164,89.72000122070312,0
2021-05-19,90.07959747314453,90.07959747314453,90.2802963256836,89.91799926757812,90.08090209960938,0
2021-05-20,89.76950073242188,89.76950073242188,90.12129974365234,89.68000030517578,89.77980041503906,0
2021-05-21,89.85559844970703,89.85559844970703,90.06700134277344,89.35600280761719,89.85749816894531,0
2021-05-24,89.61710357666016,89.61710357666016,90.1531982421875,89.54100036621094,89.61710357666016,0
2021-05-25,89.73650360107422,89.73650360107422,90.04900360107422,89.69409942626953,89.74520111083984,0
2021-05-26,90.01679992675781,90.01679992675781,90.14299774169922,89.67050170898438,90.02989959716797,0
2021-05-27,89.6968994140625,89.6968994140625,89.82319641113281,89.40599822998047,89.6708984375,0
2021-05-28,89.58380126953125,89.58380126953125,89.697998046875,89.10099792480469,89.6011962890625,0
2021-05-31,89.30460357666016,89.30460357666016,89.7970962524414,89.26499938964844,89.30460357666016,0
2021-06-01,89.82630157470703,89.82630157470703,90.03179931640625,89.42500305175781,89.83470153808594,0
2021-06-02,89.85310363769531,89.85310363769531,89.96499633789062,89.32599639892578,89.85279846191406,0
2021-06-03,89.3447036743164,89.3447036743164,89.37670135498047,88.75700378417969,89.35700225830078,0
2021-06-04,88.84700012207031,88.84700012207031,88.91600036621094,88.56279754638672,88.84700012207031,0
2021-06-07,88.68499755859375,88.68499755859375,88.89700317382812,88.4530029296875,88.5447006225586,0
2021-06-08,88.7759017944336,88.7759017944336,88.78099822998047,88.10900115966797,88.77410125732422,0
2021-06-09,87.97969818115234,87.97969818115234,88.18009948730469,87.68099975585938,87.97250366210938,0
2021-06-10,88.09110260009766,88.09110260009766,88.2853012084961,87.37429809570312,88.07849884033203,0
2021-06-11,87.36599731445312,87.36599731445312,87.55490112304688,86.91010284423828,87.39559936523438,0
2021-06-14,87.35549926757812,87.35549926757812,87.63500213623047,87.08899688720703,87.35549926757812,0
2021-06-15,87.34110260009766,87.34110260009766,87.7073974609375,87.02300262451172,87.3407974243164,0
2021-06-16,87.58830261230469,87.58830261230469,87.61920166015625,86.8468017578125,87.59500122070312,0
2021-06-17,87.07959747314453,87.07959747314453,87.09249877929688,86.04900360107422,87.0239028930664,0
2021-06-18,86.24859619140625,86.24859619140625,86.39080047607422,85.73899841308594,86.30809783935547,0
2021-06-21,86.34220123291016,86.34220123291016,87.24600219726562,86.30380249023438,86.34220123291016,0
2021-06-22,87.10079956054688,87.10079956054688,87.24400329589844,86.87449645996094,87.11540222167969,0
2021-06-23,87.00540161132812,87.00540161132812,87.1322021484375,86.5260009765625,87.02629852294922,0
2021-06-24,86.68209838867188,86.68209838867188,86.70770263671875,86.08599853515625,86.69149780273438,0
2021-06-25,86.26480102539062,86.26480102539062,86.43990325927734,86.05699920654297,86.27189636230469,0
2021-06-28,85.14929962158203,85.14929962158203,86.20449829101562,85.14929962158203,85.14929962158203,0
2021-06-29,86.16629791259766,86.16629791259766,86.75440216064453,85.7042007446289,86.15380096435547,0
2021-06-30,86.57929992675781,86.57929992675781,87.052001953125,86.4219970703125,86.5719985961914,0
2021-07-01,86.65049743652344,86.65049743652344,87.13860321044922,86.24700164794922,86.65049743652344,0
2021-07-02,87.072998046875,87.072998046875,87.19686126708984,86.70099639892578,87.10130310058594,0
2021-07-05,86.88710021972656,86.88710021972656,87.28759765625,86.70800018310547,86.88710021972656,0
2021-07-06,87.10700225830078,87.10700225830078,88.19999694824219,86.76200103759766,87.11759948730469,0
2021-07-07,88.11299896240234,88.11299896240234,88.25599670410156,87.4478988647461,88.05690002441406,0
2021-07-08,88.11640167236328,88.11640167236328,89.01699829101562,87.89289855957031,88.12370300292969,0
2021-07-09,88.54419708251953,88.54419708251953,88.61060333251953,87.91799926757812,88.54630279541016,0
2021-07-12,88.23750305175781,88.23750305175781,88.7770004272461,87.8458023071289,88.23750305175781,0
2021-07-13,88.25859832763672,88.25859832763672,88.33419799804688,87.48760223388672,88.2947006225586,0
2021-07-14,87.56529998779297,87.56529998779297,87.82959747314453,87.28569793701172,87.5624008178711,0
2021-07-15,87.74690246582031,87.74690246582031,87.89299774169922,87.47599792480469,87.74839782714844,0
2021-07-16,87.87740325927734,87.87740325927734,87.9386978149414,87.43699645996094,87.8853988647461,0
2021-07-19,87.41699981689453,87.41699981689453,88.3290023803711,87.41690063476562,87.41699981689453,0
2021-07-20,88.0813980102539,88.0813980102539,88.14620208740234,87.54620361328125,88.07949829101562,0
2021-07-21,87.62879943847656,87.62879943847656,87.7145004272461,87.15579986572266,87.65370178222656,0
2021-07-22,87.2343978881836,87.2343978881836,87.33480072021484,86.80699920654297,87.23410034179688,0
2021-07-23,86.74349975585938,86.74349975585938,86.95610046386719,86.50199890136719,86.75900268554688,0
2021-07-26,86.59860229492188,86.59860229492188,87.41999816894531,86.76679992675781,86.7677993774414,0
2021-07-27,87.0365982055664,87.0365982055664,87.31680297851562,86.85399627685547,87.0365982055664,0
2021-07-28,87.16850280761719,87.16850280761719,87.1803970336914,86.68399810791016,87.1187973022461,0
2021-07-29,87.03250122070312,87.03250122070312,87.18379974365234,86.74600219726562,87.04229736328125,0
2021-07-30,87.01599884033203,87.01599884033203,87.26399993896484,86.50900268554688,87.03230285644531,0
2021-08-02,86.70140075683594,86.70140075683594,86.93699645996094,86.38099670410156,86.70140075683594,0
2021-08-03,86.66439819335938,86.66439819335938,86.8727035522461,86.46369934082031,86.66400146484375,0
2021-08-04,86.60910034179688,86.60910034179688,86.76589965820312,86.25599670410156,86.6072006225586,0
2021-08-05,86.66280364990234,86.66280364990234,86.70809936523438,86.39669799804688,86.66190338134766,0
2021-08-06,86.5708999633789,86.5708999633789,86.57939910888672,86.28199768066406,86.57360076904297,0
2021-08-09,86.34429931640625,86.34429931640625,86.57510375976562,86.24700164794922,86.34429931640625,0
2021-08-10,86.44129943847656,86.44129943847656,86.74700164794922,86.2249984741211,86.44049835205078,0
2021-08-11,86.66120147705078,86.66120147705078,86.85859680175781,86.51599884033203,86.66490173339844,0
2021-08-12,86.22100067138672,86.22100067138672,86.43199920654297,86.06890106201172,86.21299743652344,0
2021-08-13,86.33830261230469,86.33830261230469,86.44770050048828,86.14299774169922,86.31670379638672,0
2021-08-16,86.3240966796875,86.3240966796875,86.57479858398438,86.18250274658203,86.3240966796875,0
2021-08-17,86.34539794921875,86.34539794921875,86.59539794921875,86.01850128173828,86.3458023071289,0
2021-08-18,86.2134017944336,86.2134017944336,86.38269805908203,85.9530029296875,86.14540100097656,0
2021-08-19,86.45179748535156,86.45179748535156,86.87570190429688,86.25990295410156,86.45899963378906,0
2021-08-20,86.76360321044922,86.76360321044922,87.052001953125,86.57689666748047,86.78279876708984,0
2021-08-23,86.9229965209961,86.9229965209961,87.04299926757812,86.03289794921875,86.03289794921875,0
2021-08-24,87.03679656982422,87.03679656982422,87.05899810791016,86.60420227050781,87.03780364990234,0
2021-08-25,86.72850036621094,86.72850036621094,87.05169677734375,86.5,86.74199676513672,0
2021-08-26,86.8750991821289,86.8750991821289,87.48500061035156,86.79650115966797,86.88469696044922,0
2021-08-27,87.32689666748047,87.32689666748047,87.35980224609375,86.69969940185547,87.3323974609375,0
2021-08-30,86.77249908447266,86.77249908447266,86.89600372314453,86.59329986572266,86.77249908447266,0
2021-08-31,86.64630126953125,86.64630126953125,86.87370300292969,86.3926010131836,86.66539764404297,0
2021-09-01,86.56809997558594,86.56809997558594,86.78099822998047,86.29049682617188,86.58570098876953,0
2021-09-02,86.4540023803711,86.4540023803711,86.52040100097656,86.1510009765625,86.45850372314453,0
2021-09-03,86.64769744873047,86.64769744873047,86.76930236816406,86.31199645996094,86.69120025634766,0
2021-09-06,86.41899871826172,86.41899871826172,86.68900299072266,86.3396987915039,86.41899871826172,0
2021-09-07,86.67939758300781,86.67939758300781,86.99140167236328,86.57749938964844,86.66580200195312,0
2021-09-08,86.88369750976562,86.88369750976562,87.097900390625,86.51300048828125,86.93450164794922,0
2021-09-09,86.60540008544922,86.60540008544922,86.7166976928711,86.08499908447266,86.6416015625,0
2021-09-10,86.18890380859375,86.18890380859375,86.5374984741211,86.01699829101562,86.15019989013672,0
2021-09-13,86.40879821777344,86.40879821777344,86.40910339355469,85.77899932861328,86.40879821777344,0
2021-09-14,85.82939910888672,85.82939910888672,86.26200103759766,85.74009704589844,85.82820129394531,0
2021-09-15,86.0531005859375,86.0531005859375,86.30979919433594,85.58439636230469,86.04940032958984,0
2021-09-16,85.41809844970703,85.41809844970703,85.49800109863281,85.07379913330078,85.42780303955078,0
2021-09-17,85.3009033203125,85.3009033203125,85.63719940185547,85.2489013671875,85.29720306396484,0
2021-09-20,85.48159790039062,85.48159790039062,86.31390380859375,85.32630157470703,85.42949676513672,0
2021-09-21,86.06220245361328,86.06220245361328,86.30449676513672,85.58570098876953,86.15190124511719,0
2021-09-22,85.61620330810547,85.61620330810547,85.74130249023438,85.22309875488281,85.61260223388672,0
2021-09-23,85.2531967163086,85.2531967163086,85.4990005493164,85.09200286865234,85.260498046875,0
2021-09-24,85.36689758300781,85.36689758300781,85.7219009399414,85.22460174560547,85.33740234375,0
2021-09-27,85.23609924316406,85.23609924316406,85.23619842529297,84.75789642333984,85.23609924316406,0
2021-09-28,84.93049621582031,84.93049621582031,85.2229995727539,84.56400299072266,84.93240356445312,0
2021-09-29,85.15989685058594,85.15989685058594,85.16649627685547,84.4800033569336,85.16100311279297,0
2021-09-30,84.54720306396484,84.54720306396484,84.5802993774414,84.10810089111328,84.54340362548828,0
2021-10-01,84.20099639892578,84.20099639892578,84.83699798583984,84.09110260009766,84.19349670410156,0
2021-10-04,84.42169952392578,84.42169952392578,84.77400207519531,84.13970184326172,84.34010314941406,0
2021-10-05,84.23860168457031,84.23860168457031,84.29969787597656,83.86740112304688,84.22660064697266,0
2021-10-06,83.86090087890625,83.86090087890625,84.01360321044922,83.50299835205078,83.83609771728516,0
2021-10-07,83.68789672851562,83.68789672851562,83.752197265625,82.86940002441406,83.69110107421875,0
2021-10-08,83.010498046875,83.010498046875,83.30899810791016,82.82749938964844,83.03099822998047,0
2021-10-11,82.99369812011719,82.99369812011719,83.21209716796875,82.73699951171875,83.13670349121094,0
2021-10-12,83.06520080566406,83.06520080566406,83.15699768066406,82.83319854736328,83.0802993774414,0
2021-10-13,82.88929748535156,82.88929748535156,83.45269775390625,82.8136978149414,82.8823013305664,0
2021-10-14,83.49939727783203,83.49939727783203,83.60679626464844,82.7040023803711,83.52860260009766,0
2021-10-15,82.75460052490234,82.75460052490234,82.9009017944336,82.2300033569336,82.75489807128906,0
2021-10-18,82.40280151367188,82.40280151367188,82.78610229492188,82.13880157470703,82.40280151367188,0
2021-10-19,82.71170043945312,82.71170043945312,82.8187026977539,82.43399810791016,82.57949829101562,0
2021-10-20,82.42050170898438,82.42050170898438,82.74500274658203,82.39820098876953,82.44879913330078,0
2021-10-21,82.55809783935547,82.55809783935547,82.97200012207031,82.52519989013672,82.5342025756836,0
2021-10-22,82.69950103759766,82.69950103759766,82.72709655761719,81.40399932861328,82.5947036743164,0
2021-10-25,81.7782974243164,81.7782974243164,82.0719985961914,80.99150085449219,81.7782974243164,0
2021-10-26,81.07360076904297,81.07360076904297,81.11409759521484,80.41600036621094,81.10299682617188,0
2021-10-27,80.57540130615234,80.57540130615234,81.99400329589844,80.4552993774414,80.56390380859375,0
2021-10-28,81.90599822998047,81.90599822998047,82.12349700927734,81.44300079345703,81.93090057373047,0
2021-10-29,81.98269653320312,81.98269653320312,82.41699981689453,81.89029693603516,81.99089813232422,0
2021-11-01,81.86209869384766,81.86209869384766,82.62899780273438,81.74520111083984,81.86209869384766,0
2021-11-02,83.07520294189453,83.07520294189453,83.47799682617188,82.8499984741211,83.08910369873047,0
2021-11-03,82.9478988647461,82.9478988647461,83.68270111083984,82.64299774169922,82.94709777832031,0
2021-11-04,83.31759643554688,83.31759643554688,83.37210083007812,81.78759765625,83.32869720458984,0
2021-11-05,82.54290008544922,82.54290008544922,83.13400268554688,81.85199737548828,82.54550170898438,0
2021-11-08,82.3135986328125,82.3135986328125,82.71720123291016,82.16580200195312,82.3135986328125,0
2021-11-09,82.56189727783203,82.56189727783203,82.73999786376953,81.88169860839844,82.57340240478516,0
2021-11-10,82.01799774169922,82.01799774169922,82.16120147705078,81.56900024414062,82.03179931640625,0
2021-11-11,81.86389923095703,81.86389923095703,81.92859649658203,81.322998046875,81.83719635009766,0
2021-11-12,81.95850372314453,81.95850372314453,83.72810363769531,81.80239868164062,81.9561996459961,0
2021-11-15,83.39790344238281,83.39790344238281,83.39800262451172,82.38300323486328,83.39790344238281,0
2021-11-16,82.41560363769531,82.41560363769531,83.40599822998047,82.32389831542969,82.42749786376953,0
2021-11-17,82.76319885253906,82.76319885253906,82.88929748535156,81.83260345458984,82.7135009765625,0
2021-11-18,82.1906967163086,82.1906967163086,83.18840026855469,82.05560302734375,82.1906967163086,0
2021-11-19,83.09919738769531,83.09919738769531,83.12840270996094,82.38899993896484,83.10009765625,0
2021-11-22,82.9905014038086,82.9905014038086,84.48380279541016,82.36470031738281,82.9905014038086,0
2021-11-23,84.31279754638672,84.31279754638672,84.63500213623047,83.76789855957031,84.31890106201172,0
2021-11-24,83.5530014038086,83.5530014038086,83.98600006103516,83.33100128173828,83.54080200195312,0
2021-11-25,83.98660278320312,83.98660278320312,84.0447006225586,83.56099700927734,83.98570251464844,0
2021-11-26,83.57360076904297,83.57360076904297,85.69419860839844,83.58779907226562,83.59519958496094,0
2021-11-29,85.52940368652344,85.52940368652344,85.48139953613281,83.68199920654297,85.4811019897461,0
2021-11-30,84.09559631347656,84.09559631347656,85.19889831542969,83.61219787597656,84.12930297851562,0
2021-12-01,83.9666976928711,83.9666976928711,84.11289978027344,83.4540023803711,83.97830200195312,0
2021-12-02,84.0779037475586,84.0779037475586,84.11640167236328,83.21759796142578,84.0779037475586,0
2021-12-03,83.26930236816406,83.26930236816406,83.58260345458984,82.98100280761719,83.25430297851562,0
2021-12-06,83.65339660644531,83.65339660644531,83.92240142822266,83.0,83.65339660644531,0
2021-12-07,83.92579650878906,83.92579650878906,84.0635986328125,83.04730224609375,83.92990112304688,0
2021-12-08,83.4469985961914,83.4469985961914,83.60079956054688,82.93399810791016,83.4395980834961,0
2021-12-09,83.44309997558594,83.44309997558594,83.52989959716797,82.98100280761719,83.47740173339844,0
2021-12-10,83.2177963256836,83.2177963256836,83.35179901123047,82.59500122070312,83.21849822998047,0
2021-12-13,83.09519958496094,83.09519958496094,83.25039672851562,82.64399719238281,83.06590270996094,0
2021-12-14,82.93379974365234,82.93379974365234,83.31549835205078,82.73200225830078,82.94619750976562,0
2021-12-15,83.1093978881836,83.1093978881836,83.58439636230469,82.97129821777344,83.1083984375,0
2021-12-16,83.1270980834961,83.1270980834961,83.4520034790039,82.91500091552734,83.15160369873047,0
2021-12-17,83.47850036621094,83.47850036621094,83.87519836425781,83.32099914550781,83.80560302734375,0
2021-12-20,83.34989929199219,83.34989929199219,83.99559783935547,83.34980010986328,83.34989929199219,0
2021-12-21,83.55650329589844,83.55650329589844,83.6511001586914,83.19400024414062,83.56340026855469,0
2021-12-22,83.41169738769531,83.41169738769531,83.65789794921875,82.94400024414062,83.41529846191406,0
2021-12-23,83.52210235595703,83.52210235595703,83.52210235595703,82.83100128173828,83.52210235595703,0
2021-12-24,83.05329895019531,83.05329895019531,83.43360137939453,82.86000061035156,83.03130340576172,0
2021-12-27,83.24710083007812,83.24710083007812,83.41799926757812,82.80000305175781,83.24710083007812,0
2021-12-28,83.14720153808594,83.14720153808594,83.5,83.05799865722656,83.14720153808594,0
2021-12-29,83.37519836425781,83.37519836425781,84.27100372314453,83.05699920654297,83.37879943847656,0
2021-12-30,84.02549743652344,84.02549743652344,85.13200378417969,83.7843017578125,84.01429748535156,0
2021-12-31,84.4197006225586,84.4197006225586,85.40899658203125,84.02259826660156,84.42340087890625,0
2022-01-03,85.39209747314453,85.39209747314453,85.39209747314453,84.16729736328125,85.39209747314453,0
2022-01-04,84.16829681396484,84.16829681396484,85.27999877929688,84.12120056152344,84.16459655761719,0
2022-01-05,84.95429992675781,84.95429992675781,86.28289794921875,84.8593978881836,84.95050048828125,0
2022-01-06,86.74710083007812,86.74710083007812,87.48500061035156,86.00499725341797,86.74320220947266,0
2022-01-07,86.27649688720703,86.27649688720703,86.43900299072266,85.13899993896484,86.25070190429688,0
2022-01-10,85.68699645996094,85.68699645996094,85.68710327148438,84.76499938964844,85.68699645996094,0
2022-01-11,84.85079956054688,84.85079956054688,85.22530364990234,84.55699920654297,84.87110137939453,0
2022-01-12,84.66300201416016,84.66300201416016,85.55799865722656,84.49700164794922,84.71240234375,0
2022-01-13,85.33740234375,85.33740234375,87.74800109863281,85.22799682617188,85.33370208740234,0
2022-01-14,87.44969940185547,87.44969940185547,88.05699920654297,86.68599700927734,87.45709991455078,0
2022-01-17,87.0906982421875,87.0906982421875,87.75900268554688,86.19499969482422,87.0906982421875,0
2022-01-18,86.82219696044922,86.82219696044922,87.36100006103516,86.46119689941406,86.82599639892578,0
2022-01-19,87.05149841308594,87.05149841308594,87.38819885253906,86.01899719238281,87.04759979248047,0
2022-01-20,86.60310363769531,86.60310363769531,87.16100311279297,86.243896484375,86.60780334472656,0
2022-01-21,86.86009979248047,86.86009979248047,87.90899658203125,86.50199890136719,86.87349700927734,0
2022-01-24,87.82319641113281,87.82319641113281,89.90399932861328,87.10700225830078,87.82319641113281,0
2022-01-25,89.10230255126953,89.10230255126953,89.4280014038086,88.44499969482422,89.052001953125,0
2022-01-26,89.03389739990234,89.03389739990234,90.56400299072266,88.76740264892578,89.03389739990234,0
2022-01-27,89.06310272216797,89.06310272216797,89.4209976196289,86.29900360107422,89.06310272216797,0
2022-01-28,87.04239654541016,87.04239654541016,87.31400299072266,86.16600036621094,87.0541000366211,0
2022-01-31,86.69760131835938,86.69760131835938,86.95600128173828,86.24400329589844,86.69760131835938,0
2022-02-01,86.9906005859375,86.9906005859375,86.99919891357422,85.9800033569336,86.9906005859375,0
2022-02-02,86.48999786376953,86.48999786376953,86.59420013427734,85.69300079345703,86.48560333251953,0
2022-02-03,86.11060333251953,86.11060333251953,87.71299743652344,85.99500274658203,86.08580017089844,0
2022-02-04,87.41580200195312,87.41580200195312,87.65149688720703,86.71600341796875,87.41210174560547,0
2022-02-07,86.86199951171875,86.86199951171875,86.92389678955078,86.13099670410156,86.86199951171875,0
2022-02-08,86.32039642333984,86.32039642333984,86.50700378417969,85.62100219726562,86.31670379638672,0
2022-02-09,85.72979736328125,85.72979736328125,85.89189910888672,85.21800231933594,85.72979736328125,0
2022-02-10,85.36940002441406,85.36940002441406,85.802001953125,84.78289031982422,85.35559844970703,0
2022-02-11,85.66790008544922,85.66790008544922,86.802001953125,85.18399810791016,85.65670013427734,0
2022-02-14,87.93659973144531,87.93659973144531,88.43270111083984,86.17400360107422,87.93659973144531,0
2022-02-15,86.50959777832031,86.50959777832031,86.875,85.1760025024414,86.50859832763672,0
2022-02-16,85.69100189208984,85.69100189208984,85.99040222167969,85.11699676513672,85.69100189208984,0
2022-02-17,85.37580108642578,85.37580108642578,87.03399658203125,85.29940032958984,85.36830139160156,0
2022-02-18,86.56300354003906,86.56300354003906,87.58699798583984,85.96700286865234,86.54779815673828,0
2022-02-21,87.66280364990234,87.66280364990234,90.22200012207031,86.63400268554688,87.66280364990234,0
2022-02-22,90.94080352783203,90.94080352783203,91.37200164794922,89.21399688720703,90.95099639892578,0
2022-02-23,89.31449890136719,89.31449890136719,91.75399780273438,88.97090148925781,89.35130310058594,0
2022-02-24,91.75379943847656,91.75379943847656,100.96839904785156,90.84609985351562,91.7520980834961,0
2022-02-25,95.05879974365234,95.05879974365234,96.2750015258789,91.42400360107422,95.06300354003906,0
2022-02-28,93.81439971923828,93.81439971923828,123.8021011352539,93.81439971923828,93.81439971923828,0
2022-03-01,120.34549713134766,120.34549713134766,128.24200439453125,106.6050033569336,120.34549713134766,0
2022-03-02,121.0718994140625,121.0718994140625,130.22300720214844,114.3010025024414,121.0718994140625,0
2022-03-03,113.20010375976562,113.20010375976562,121.11499786376953,109.73799896240234,113.20010375976562,0
2022-03-04,120.010498046875,120.010498046875,132.6840057373047,116.69300079345703,120.010498046875,0
2022-03-07,124.09929656982422,124.09929656982422,160.4040069580078,130.60000610351562,130.60000610351562,0
2022-03-08,145.90109252929688,145.90109252929688,151.53599548339844,139.45700073242188,145.90109252929688,0
2022-03-09,136.3430938720703,136.3430938720703,148.30299377441406,120.0719985961914,136.3430938720703,0
2022-03-10,142.31089782714844,142.31089782714844,144.0,139.20799255371094,142.31089782714844,0
2022-03-11,142.30929565429688,142.30929565429688,142.31590270996094,139.20799255371094,142.30929565429688,0
2022-03-14,144.8256072998047,144.8256072998047,144.8256072998047,131.398193359375,144.8256072998047,0
2022-03-15,144.82510375976562,144.82510375976562,144.82510375976562,120.37300109863281,144.82510375976562,0
2022-03-16,144.82350158691406,144.82350158691406,144.82350158691406,120.37300109863281,144.82350158691406,0
2022-03-17,144.81829833984375,144.81829833984375,144.81829833984375,113.37799835205078,144.81829833984375,0
2022-03-18,144.7729034423828,144.7729034423828,144.7729034423828,112.53700256347656,144.7729034423828,0
2022-03-21,144.8256072998047,144.8256072998047,144.8256072998047,144.82550048828125,144.8256072998047,0
2022-03-22,144.82449340820312,144.82449340820312,144.8256072998047,114.13800048828125,118.43900299072266,0
2022-03-23,144.82369995117188,144.82369995117188,144.82369995117188,111.29100036621094,144.82369995117188,0
2022-03-24,144.8267059326172,144.8267059326172,144.8267059326172,111.29100036621094,144.8267059326172,0
2022-03-25,144.74949645996094,144.74949645996094,144.74949645996094,103.6709976196289,144.74949645996094,0
2022-03-28,144.44189453125,144.44189453125,111.70099639892578,106.7959976196289,110.6729965209961,0
2022-03-29,110.51300048828125,110.51300048828125,110.51300048828125,96.7571029663086,110.51300048828125,0
2022-03-30,96.7571029663086,96.7571029663086,96.7571029663086,92.48359680175781,96.7571029663086,0
2022-03-31,92.48359680175781,92.48359680175781,92.48359680175781,89.96260070800781,92.48359680175781,0
2022-04-01,89.96260070800781,89.96260070800781,90.8561019897461,89.96260070800781,89.96260070800781,0
2022-04-04,90.8561019897461,90.8561019897461,93.06710052490234,90.8561019897461,90.8561019897461,0
2022-04-05,93.06710052490234,93.06710052490234,93.06710052490234,92.24500274658203,93.06710052490234,0
2022-04-06,92.24500274658203,92.24500274658203,97.20800018310547,92.24500274658203,92.24500274658203,0
2022-04-07,97.20800018310547,97.20800018310547,97.20800018310547,86.16000366210938,97.20800018310547,0
2022-04-08,86.16000366210938,86.16000366210938,86.16000366210938,84.99939727783203,86.16000366210938,0
2022-04-11,84.99939727783203,84.99939727783203,86.2959976196289,84.99939727783203,84.99939727783203,0
2022-04-12,86.2959976196289,86.2959976196289,90.28279876708984,86.2959976196289,86.2959976196289,0
2022-04-13,90.28279876708984,90.28279876708984,90.28279876708984,86.69869995117188,90.28279876708984,0
2022-04-14,86.69869995117188,86.69869995117188,88.4209976196289,86.69869995117188,86.69869995117188,0
2022-04-15,88.4209976196289,88.4209976196289,88.4209976196289,88.4209976196289,88.4209976196289,0
2022-04-18,88.4209976196289,88.4209976196289,88.4209976196289,88.4209976196289,88.4209976196289,0
2022-04-19,88.4209976196289,88.4209976196289,88.4209976196289,84.27259826660156,88.4209976196289,0
2022-04-20,84.27259826660156,84.27259826660156,86.14350128173828,84.27259826660156,84.27259826660156,0
2022-04-21,86.14350128173828,86.14350128173828,86.20800018310547,86.14350128173828,86.14350128173828,0
2022-04-22,86.20800018310547,86.20800018310547,86.20800018310547,82.8239974975586,86.20800018310547,0
2022-04-25,82.8239974975586,82.8239974975586,82.8239974975586,78.35759735107422,82.8239974975586,0
2022-04-26,78.35759735107422,78.35759735107422,78.35759735107422,77.05889892578125,78.35759735107422,0
2022-04-27,77.05889892578125,77.05889892578125,78.5824966430664,77.05889892578125,77.05889892578125,0
2022-04-28,75.29399871826172,75.29399871826172,78.5824966430664,75.1104965209961,75.29399871826172,0
2022-04-29,75.1104965209961,75.1104965209961,75.1104965209961,75.06800079345703,75.1104965209961,0
2022-05-02,77.2750015258789,77.2750015258789,77.40699768066406,73.68299865722656,77.28199768066406,0
2022-05-03,75.06800079345703,75.06800079345703,75.06800079345703,75.06800079345703,75.06800079345703,0
2022-05-04,75.06800079345703,75.06800079345703,72.02249908447266,68.972900390625,71.8727035522461,0
2022-05-05,71.8727035522461,71.8727035522461,71.8727035522461,69.47010040283203,71.8727035522461,0
2022-05-06,69.47010040283203,69.47010040283203,69.94629669189453,69.47010040283203,69.47010040283203,0
2022-05-09,69.94629669189453,69.94629669189453,69.94629669189453,69.94629669189453,69.94629669189453,0
2022-05-10,69.94629669189453,69.94629669189453,69.94629669189453,69.94629669189453,69.94629669189453,0
2022-05-11,69.94629669189453,69.94629669189453,70.71279907226562,69.94629669189453,69.94629669189453,0
2022-05-12,70.71279907226562,70.71279907226562,70.71279907226562,66.84049987792969,70.71279907226562,0
2022-05-13,66.84049987792969,66.84049987792969,66.84049987792969,65.48320007324219,66.84049987792969,0
2022-05-16,65.48320007324219,65.48320007324219,66.31220245361328,65.48320007324219,65.48320007324219,0
2022-05-17,66.31220245361328,66.31220245361328,67.35399627685547,66.31220245361328,66.31220245361328,0
2022-05-18,67.35399627685547,67.35399627685547,67.89289855957031,67.35399627685547,67.35399627685547,0
2022-05-19,67.89289855957031,67.89289855957031,67.89289855957031,66.37920379638672,67.89289855957031,0
2022-05-20,66.37920379638672,66.37920379638672,66.37920379638672,62.65399932861328,66.37920379638672,0
2022-05-23,62.65399932861328,62.65399932861328,62.65399932861328,61.988399505615234,62.65399932861328,0
2022-05-24,61.988399505615234,61.988399505615234,61.988399505615234,58.970401763916016,61.988399505615234,0
2022-05-25,58.970401763916016,58.970401763916016,60.856998443603516,58.970401763916016,58.970401763916016,0
2022-05-26,60.856998443603516,60.856998443603516,67.0656967163086,60.856998443603516,60.856998443603516,0
2022-05-27,67.0656967163086,67.0656967163086,70.67659759521484,67.0656967163086,67.0656967163086,0
2022-05-30,71.38800048828125,71.38800048828125,70.67659759521484,65.80500030517578,70.67659759521484,0
2022-05-31,65.80500030517578,65.80500030517578,65.80500030517578,65.31520080566406,65.80500030517578,0
2022-06-01,65.31520080566406,65.31520080566406,67.59519958496094,65.31520080566406,65.31520080566406,0
2022-06-02,67.59519958496094,67.59519958496094,67.59519958496094,67.45439910888672,67.59519958496094,0
2022-06-03,67.45439910888672,67.45439910888672,67.45439910888672,67.01399993896484,67.45439910888672,0
2022-06-06,67.01399993896484,67.01399993896484,67.01399993896484,66.05000305175781,67.01399993896484,0
2022-06-07,66.05000305175781,66.05000305175781,66.05000305175781,65.17259979248047,66.05000305175781,0
2022-06-08,65.17259979248047,65.17259979248047,65.17259979248047,63.85599899291992,65.17259979248047,0
2022-06-09,63.85599899291992,63.85599899291992,63.85599899291992,61.14699935913086,63.85599899291992,0
2022-06-10,61.14699935913086,61.14699935913086,61.14699935913086,60.96910095214844,61.14699935913086,0
2022-06-13,61.111000061035156,61.111000061035156,61.13999938964844,58.47600173950195,61.11600112915039,0
2022-06-14,58.47600173950195,58.47600173950195,59.52299880981445,58.47600173950195,58.47600173950195,0
2022-06-15,59.52299880981445,59.52299880981445,59.52299880981445,57.69919967651367,59.52299880981445,0
2022-06-16,57.69919967651367,57.69919967651367,58.828800201416016,57.69919967651367,57.69919967651367,0
2022-06-17,58.828800201416016,58.828800201416016,58.9640007019043,58.828800201416016,58.828800201416016,0
2022-06-20,61.70000076293945,61.70000076293945,58.9640007019043,57.97919845581055,58.9640007019043,0
2022-06-21,57.97919845581055,57.97919845581055,58.09120178222656,57.97919845581055,57.97919845581055,0
2022-06-22,58.09120178222656,58.09120178222656,58.09120178222656,55.28200149536133,58.09120178222656,0
2022-06-23,55.28200149536133,55.28200149536133,55.28200149536133,55.20180130004883,55.28200149536133,0
2022-06-24,55.20180130004883,55.20180130004883,56.168701171875,55.20180130004883,55.20180130004883,0
2022-06-27,56.168701171875,56.168701171875,56.168701171875,55.10049819946289,56.168701171875,0
2022-06-28,55.10049819946289,55.10049819946289,55.862098693847656,55.10049819946289,55.10049819946289,0
2022-06-29,55.862098693847656,55.862098693847656,55.862098693847656,53.70920181274414,55.862098693847656,0
2022-06-30,53.70920181274414,53.70920181274414,55.165401458740234,53.70920181274414,53.70920181274414,0
2022-07-01,55.165401458740234,55.165401458740234,56.474998474121094,55.165401458740234,55.165401458740234,0
2022-07-04,119.52680206298828,119.52680206298828,57.52560043334961,53.71500015258789,56.34400177001953,0
2022-07-05,57.52560043334961,57.52560043334961,62.59629821777344,57.52560043334961,57.52560043334961,0
2022-07-06,60.21879959106445,60.21879959106445,63.78919982910156,60.21879959106445,60.21879959106445,0
2022-07-07,63.78919982910156,63.78919982910156,63.78919982910156,63.196998596191406,63.78919982910156,0
2022-07-08,63.196998596191406,63.196998596191406,63.196998596191406,61.85559844970703,63.196998596191406,0
2022-07-11,66.21600341796875,66.21600341796875,61.85559844970703,61.70009994506836,61.85559844970703,0
2022-07-12,61.70009994506836,61.70009994506836,61.70009994506836,58.86949920654297,61.70009994506836,0
2022-07-13,58.86949920654297,58.86949920654297,59.36600112915039,58.86949920654297,58.86949920654297,0
2022-07-14,59.36600112915039,59.36600112915039,59.36600112915039,57.84400177001953,59.36600112915039,0
2022-07-15,57.84400177001953,57.84400177001953,57.84400177001953,56.839298248291016,57.84400177001953,0
2022-07-18,57.49100112915039,57.49100112915039,57.39699935913086,56.839298248291016,56.839298248291016,0
2022-07-19,57.39699935913086,57.39699935913086,57.39699935913086,57.248199462890625,57.39699935913086,0
2022-07-20,57.248199462890625,57.248199462890625,57.248199462890625,55.34400177001953,57.248199462890625,0
2022-07-21,55.34400177001953,55.34400177001953,57.58679962158203,55.34400177001953,55.34400177001953,0
2022-07-22,57.58679962158203,57.58679962158203,58.50619888305664,57.58679962158203,57.58679962158203,0
2022-07-25,58.50619888305664,58.50619888305664,59.38059997558594,58.50619888305664,58.50619888305664,0
2022-07-26,59.38059997558594,59.38059997558594,59.38059997558594,58.890899658203125,59.38059997558594,0
2022-07-27,58.890899658203125,58.890899658203125,60.730201721191406,58.890899658203125,58.890899658203125,0
2022-07-28,60.730201721191406,60.730201721191406,60.730201721191406,60.3046989440918,60.730201721191406,0
2022-07-29,60.3046989440918,60.3046989440918,61.67490005493164,60.3046989440918,60.3046989440918,0
2022-08-01,63.70100021362305,63.70100021362305,63.75400161743164,62.562400817871094,63.56100082397461,0
2022-08-02,62.562400817871094,62.562400817871094,62.562400817871094,61.88990020751953,62.562400817871094,0
2022-08-03,61.88990020751953,61.88990020751953,62.63740158081055,61.88990020751953,61.88990020751953,0
2022-08-04,62.63740158081055,62.63740158081055,62.63740158081055,61.375,62.63740158081055,0
2022-08-05,61.375,61.375,61.95140075683594,61.375,61.375,0
2022-08-08,61.95140075683594,61.95140075683594,61.95140075683594,61.063201904296875,61.95140075683594,0
2022-08-09,61.063201904296875,61.063201904296875,61.8838005065918,61.063201904296875,61.063201904296875,0
2022-08-10,61.8838005065918,61.8838005065918,61.8838005065918,61.7322998046875,61.8838005065918,0
2022-08-11,61.7322998046875,61.7322998046875,63.08940124511719,61.7322998046875,61.7322998046875,0
2022-08-12,63.08940124511719,63.08940124511719,63.08940124511719,61.77510070800781,63.08940124511719,0
2022-08-15,61.77510070800781,61.77510070800781,61.805599212646484,61.77510070800781,61.77510070800781,0
2022-08-16,61.805599212646484,61.805599212646484,62.83789825439453,61.805599212646484,61.805599212646484,0
2022-08-17,62.83789825439453,62.83789825439453,62.83789825439453,60.04999923706055,62.83789825439453,0
2022-08-18,60.04999923706055,60.04999923706055,60.292301177978516,60.04999923706055,60.04999923706055,0
2022-08-19,60.292301177978516,60.292301177978516,60.292301177978516,58.08489990234375,60.292301177978516,0
2022-08-22,59.720001220703125,59.720001220703125,59.060001373291016,58.08489990234375,58.08489990234375,0
2022-08-23,59.060001373291016,59.060001373291016,59.060001373291016,57.65079879760742,59.060001373291016,0
2022-08-24,57.65079879760742,57.65079879760742,59.022098541259766,57.65079879760742,57.65079879760742,0
2022-08-25,59.022098541259766,59.022098541259766,59.022098541259766,58.63050079345703,59.022098541259766,0
2022-08-26,58.63050079345703,58.63050079345703,59.09600067138672,58.63050079345703,58.63050079345703,0
2022-08-29,59.09600067138672,59.09600067138672,59.45309829711914,59.09600067138672,59.09600067138672,0
2022-08-30,59.45309829711914,59.45309829711914,59.687599182128906,59.45309829711914,59.45309829711914,0
2022-08-31,59.687599182128906,59.687599182128906,59.687599182128906,58.86800003051758,59.687599182128906,0
2022-09-01,58.86800003051758,58.86800003051758,60.11589813232422,58.86800003051758,58.86800003051758,0
2022-09-02,60.11589813232422,60.11589813232422,60.11589813232422,59.9817008972168,60.11589813232422,0
2022-09-05,59.9817008972168,59.9817008972168,59.9817008972168,59.5974006652832,59.9817008972168,0
2022-09-06,59.5974006652832,59.5974006652832,59.5974006652832,59.54859924316406,59.5974006652832,0
2022-09-07,59.54859924316406,59.54859924316406,59.925899505615234,59.54859924316406,59.54859924316406,0
2022-09-08,59.925899505615234,59.925899505615234,59.925899505615234,59.310298919677734,59.925899505615234,0
2022-09-09,59.310298919677734,59.310298919677734,59.94770050048828,59.310298919677734,59.310298919677734,0
2022-09-12,59.94770050048828,59.94770050048828,60.73429870605469,59.94770050048828,59.94770050048828,0
2022-09-13,60.73429870605469,60.73429870605469,60.73429870605469,59.76860046386719,60.73429870605469,0
2022-09-14,59.76860046386719,59.76860046386719,59.76860046386719,58.147300720214844,59.76860046386719,0
2022-09-15,58.147300720214844,58.147300720214844,58.375099182128906,58.147300720214844,58.147300720214844,0
2022-09-16,58.375099182128906,58.375099182128906,59.4093017578125,58.375099182128906,58.375099182128906,0
2022-09-19,59.925899505615234,59.925899505615234,59.925899505615234,59.1078987121582,59.925899505615234,0
2022-09-20,59.1078987121582,59.1078987121582,59.1078987121582,58.7859001159668,59.1078987121582,0
2022-09-21,58.7859001159668,58.7859001159668,59.57379913330078,58.7859001159668,58.7859001159668,0
2022-09-22,59.57379913330078,59.57379913330078,59.57379913330078,59.24359893798828,59.57379913330078,0
2022-09-23,59.24359893798828,59.24359893798828,59.24359893798828,56.037498474121094,59.24359893798828,0
2022-09-26,56.037498474121094,56.037498474121094,56.037498474121094,55.15299987792969,56.037498474121094,0
2022-09-27,55.15299987792969,55.15299987792969,55.31800079345703,55.15299987792969,55.15299987792969,0
2022-09-28,55.31800079345703,55.31800079345703,55.31800079345703,54.52920150756836,55.31800079345703,0
2022-09-29,54.52920150756836,54.52920150756836,55.34120178222656,54.52920150756836,54.52920150756836,0
2022-09-30,55.34120178222656,55.34120178222656,56.44940185546875,55.34120178222656,55.34120178222656,0
2022-10-03,56.44940185546875,56.44940185546875,56.627601623535156,56.44940185546875,56.44940185546875,0
2022-10-04,56.627601623535156,56.627601623535156,57.857398986816406,56.627601623535156,56.627601623535156,0
2022-10-05,57.857398986816406,57.857398986816406,58.54999923706055,57.857398986816406,57.857398986816406,0
2022-10-06,58.54999923706055,58.54999923706055,58.54999923706055,58.497798919677734,58.54999923706055,0
2022-10-07,58.497798919677734,58.497798919677734,58.76169967651367,58.497798919677734,58.497798919677734,0
2022-10-10,58.76169967651367,58.76169967651367,59.18730163574219,58.76169967651367,58.76169967651367,0
2022-10-11,59.18730163574219,59.18730163574219,61.703800201416016,59.18730163574219,59.18730163574219,0
2022-10-12,61.703800201416016,61.703800201416016,61.703800201416016,61.6682014465332,61.703800201416016,0
2022-10-13,61.6682014465332,61.6682014465332,61.6682014465332,60.75379943847656,61.6682014465332,0
2022-10-14,60.75379943847656,60.75379943847656,60.75379943847656,60.52519989013672,60.75379943847656,0
2022-10-17,60.52519989013672,60.52519989013672,60.52519989013672,58.9369010925293,60.52519989013672,0
2022-10-18,58.9369010925293,58.9369010925293,60.12329864501953,58.9369010925293,58.9369010925293,0
2022-10-19,60.12329864501953,60.12329864501953,60.12329864501953,59.397701263427734,60.12329864501953,0
2022-10-20,59.397701263427734,59.397701263427734,59.397701263427734,59.3130989074707,59.397701263427734,0
2022-10-21,59.3130989074707,59.3130989074707,59.45000076293945,59.3130989074707,59.3130989074707,0
2022-10-24,59.45000076293945,59.45000076293945,59.45000076293945,58.8651008605957,59.45000076293945,0
2022-10-25,58.8651008605957,58.8651008605957,60.119598388671875,58.8651008605957,58.8651008605957,0
2022-10-26,60.119598388671875,60.119598388671875,61.142601013183594,60.119598388671875,60.119598388671875,0
2022-10-27,61.142601013183594,61.142601013183594,61.223201751708984,61.142601013183594,61.142601013183594,0
2022-10-28,61.223201751708984,61.223201751708984,61.223201751708984,60.6713981628418,61.223201751708984,0
2022-10-31,60.6713981628418,60.6713981628418,60.6713981628418,60.5099983215332,60.6713981628418,0
2022-11-01,60.5099983215332,60.5099983215332,60.59080123901367,60.5099983215332,60.5099983215332,0
2022-11-02,60.59080123901367,60.59080123901367,60.59080123901367,60.36759948730469,60.59080123901367,0
2022-11-03,60.36759948730469,60.36759948730469,60.36759948730469,59.96609878540039,60.36759948730469,0
2022-11-04,59.96609878540039,59.96609878540039,59.96609878540039,59.96609878540039,59.96609878540039,0
2022-11-07,59.96609878540039,59.96609878540039,59.96609878540039,59.88410186767578,59.96609878540039,0
2022-11-08,59.88410186767578,59.88410186767578,60.487701416015625,59.88410186767578,59.88410186767578,0
2022-11-09,60.487701416015625,60.487701416015625,60.83209991455078,60.487701416015625,60.487701416015625,0
2022-11-10,60.83209991455078,60.83209991455078,60.83209991455078,60.155601501464844,60.83209991455078,0
2022-11-11,60.155601501464844,60.155601501464844,61.76900100708008,60.155601501464844,60.155601501464844,0
2022-11-14,61.76900100708008,61.76900100708008,61.76900100708008,61.732398986816406,61.76900100708008,0
2022-11-15,61.732398986816406,61.732398986816406,62.51319885253906,61.732398986816406,61.732398986816406,0
2022-11-16,62.51319885253906,62.51319885253906,62.537601470947266,62.51319885253906,62.51319885253906,0
2022-11-17,62.537601470947266,62.537601470947266,62.537601470947266,61.33470153808594,62.537601470947266,0
2022-11-18,61.33470153808594,61.33470153808594,62.232601165771484,61.33470153808594,61.33470153808594,0
2022-11-21,62.232601165771484,62.232601165771484,62.232601165771484,61.990299224853516,62.232601165771484,0
2022-11-22,61.990299224853516,61.990299224853516,61.990299224853516,61.82160186767578,61.990299224853516,0
2022-11-23,61.82160186767578,61.82160186767578,62.209999084472656,61.82160186767578,61.82160186767578,0
2022-11-24,62.209999084472656,62.209999084472656,62.46440124511719,62.209999084472656,62.209999084472656,0
2022-11-25,62.46440124511719,62.46440124511719,62.46440124511719,62.37900161743164,62.46440124511719,0
2022-11-28,62.37900161743164,62.37900161743164,62.37900161743164,62.361698150634766,62.37900161743164,0
2022-11-29,62.361698150634766,62.361698150634766,62.361698150634766,61.811100006103516,62.361698150634766,0
2022-11-30,61.811100006103516,61.811100006103516,62.70790100097656,61.811100006103516,61.811100006103516,0
2022-12-01,62.70790100097656,62.70790100097656,63.187599182128906,62.70790100097656,62.70790100097656,0
2022-12-02,63.187599182128906,63.187599182128906,64.86250305175781,63.187599182128906,63.187599182128906,0
2022-12-05,64.86250305175781,64.86250305175781,65.29540252685547,64.86250305175781,64.86250305175781,0
2022-12-06,65.29540252685547,65.29540252685547,65.57260131835938,65.29540252685547,65.29540252685547,0
2022-12-07,65.57260131835938,65.57260131835938,65.57260131835938,65.08699798583984,65.57260131835938,0
2022-12-08,65.08699798583984,65.08699798583984,65.20040130615234,65.08699798583984,65.08699798583984,0
2022-12-09,65.20040130615234,65.20040130615234,65.49019622802734,65.20040130615234,65.20040130615234,0
2022-12-12,65.49019622802734,65.49019622802734,65.49019622802734,64.872802734375,65.49019622802734,0
2022-12-13,64.872802734375,64.872802734375,65.3572998046875,64.872802734375,64.872802734375,0
2022-12-14,65.3572998046875,65.3572998046875,66.10759735107422,65.3572998046875,65.3572998046875,0
2022-12-15,66.10759735107422,66.10759735107422,66.99359893798828,66.10759735107422,66.10759735107422,0
2022-12-16,66.99359893798828,66.99359893798828,67.32990264892578,66.99359893798828,66.99359893798828,0
2022-12-19,67.32990264892578,67.32990264892578,70.32540130615234,67.32990264892578,67.32990264892578,0
2022-12-20,70.32540130615234,70.32540130615234,72.96189880371094,70.32540130615234,70.32540130615234,0
2022-12-21,72.96189880371094,72.96189880371094,75.36319732666016,72.96189880371094,72.96189880371094,0
2022-12-22,75.36319732666016,75.36319732666016,76.2240982055664,75.36319732666016,75.36319732666016,0
2022-12-23,76.2240982055664,76.2240982055664,76.2240982055664,72.76730346679688,76.2240982055664,0
2022-12-26,73.50199890136719,73.50199890136719,74.28970336914062,73.677001953125,73.46730041503906,0
2022-12-27,74.28959655761719,74.28959655761719,74.90979766845703,72.76730346679688,74.28959655761719,0
2022-12-28,74.90979766845703,74.90979766845703,76.73040008544922,74.90979766845703,74.90979766845703,0
2022-12-29,76.73040008544922,76.73040008544922,76.73040008544922,76.12550354003906,76.73040008544922,0
2022-12-30,76.12550354003906,76.12550354003906,76.12550354003906,75.86720275878906,76.12550354003906,0
2023-01-02,75.86720275878906,75.86720275878906,83.84210205078125,75.64959716796875,75.86720275878906,0
2023-01-03,75.80580139160156,75.80580139160156,77.60810089111328,74.54550170898438,75.80580139160156,0
2023-01-04,77.03399658203125,77.03399658203125,77.60880279541016,73.97339630126953,77.03399658203125,0
2023-01-05,75.83560180664062,75.83560180664062,77.1238021850586,75.29979705810547,75.83560180664062,0
2023-01-06,75.91169738769531,75.91169738769531,77.32369995117188,75.0863037109375,75.91169738769531,0
2023-01-09,77.17539978027344,77.17539978027344,77.17539978027344,74.16110229492188,77.17539978027344,0
2023-01-10,75.0353012084961,75.0353012084961,75.09819793701172,74.24939727783203,75.0353012084961,0
2023-01-11,74.81950378417969,74.81950378417969,75.34809875488281,73.38040161132812,74.81950378417969,0
2023-01-12,75.68049621582031,75.68049621582031,75.7437973022461,72.62110137939453,75.68049621582031,0
2023-01-13,73.61000061035156,73.61000061035156,74.5457992553711,72.8738021850586,73.61000061035156,0
2023-01-16,72.52159881591797,72.52159881591797,74.5978012084961,71.47370147705078,72.52159881591797,0
2023-01-17,74.4520034790039,74.4520034790039,75.37899780273438,73.8855972290039,74.4520034790039,0
2023-01-18,73.90699768066406,73.90699768066406,75.29540252685547,73.74600219726562,73.90699768066406,0
2023-01-19,74.22830200195312,74.22830200195312,75.04969787597656,74.12519836425781,74.22830200195312,0
2023-01-20,75.18000030517578,75.18000030517578,75.25289916992188,74.11180114746094,75.18000030517578,0
2023-01-23,74.09449768066406,74.09449768066406,75.44159698486328,73.3677978515625,74.09449768066406,0
2023-01-24,75.9636001586914,75.9636001586914,75.97059631347656,74.53589630126953,75.9636001586914,0
2023-01-25,75.61270141601562,75.61270141601562,75.84559631347656,74.5730972290039,75.61270141601562,0
2023-01-26,75.6084976196289,75.6084976196289,75.98380279541016,75.02519989013672,75.6084976196289,0
2023-01-27,75.70189666748047,75.70189666748047,75.88300323486328,75.06919860839844,75.70189666748047,0
2023-01-30,76.86949920654297,76.86949920654297,76.86949920654297,75.43099975585938,76.86949920654297,0
2023-01-31,75.85330200195312,75.85330200195312,76.70020294189453,75.76180267333984,75.85330200195312,0
2023-02-01,76.65789794921875,76.65789794921875,76.7332992553711,75.98280334472656,76.65789794921875,0
2023-02-02,77.00440216064453,77.00440216064453,77.30130004882812,76.28230285644531,77.00440216064453,0
2023-02-03,76.40139770507812,76.40139770507812,78.15390014648438,76.14620208740234,76.40139770507812,0
2023-02-06,76.04949951171875,76.04949951171875,76.75080108642578,75.90519714355469,76.04949951171875,0
2023-02-07,76.70790100097656,76.70790100097656,76.80799865722656,75.6417007446289,76.70790100097656,0
2023-02-08,76.19819641113281,76.19819641113281,78.8572998046875,74.0447006225586,76.19819641113281,0
2023-02-09,77.20429992675781,77.20429992675781,79.11039733886719,77.16829681396484,77.20429992675781,0
2023-02-10,78.26329803466797,78.26329803466797,79.16000366210938,77.80660247802734,78.26329803466797,0
2023-02-13,78.05500030517578,78.05500030517578,79.23880004882812,78.05500030517578,78.05500030517578,0
2023-02-14,78.535400390625,78.535400390625,79.63510131835938,78.50980377197266,78.535400390625,0
2023-02-15,79.00509643554688,79.00509643554688,79.99710083007812,78.57430267333984,79.00509643554688,0
2023-02-16,79.10890197753906,79.10890197753906,80.21959686279297,79.06449890136719,79.10890197753906,0
2023-02-17,79.6865005493164,79.6865005493164,79.99420166015625,78.5093002319336,79.6865005493164,0
2023-02-20,79.13480377197266,79.13480377197266,80.07530212402344,77.6781005859375,79.13480377197266,0
2023-02-21,77.9740982055664,77.9740982055664,80.49359893798828,77.83540344238281,77.9740982055664,0
2023-02-22,79.51270294189453,79.51270294189453,80.54779815673828,79.19419860839844,79.51270294189453,0
2023-02-23,79.43440246582031,79.43440246582031,80.41719818115234,79.41390228271484,79.43440246582031,0
2023-02-24,79.90440368652344,79.90440368652344,80.48780059814453,79.34829711914062,79.90440368652344,0
2023-02-27,80.17610168457031,80.17610168457031,80.17610168457031,78.78060150146484,80.17610168457031,0
2023-02-28,79.19170379638672,79.19170379638672,79.9760971069336,78.37000274658203,79.19170379638672,0
2023-03-01,79.37590026855469,79.37590026855469,80.45379638671875,79.29329681396484,79.37590026855469,0
2023-03-02,80.29570007324219,80.29570007324219,80.4114990234375,79.44290161132812,80.29570007324219,0
2023-03-03,80.052001953125,80.052001953125,80.36689758300781,79.78939819335938,80.052001953125,0
2023-03-06,80.17610168457031,80.17610168457031,80.83719635009766,79.96320343017578,80.17610168457031,0
2023-03-07,80.56420135498047,80.56420135498047,80.93669891357422,80.13130187988281,80.56420135498047,0
2023-03-08,79.7384033203125,79.7384033203125,80.72579956054688,79.56829833984375,79.7384033203125,0
2023-03-09,80.22830200195312,80.22830200195312,80.60669708251953,79.8988037109375,80.22830200195312,0
2023-03-10,80.27510070800781,80.27510070800781,81.46839904785156,80.19129943847656,80.27510070800781,0
2023-03-13,80.01349639892578,80.01349639892578,81.3136978149414,78.78209686279297,80.01349639892578,0
2023-03-14,81.01529693603516,81.01529693603516,81.37940216064453,80.15119934082031,81.01529693603516,0
2023-03-15,81.26010131835938,81.26010131835938,81.50250244140625,79.63790130615234,81.26010131835938,0
2023-03-16,80.53589630126953,80.53589630126953,81.71620178222656,80.46749877929688,80.53589630126953,0
2023-03-17,81.19259643554688,81.19259643554688,82.23400115966797,81.17729949951172,81.19259643554688,0
2023-03-20,80.10690307617188,80.10690307617188,82.81099700927734,80.10690307617188,80.10690307617188,0
2023-03-21,83.06780242919922,83.06780242919922,83.1416015625,82.36730194091797,83.06780242919922,0
2023-03-22,83.22470092773438,83.22470092773438,83.4397964477539,82.82839965820312,83.22470092773438,0
2023-03-23,83.61299896240234,83.61299896240234,84.16470336914062,82.46720123291016,83.61299896240234,0
2023-03-24,82.34149932861328,82.34149932861328,83.02249908447266,82.00409698486328,82.34149932861328,0
2023-03-27,83.15650177001953,83.15650177001953,83.15650177001953,82.24099731445312,83.15650177001953,0
2023-03-28,82.70690155029297,82.70690155029297,83.05079650878906,82.5947036743164,82.70690155029297,0
2023-03-29,82.97889709472656,82.97889709472656,83.95030212402344,82.96739959716797,82.97889709472656,0
2023-03-30,83.83899688720703,83.83899688720703,84.35659790039062,83.32749938964844,83.83899688720703,0
2023-03-31,84.2562026977539,84.2562026977539,84.92960357666016,83.84110260009766,84.2562026977539,0
2023-04-03,84.5552978515625,84.5552978515625,85.9176025390625,83.5479965209961,84.5552978515625,0
2023-04-04,85.7947998046875,85.7947998046875,87.21890258789062,85.59030151367188,85.7947998046875,0
2023-04-05,86.89240264892578,86.89240264892578,88.1989974975586,86.75420379638672,86.89240264892578,0
2023-04-06,87.44560241699219,87.44560241699219,89.19529724121094,86.79969787597656,87.4375991821289,0
2023-04-07,88.68209838867188,88.68209838867188,88.68209838867188,87.0,88.68209838867188,0
2023-04-10,88.68209838867188,88.68209838867188,88.68209838867188,88.68209838867188,88.68209838867188,0
2023-04-11,88.68209838867188,88.68209838867188,90.24919891357422,88.99400329589844,88.68209838867188,0
2023-04-12,88.53240203857422,88.53240203857422,90.8102035522461,88.51619720458984,88.53240203857422,0
2023-04-13,90.23410034179688,90.23410034179688,90.61270141601562,89.70130157470703,90.23410034179688,0
2023-04-14,90.28630065917969,90.28630065917969,90.54789733886719,89.75990295410156,90.28630065917969,0
2023-04-17,89.5,89.5,90.3469009399414,89.1072006225586,89.5,0
2023-04-18,89.63919830322266,89.63919830322266,89.9917984008789,88.79460144042969,89.63919830322266,0
2023-04-19,89.77100372314453,89.77100372314453,89.94439697265625,89.10900115966797,89.77100372314453,0
2023-04-20,89.47329711914062,89.47329711914062,89.75740051269531,88.93340301513672,89.47329711914062,0
2023-04-21,89.71389770507812,89.71389770507812,89.85769653320312,88.9751968383789,89.71389770507812,0
2023-04-24,89.5010986328125,89.5010986328125,89.95950317382812,89.04000091552734,89.5010986328125,0
2023-04-25,90.10449981689453,90.10449981689453,90.2020034790039,89.56559753417969,90.10449981689453,0
2023-04-26,89.69409942626953,89.69409942626953,91.63600158691406,89.4364013671875,89.69409942626953,0
2023-04-27,90.34359741210938,90.34359741210938,90.6104965209961,89.45780181884766,90.34359741210938,0
2023-04-28,90.28829956054688,90.28829956054688,90.33329772949219,86.54090118408203,90.28829956054688,0
2023-05-01,87.75,87.75,88.6677017211914,87.75,87.75,0
2023-05-02,88.6677017211914,88.6677017211914,88.6677017211914,87.05960083007812,88.6677017211914,0
2023-05-03,88.19660186767578,88.19660186767578,88.35679626464844,87.08059692382812,88.19660186767578,0
2023-05-04,87.99410247802734,87.99410247802734,88.13719940185547,85.57710266113281,87.99410247802734,0
2023-05-05,86.69139862060547,86.69139862060547,86.85659790039062,84.15779876708984,86.69139862060547,0
2023-05-08,85.73429870605469,85.73429870605469,86.61380004882812,84.470703125,85.73429870605469,0
2023-05-09,85.4541015625,85.4541015625,86.1884994506836,84.81600189208984,85.4541015625,0
2023-05-10,85.51470184326172,85.51470184326172,85.67050170898438,83.28269958496094,85.51470184326172,0
2023-05-11,83.5947036743164,83.5947036743164,85.18769836425781,82.23210144042969,83.5947036743164,0
2023-05-12,84.02179718017578,84.02179718017578,85.15139770507812,83.24729919433594,84.02179718017578,0
2023-05-15,83.9312973022461,83.9312973022461,86.9395980834961,83.75,83.9312973022461,0
2023-05-16,86.70770263671875,86.70770263671875,87.84980010986328,86.12159729003906,86.70770263671875,0
2023-05-17,87.4478988647461,87.4478988647461,87.75740051269531,86.67230224609375,87.4478988647461,0
2023-05-18,86.42859649658203,86.42859649658203,87.13099670410156,85.95850372314453,86.42859649658203,0
2023-05-19,86.62650299072266,86.62650299072266,87.15869903564453,85.66020202636719,86.62650299072266,0
2023-05-22,85.9000015258789,85.9000015258789,86.81749725341797,85.9000015258789,85.9000015258789,0
2023-05-23,87.02410125732422,87.02410125732422,87.10459899902344,85.95089721679688,87.02410125732422,0
2023-05-24,86.3198013305664,86.3198013305664,86.72480010986328,85.8947982788086,86.3198013305664,0
2023-05-25,86.1511001586914,86.1511001586914,86.29409790039062,85.2938003540039,86.1511001586914,0
2023-05-26,85.81430053710938,85.81430053710938,86.8113021850586,85.45099639892578,85.81430053710938,0
2023-05-29,84.7229995727539,84.7229995727539,86.76290130615234,84.5,84.7229995727539,0
2023-05-30,85.91919708251953,85.91919708251953,87.23600006103516,85.45950317382812,85.91919708251953,0
2023-05-31,80.68399810791016,80.68399810791016,87.206298828125,80.40589904785156,80.68399810791016,0
2023-06-01,87.1968994140625,87.1968994140625,87.50859832763672,86.12229919433594,87.1968994140625,0
2023-06-02,87.15149688720703,87.15149688720703,87.64289855957031,86.63749694824219,87.15149688720703,0
2023-06-05,86.51609802246094,86.51609802246094,87.58679962158203,86.36830139160156,86.51609802246094,0
2023-06-06,86.32620239257812,86.32620239257812,87.30390167236328,86.32620239257812,86.32620239257812,0
2023-06-07,87.02369689941406,87.02369689941406,87.86229705810547,86.78269958496094,87.02369689941406,0
2023-06-08,87.31109619140625,87.31109619140625,88.418701171875,87.2865982055664,87.31109619140625,0
2023-06-09,88.42279815673828,88.42279815673828,89.42220306396484,87.95149993896484,88.42279815673828,0
2023-06-12,88.9166030883789,88.9166030883789,90.07209777832031,88.3384017944336,88.9166030883789,0
2023-06-13,90.27020263671875,90.27020263671875,90.966796875,88.80879974365234,90.27020263671875,0
2023-06-14,90.56919860839844,90.56919860839844,91.58789825439453,90.53980255126953,90.56919860839844,0
2023-06-15,91.07669830322266,91.07669830322266,91.47679901123047,90.1875991821289,91.07669830322266,0
2023-06-16,91.35890197753906,91.35890197753906,92.19490051269531,91.28379821777344,91.35890197753906,0
2023-06-19,91.3030014038086,91.3030014038086,92.36940002441406,90.38079833984375,91.3030014038086,0
2023-06-20,91.59320068359375,91.59320068359375,92.63089752197266,91.16400146484375,91.59320068359375,0
2023-06-21,91.55970001220703,91.55970001220703,92.59950256347656,91.49259948730469,91.55970001220703,0
2023-06-22,91.943603515625,91.943603515625,92.35800170898438,91.10540008544922,91.943603515625,0
2023-06-23,88.72270202636719,88.72270202636719,92.41840362548828,88.5282974243164,88.72270202636719,0
2023-06-26,91.09870147705078,91.09870147705078,92.48519897460938,91.09870147705078,91.09870147705078,0
2023-06-27,92.08679962158203,92.08679962158203,93.85350036621094,92.03620147705078,92.08679962158203,0
2023-06-28,93.54090118408203,93.54090118408203,94.71959686279297,92.85890197753906,93.54090118408203,0
2023-06-29,93.87310028076172,93.87310028076172,95.83989715576172,93.65809631347656,93.87310028076172,0
2023-06-30,94.3948974609375,94.3948974609375,97.99420166015625,94.33409881591797,94.3948974609375,0
2023-07-03,94.5,94.5,98.26100158691406,94.5,94.5,0
2023-07-04,97.66690063476562,97.66690063476562,98.33149719238281,96.23419952392578,97.66690063476562,0
2023-07-05,99.02169799804688,99.02169799804688,99.21720123291016,96.9177017211914,99.02169799804688,0
2023-07-06,99.04740142822266,99.04740142822266,102.64779663085938,98.01599884033203,99.04740142822266,0
2023-07-07,99.3667984008789,99.3667984008789,100.53160095214844,98.03250122070312,99.3667984008789,0
2023-07-10,99.5,99.5,100.64769744873047,99.25279998779297,99.5,0
2023-07-11,100.26020050048828,100.26020050048828,100.2874984741211,98.84049987792969,100.26020050048828,0
2023-07-12,99.67220306396484,99.67220306396484,100.83760070800781,99.20249938964844,99.67220306396484,0
2023-07-13,100.8125,100.8125,101.63030242919922,100.2968978881836,100.8125,0
2023-07-14,101.1427993774414,101.1427993774414,101.79859924316406,100.55030059814453,101.1427993774414,0
2023-07-17,101.33719635009766,101.33719635009766,102.01390075683594,101.32879638671875,101.33719635009766,0
2023-07-18,101.80829620361328,101.80829620361328,102.47679901123047,101.62590026855469,101.80829620361328,0
2023-07-19,102.17939758300781,102.17939758300781,102.8134994506836,101.51390075683594,102.17939758300781,0
2023-07-20,103.02549743652344,103.02549743652344,103.24620056152344,100.66490173339844,103.02549743652344,0
2023-07-21,100.31279754638672,100.31279754638672,101.28050231933594,100.06659698486328,100.31279754638672,0
2023-07-24,100.677001953125,100.677001953125,101.34220123291016,99.6531982421875,100.677001953125,0
2023-07-25,100.060302734375,100.060302734375,100.1677017211914,98.44080352783203,100.060302734375,0
2023-07-26,99.66649627685547,99.66649627685547,99.9166030883789,99.23320007324219,99.66649627685547,0
2023-07-27,99.69750213623047,99.69750213623047,100.69819641113281,99.59210205078125,99.69750213623047,0
2023-07-28,99.57499694824219,99.57499694824219,101.82119750976562,98.95339965820312,99.57499694824219,0
2023-07-31,99.4000015258789,99.4000015258789,101.73580169677734,99.4000015258789,99.4000015258789,0
2023-08-01,100.78579711914062,100.78579711914062,101.17230224609375,100.5613021850586,100.78579711914062,0
2023-08-02,101.70709991455078,101.70709991455078,103.3228988647461,101.09490203857422,101.70709991455078,0
2023-08-03,102.92479705810547,102.92479705810547,105.64569854736328,102.1707992553711,102.92479705810547,0
2023-08-04,103.46369934082031,103.46369934082031,106.68119812011719,101.5,103.46369934082031,0
2023-08-07,103.4000015258789,103.4000015258789,106.49859619140625,103.4000015258789,103.4000015258789,0
2023-08-08,104.94999694824219,104.94999694824219,106.64289855957031,104.84510040283203,104.94999694824219,0
2023-08-09,106.48860168457031,106.48860168457031,107.79170227050781,104.5,106.48860168457031,0
2023-08-10,106.33760070800781,106.33760070800781,107.7197036743164,105.75350189208984,106.33760070800781,0
2023-08-11,106.5426025390625,106.5426025390625,109.16059875488281,106.52799987792969,106.5426025390625,0
2023-08-14,106.5,106.5,111.76940155029297,106.46849822998047,106.5,0
2023-08-15,107.41909790039062,107.41909790039062,108.88130187988281,103.7688980102539,107.41909790039062,0
2023-08-16,106.86129760742188,106.86129760742188,107.0469970703125,101.88200378417969,106.86129760742188,0
2023-08-17,102.80239868164062,102.80239868164062,104.1500015258789,99.49720001220703,102.80239868164062,0
2023-08-18,102.08170318603516,102.08170318603516,102.08170318603516,102.08170318603516,102.08170318603516,0
2023-08-21,101.5,101.5,103.50150299072266,101.48690032958984,101.5,0
2023-08-22,101.8740005493164,101.8740005493164,103.07479858398438,101.8740005493164,101.8740005493164,0
2023-08-23,102.21589660644531,102.21589660644531,103.03929901123047,99.57160186767578,102.21589660644531,0
2023-08-24,102.1155014038086,102.1155014038086,102.85009765625,100.22450256347656,102.1155014038086,0
2023-08-25,102.42269897460938,102.42269897460938,103.44080352783203,102.21029663085938,102.42269897460938,0
2023-08-28,102.0999984741211,102.0999984741211,103.64309692382812,102.0999984741211,102.0999984741211,0
2023-08-29,102.23780059814453,102.23780059814453,104.23049926757812,102.23780059814453,102.23780059814453,0
2023-08-30,103.71530151367188,103.71530151367188,105.43260192871094,103.58789825439453,103.71530151367188,0
2023-08-31,105.04340362548828,105.04340362548828,105.42639923095703,103.7876968383789,105.04340362548828,0
2023-09-01,103.96050262451172,103.96050262451172,105.00409698486328,103.8895034790039,103.96050262451172,0
2023-09-04,103.0,103.0,104.83070373535156,103.0,103.0,0
2023-09-05,104.57369995117188,104.57369995117188,105.3291015625,104.0,104.57369995117188,0
2023-09-06,105.0468978881836,105.0468978881836,105.57109832763672,104.75980377197266,105.0468978881836,0
2023-09-07,105.54540252685547,105.54540252685547,105.65280151367188,104.5062026977539,105.54540252685547,0
2023-09-08,105.36150360107422,105.36150360107422,105.66190338134766,104.33709716796875,105.36150360107422,0
2023-09-11,104.19999694824219,104.19999694824219,104.618896484375,102.42240142822266,104.19999694824219,0
2023-09-12,102.49449920654297,102.49449920654297,103.0,100.85649871826172,102.49449920654297,0
2023-09-13,103.23600006103516,103.23600006103516,103.74330139160156,101.0999984741211,103.23600006103516,0
2023-09-14,103.25450134277344,103.25450134277344,103.81330108642578,101.92639923095703,103.25450134277344,0
2023-09-15,102.43409729003906,102.43409729003906,103.5199966430664,102.10030364990234,102.43409729003906,0
2023-09-18,102.25,102.25,103.95390319824219,102.25,102.25,0
2023-09-19,102.58769989013672,102.58769989013672,103.37529754638672,102.3042984008789,102.58769989013672,0
2023-09-20,104.12069702148438,104.12069702148438,104.12069702148438,102.5,104.12069702148438,0
2023-09-21,102.27559661865234,102.27559661865234,103.15280151367188,101.595703125,102.27559661865234,0
2023-09-22,102.45030212402344,102.45030212402344,102.5781021118164,101.75,102.45030212402344,0
2023-09-25,101.75,101.75,102.52729797363281,101.38289642333984,101.75,0
2023-09-26,101.51599884033203,101.51599884033203,103.0696029663086,101.39430236816406,101.51599884033203,0
2023-09-27,102.1261978149414,102.1261978149414,102.3291015625,100.30000305175781,102.1261978149414,0
2023-09-28,101.97229766845703,101.97229766845703,102.81659698486328,101.72129821777344,101.97229766845703,0
2023-09-29,102.07869720458984,102.07869720458984,103.85900115966797,102.04049682617188,102.07869720458984,0
2023-10-02,102.25,102.25,104.5436019897461,102.25,102.25,0
2023-10-03,104.13999938964844,104.13999938964844,104.71199798583984,103.3499984741211,104.13999938964844,0
2023-10-04,104.75189971923828,104.75189971923828,104.93920135498047,103.5,104.75189971923828,0
2023-10-05,105.404296875,105.404296875,105.48619842529297,104.0999984741211,105.404296875,0
2023-10-06,105.59040069580078,105.59040069580078,107.61160278320312,102.52940368652344,105.59040069580078,0
2023-10-09,104.5,104.5,107.96900177001953,104.5,104.5,0
2023-10-10,105.404296875,105.404296875,106.497802734375,104.9000015258789,105.404296875,0
2023-10-11,101.3198013305664,101.3198013305664,106.72679901123047,101.28050231933594,101.3198013305664,0
2023-10-12,103.79869842529297,103.79869842529297,105.5,102.55049896240234,103.79869842529297,0
2023-10-13,102.96050262451172,102.96050262451172,103.10220336914062,102.1511001586914,102.96050262451172,0
2023-10-16,102.05000305175781,102.05000305175781,103.44979858398438,102.05000305175781,102.05000305175781,0
2023-10-17,102.73870086669922,102.73870086669922,103.56269836425781,102.49469757080078,102.73870086669922,0
2023-10-18,103.67919921875,103.67919921875,103.67919921875,101.19999694824219,103.67919921875,0
2023-10-19,103.36090087890625,103.36090087890625,103.36090087890625,101.30000305175781,103.36090087890625,0
2023-10-20,102.4813003540039,102.4813003540039,102.55889892578125,100.95790100097656,102.4813003540039,0
2023-10-23,100.0,100.0,101.4822006225586,100.0,100.0,0
2023-10-24,100.82379913330078,100.82379913330078,100.85530090332031,98.94210052490234,100.82379913330078,0
2023-10-25,99.02059936523438,99.02059936523438,99.30699920654297,98.63500213623047,99.02059936523438,0
2023-10-26,99.314697265625,99.314697265625,99.314697265625,97.5,99.314697265625,0
2023-10-27,98.92790222167969,98.92790222167969,100.18049621582031,97.36669921875,98.92790222167969,0
2023-10-30,97.0999984741211,97.0999984741211,98.9917984008789,97.0999984741211,97.0999984741211,0
2023-10-31,98.2384033203125,98.2384033203125,99.33390045166016,96.8499984741211,98.2384033203125,0
2023-11-01,98.7208023071289,98.7208023071289,98.93350219726562,97.47160339355469,98.7208023071289,0
2023-11-02,97.87560272216797,97.87560272216797,99.52330017089844,96.55000305175781,97.87560272216797,0
2023-11-03,99.07129669189453,99.07129669189453,99.66889953613281,98.5,99.07129669189453,0
2023-11-06,98.75,98.75,99.5780029296875,98.7313003540039,98.75,0
2023-11-07,99.28949737548828,99.28949737548828,99.28949737548828,98.36470031738281,99.28949737548828,0
2023-11-08,98.50980377197266,98.50980377197266,98.67829895019531,98.00270080566406,98.50980377197266,0
2023-11-09,98.3541030883789,98.3541030883789,98.87310028076172,96.80000305175781,98.3541030883789,0
2023-11-10,97.78949737548828,97.78949737548828,98.65630340576172,97.0,97.78949737548828,0
2023-11-13,97.9000015258789,97.9000015258789,98.73660278320312,97.60690307617188,97.9000015258789,0
2023-11-14,98.33000183105469,98.33000183105469,98.33000183105469,97.2699966430664,98.33000183105469,0
2023-11-15,98.4800033569336,98.4800033569336,98.4800033569336,95.8499984741211,98.4800033569336,0
2023-11-16,97.04299926757812,97.04299926757812,97.19670104980469,95.3499984741211,97.04299926757812,0
2023-11-17,96.93890380859375,96.93890380859375,98.16719818115234,95.19999694824219,96.93890380859375,0
2023-11-20,95.4000015258789,95.4000015258789,98.04989624023438,95.4000015258789,95.4000015258789,0
2023-11-21,96.86979675292969,96.86979675292969,96.99189758300781,96.0,96.86979675292969,0
2023-11-22,96.28150177001953,96.28150177001953,96.4529037475586,94.69999694824219,96.28150177001953,0
2023-11-23,96.24150085449219,96.24150085449219,97.28780364990234,95.75,96.24150085449219,0
2023-11-24,96.24970245361328,96.24970245361328,98.0354995727539,96.17160034179688,96.24970245361328,0
2023-11-27,96.5,96.5,97.50260162353516,96.5,96.5,0
2023-11-28,97.60350036621094,97.60350036621094,98.5625991821289,96.79730224609375,97.60350036621094,0
2023-11-29,97.69339752197266,97.69339752197266,98.20790100097656,95.75,97.69339752197266,0
2023-11-30,97.31320190429688,97.31320190429688,98.2688980102539,96.47769927978516,97.31320190429688,0
2023-12-01,97.99629974365234,97.99629974365234,98.5792007446289,96.30000305175781,97.99629974365234,0
2023-12-04,96.5,96.5,99.23690032958984,96.5,96.5,0
2023-12-05,99.14779663085938,99.14779663085938,100.22760009765625,98.4000015258789,99.14779663085938,0
2023-12-06,99.94190216064453,99.94190216064453,100.70220184326172,99.36250305175781,99.94190216064453,0
2023-12-07,100.04969787597656,100.04969787597656,100.32060241699219,98.0,100.04969787597656,0
2023-12-08,99.75769805908203,99.75769805908203,99.75769805908203,98.15640258789062,99.75769805908203,0
2023-12-11,97.19999694824219,97.19999694824219,98.68509674072266,97.19999694824219,97.19999694824219,0
2023-12-12,98.09339904785156,98.09339904785156,98.22599792480469,97.00869750976562,98.09339904785156,0
2023-12-13,97.50599670410156,97.50599670410156,97.51730346679688,96.8290023803711,97.50599670410156,0
2023-12-14,97.1614990234375,97.1614990234375,98.86000061035156,96.5,97.1614990234375,0
2023-12-15,98.41529846191406,98.41529846191406,99.26689910888672,96.1447982788086,98.41529846191406,0
2023-12-18,96.69999694824219,96.69999694824219,99.12020111083984,96.69999694824219,96.69999694824219,0
2023-12-19,98.85260009765625,98.85260009765625,99.564697265625,98.2645034790039,98.85260009765625,0
2023-12-20,99.34200286865234,99.34200286865234,99.9791030883789,98.96549987792969,99.3333969116211,0
2023-12-21,99.69029998779297,99.69029998779297,101.62899780273438,99.66940307617188,99.69029998779297,0
2023-12-22,102.26409912109375,102.26409912109375,102.39099884033203,99.80000305175781,102.26409912109375,0
2023-12-25,100.69999694824219,100.69999694824219,101.45089721679688,100.69999694824219,100.69999694824219,0
2023-12-26,101.45089721679688,101.45089721679688,101.45089721679688,101.45089721679688,101.45089721679688,0
2023-12-27,101.45089721679688,101.45089721679688,102.01390075683594,101.32340240478516,101.45089721679688,0
2023-12-28,101.77069854736328,101.77069854736328,101.89849853515625,98.66089630126953,101.77069854736328,0
2023-12-29,97.91429901123047,97.91429901123047,100.3031997680664,97.85810089111328,97.91429901123047,0
2024-01-01,99.5,99.5,99.5,99.5,99.5,0
2024-01-02,99.5,99.5,99.88990020751953,99.32820129394531,99.5,0
2024-01-03,98.94129943847656,98.94129943847656,100.44979858398438,98.9354019165039,98.94129943847656,0
2024-01-04,100.481201171875,100.481201171875,100.71189880371094,98.69999694824219,100.481201171875,0
2024-01-05,99.99449920654297,99.99449920654297,100.07219696044922,98.97760009765625,99.99449920654297,0
2024-01-08,97.75,97.75,100.25070190429688,97.75,97.75,0
2024-01-09,99.54060363769531,99.54060363769531,99.57009887695312,97.69840240478516,99.54060363769531,0
2024-01-10,97.91619873046875,97.91619873046875,98.18609619140625,97.5239028930664,97.91619873046875,0
2024-01-11,98.0552978515625,98.0552978515625,98.17510223388672,96.6260986328125,98.0552978515625,0
2024-01-12,97.10230255126953,97.10230255126953,97.3478012084961,96.5271987915039,97.10230255126953,0
2024-01-15,96.30000305175781,96.30000305175781,96.30000305175781,95.81330108642578,96.30000305175781,0
2024-01-16,96.01229858398438,96.01229858398438,96.37239837646484,95.34760284423828,96.01229858398438,0
2024-01-17,95.83419799804688,95.83419799804688,96.74559783935547,95.63819885253906,95.83419799804688,0
2024-01-18,96.44139862060547,96.44139862060547,97.33560180664062,95.9000015258789,96.44139862060547,0
2024-01-19,97.2791976928711,97.2791976928711,97.3479995727539,95.70179748535156,97.2791976928711,0
2024-01-22,95.75,95.75,96.17169952392578,95.55390167236328,95.75,0
2024-01-23,95.71659851074219,95.71659851074219,96.3936996459961,95.7030029296875,95.71659851074219,0
2024-01-24,96.21659851074219,96.21659851074219,96.77629852294922,95.99240112304688,96.21659851074219,0
2024-01-25,96.56620025634766,96.56620025634766,97.29499816894531,96.40299987792969,96.56620025634766,0
2024-01-26,96.55650329589844,96.55650329589844,97.73860168457031,96.4175033569336,96.55650329589844,0
2024-01-29,97.1500015258789,97.1500015258789,97.4988021850586,96.1415023803711,97.1500015258789,0
2024-01-30,96.7155990600586,96.7155990600586,97.5271987915039,96.1978988647461,96.7155990600586,0
2024-01-31,97.17459869384766,97.17459869384766,97.6719970703125,96.79920196533203,97.17459869384766,0
2024-02-01,97.17389678955078,97.17389678955078,98.2354965209961,96.8915023803711,97.17389678955078,0
2024-02-02,98.38069915771484,98.38069915771484,99.13379669189453,97.52960205078125,98.38069915771484,0
2024-02-05,98.25,98.25,98.41410064697266,97.10050201416016,98.25,0
2024-02-06,97.26069641113281,97.26069641113281,98.09020233154297,97.23970031738281,97.26069641113281,0
2024-02-07,97.51029968261719,97.51029968261719,98.37899780273438,97.30000305175781,97.51029968261719,0
2024-02-08,98.67169952392578,98.67169952392578,98.6760025024414,97.5999984741211,98.67169952392578,0
2024-02-09,98.25019836425781,98.25019836425781,98.54940032958984,97.71759796142578,98.25019836425781,0
2024-02-12,97.5,97.5,98.3644027709961,97.5,97.5,0
2024-02-13,98.26170349121094,98.26170349121094,98.5990982055664,97.76730346679688,98.26170349121094,0
2024-02-14,97.97689819335938,97.97689819335938,98.40660095214844,97.81819915771484,97.97689819335938,0
2024-02-15,98.34880065917969,98.34880065917969,99.74019622802734,98.19180297851562,98.34880065917969,0
2024-02-16,99.48169708251953,99.48169708251953,100.6957015991211,99.30229949951172,99.48169708251953,0
2024-02-19,98.75,98.75,99.82440185546875,98.75,98.75,0
2024-02-20,99.50080108642578,99.50080108642578,100.19969940185547,99.38169860839844,99.50080108642578,0
2024-02-21,99.83319854736328,99.83319854736328,100.18270111083984,99.34739685058594,99.83319854736328,0
2024-02-22,99.86599731445312,99.86599731445312,102.09089660644531,99.86319732666016,99.86599731445312,0
2024-02-23,100.69419860839844,100.69419860839844,103.31430053710938,100.14299774169922,100.69419860839844,0
2024-02-26,99.0,99.0,101.5863037109375,99.58049774169922,99.0,0
2024-02-27,100.19940185546875,100.19940185546875,100.24240112304688,99.32550048828125,100.19940185546875,0
2024-02-28,99.76899719238281,99.76899719238281,99.80120086669922,98.95819854736328,99.76899719238281,0
2024-02-29,99.22059631347656,99.22059631347656,99.23429870605469,98.35289764404297,99.22059631347656,0
2024-03-01,98.61360168457031,98.61360168457031,99.53790283203125,98.61869812011719,98.61360168457031,0
2024-03-04,97.0999984741211,97.0999984741211,99.51519775390625,97.0999984741211,97.0999984741211,0
2024-03-05,99.28839874267578,99.28839874267578,99.2843017578125,98.59870147705078,99.28839874267578,0
2024-03-06,98.77890014648438,98.77890014648438,99.04319763183594,98.05979919433594,98.77890014648438,0
2024-03-07,98.90889739990234,98.90889739990234,99.3467025756836,98.81510162353516,98.90889739990234,0
2024-03-08,99.25450134277344,99.25450134277344,99.79499816894531,98.98809814453125,99.25450134277344,0
2024-03-11,98.5999984741211,98.5999984741211,99.402099609375,98.5999984741211,98.5999984741211,0
2024-03-12,99.42179870605469,99.42179870605469,100.31700134277344,99.1635971069336,99.42179870605469,0
2024-03-13,100.25170135498047,100.25170135498047,100.46649932861328,99.8104019165039,100.25170135498047,0
2024-03-14,100.04930114746094,100.04930114746094,100.42440032958984,99.6426010131836,100.04930114746094,0
2024-03-15,99.62460327148438,99.62460327148438,100.95169830322266,99.62169647216797,99.62460327148438,0
2024-03-18,99.5,99.5,100.65840148925781,99.5,99.5,0
2024-03-19,99.72630310058594,99.72630310058594,100.75769805908203,99.62409973144531,99.72630310058594,0
2024-03-20,100.4520034790039,100.4520034790039,100.6104965209961,100.21980285644531,100.4520034790039,0
2024-03-21,100.88839721679688,100.88839721679688,101.1094970703125,99.73639678955078,100.88839721679688,0
2024-03-22,99.78970336914062,99.78970336914062,101.21330261230469,99.4446029663086,99.78970336914062,0
2024-03-25,98.9000015258789,98.9000015258789,100.73889923095703,98.9000015258789,98.9000015258789,0
2024-03-26,100.68150329589844,100.68150329589844,100.8218994140625,100.35600280761719,100.68150329589844,0
2024-03-27,100.16349792480469,100.16349792480469,100.52490234375,99.5947036743164,100.16349792480469,0
2024-03-28,99.96029663085938,99.96029663085938,100.49569702148438,99.39399719238281,99.96029663085938,0
2024-03-29,99.8821029663086,99.8821029663086,99.8821029663086,99.4000015258789,99.8821029663086,0
2024-04-01,99.4000015258789,99.4000015258789,99.4000015258789,99.4000015258789,99.4000015258789,0
2024-04-02,99.8821029663086,99.8821029663086,99.8821029663086,99.12590026855469,99.8821029663086,0
2024-04-03,99.56749725341797,99.56749725341797,100.15570068359375,99.20559692382812,99.56749725341797,0
2024-04-04,100.03260040283203,100.03260040283203,100.48400115966797,100.00070190429688,100.03260040283203,0
2024-04-05,99.96269989013672,99.96269989013672,100.37249755859375,99.65589904785156,99.96269989013672,0
2024-04-08,99.5,99.5,100.54429626464844,99.5,99.5,0
2024-04-09,100.38569641113281,100.38569641113281,101.08989715576172,100.3135986328125,100.38569641113281,0
2024-04-10,100.87139892578125,100.87139892578125,101.42790222167969,100.3019027709961,100.87139892578125,0
2024-04-11,100.2114028930664,100.2114028930664,100.90460205078125,99.80069732666016,100.2114028930664,0
2024-04-12,100.04550170898438,100.04550170898438,100.60420227050781,99.32520294189453,100.04550170898438,0
2024-04-15,99.08460235595703,99.08460235595703,100.02549743652344,99.08460235595703,99.08460235595703,0
2024-04-16,99.34349822998047,99.34349822998047,100.31610107421875,99.16809844970703,99.34349822998047,0
2024-04-17,99.9917984008789,99.9917984008789,100.80729675292969,99.85900115966797,99.9917984008789,0
2024-04-18,100.3646011352539,100.3646011352539,101.23979949951172,100.00650024414062,100.3646011352539,0
2024-04-19,99.96690368652344,99.96690368652344,100.14140319824219,98.80770111083984,99.96690368652344,0
2024-04-22,98.9000015258789,98.9000015258789,99.77200317382812,98.9000015258789,98.9000015258789,0
2024-04-23,99.77519989013672,99.77519989013672,100.02469635009766,98.94999694824219,99.77519989013672,0
2024-04-24,99.74610137939453,99.74610137939453,99.84529876708984,98.55899810791016,99.74610137939453,0
2024-04-25,98.77629852294922,98.77629852294922,99.14029693603516,98.2405014038086,98.77629852294922,0
2024-04-26,98.87950134277344,98.87950134277344,99.25080108642578,98.0790023803711,98.87950134277344,0
2024-04-29,97.5,97.5,100.2477035522461,97.5,97.5,0
2024-04-30,99.80989837646484,99.80989837646484,100.44979858398438,99.62220001220703,99.80989837646484,0
2024-05-01,99.70870208740234,99.70870208740234,99.70870208740234,98.80000305175781,99.70870208740234,0
2024-05-02,98.80000305175781,98.80000305175781,100.74849700927734,97.78070068359375,98.80000305175781,0
2024-05-03,97.77310180664062,97.77310180664062,100.4094009399414,97.72250366210938,97.77310180664062,0
2024-05-06,97.69999694824219,97.69999694824219,99.46320343017578,97.69999694824219,97.69999694824219,0
2024-05-07,98.35160064697266,98.35160064697266,98.7886962890625,97.87319946289062,98.35160064697266,0
2024-05-08,98.30750274658203,98.30750274658203,99.12470245361328,98.19730377197266,98.30750274658203,0
2024-05-09,98.597900390625,98.597900390625,99.98090362548828,98.55799865722656,98.597900390625,0
2024-05-10,99.77970123291016,99.77970123291016,99.83809661865234,99.09369659423828,99.77970123291016,0
2024-05-13,99.32240295410156,99.32240295410156,99.76000213623047,98.50279998779297,99.32240295410156,0
2024-05-14,98.86080169677734,98.86080169677734,98.99009704589844,98.27220153808594,98.86080169677734,0
2024-05-15,98.76210021972656,98.76210021972656,99.17400360107422,98.70760345458984,98.76210021972656,0
2024-05-16,99.30460357666016,99.30460357666016,99.35700225830078,98.57099914550781,99.30460357666016,0
2024-05-17,98.74980163574219,98.74980163574219,99.01499938964844,98.52860260009766,98.74980163574219,0
2024-05-20,98.94830322265625,98.94830322265625,99.2854995727539,97.03790283203125,98.94830322265625,0
2024-05-21,98.4989013671875,98.4989013671875,98.67250061035156,97.85330200195312,98.4989013671875,0
2024-05-22,98.2354965209961,98.2354965209961,98.8749008178711,97.10060119628906,98.2354965209961,0
2024-05-23,97.63749694824219,97.63749694824219,99.49459838867188,97.61080169677734,97.63749694824219,0
2024-05-24,99.06639862060547,99.06639862060547,99.07150268554688,96.81900024414062,99.06639862060547,0
2024-05-27,97.1906967163086,97.1906967163086,97.19450378417969,95.23049926757812,97.1906967163086,0
2024-05-28,96.60279846191406,96.60279846191406,96.81420135498047,95.84510040283203,96.60279846191406,0
2024-05-29,96.11309814453125,96.11309814453125,97.3676986694336,96.04889678955078,96.11309814453125,0
2024-05-30,96.75170135498047,96.75170135498047,98.03060150146484,96.63349914550781,96.75170135498047,0
2024-05-31,97.7489013671875,97.7489013671875,98.33260345458984,97.57109832763672,97.7489013671875,0
2024-06-03,96.94999694824219,96.94999694824219,98.12650299072266,96.58039855957031,96.94999694824219,0
2024-06-04,97.42320251464844,97.42320251464844,97.49909973144531,96.29940032958984,97.42320251464844,0
2024-06-05,96.67849731445312,96.67849731445312,96.93450164794922,96.3270034790039,96.67849731445312,0
2024-06-06,96.8302993774414,96.8302993774414,97.12529754638672,96.20169830322266,96.8302993774414,0
2024-06-07,97.2843017578125,97.2843017578125,97.38469696044922,96.127197265625,97.2843017578125,0
2024-06-10,95.75,95.75,96.13059997558594,95.41609954833984,95.75,0
2024-06-11,95.65480041503906,95.65480041503906,95.99420166015625,95.4280014038086,95.65480041503906,0
2024-06-12,95.84960174560547,95.84960174560547,96.86399841308594,95.56520080566406,95.84960174560547,0
2024-06-13,96.22989654541016,96.22989654541016,99.154296875,92.6624984741211,96.22989654541016,0
2024-06-14,94.36139678955078,94.36139678955078,96.64969635009766,94.2573013305664,94.36139678955078,0
2024-06-17,94.25,94.25,95.79989624023438,94.25,94.25,0
2024-06-18,95.28929901123047,95.28929901123047,95.32109832763672,92.72339630126953,95.28929901123047,0
2024-06-19,91.685302734375,91.685302734375,92.6365966796875,88.80860137939453,91.6801986694336,0
2024-06-20,89.73760223388672,89.73760223388672,94.14340209960938,89.20860290527344,89.73760223388672,0
2024-06-21,93.54049682617188,93.54049682617188,95.66649627685547,93.51730346679688,93.54049682617188,0
2024-06-24,93.3499984741211,93.3499984741211,95.62149810791016,92.54540252685547,93.3499984741211,0
2024-06-25,94.4446029663086,94.4446029663086,94.75530242919922,92.82520294189453,94.4446029663086,0
2024-06-26,93.70149993896484,93.70149993896484,94.74610137939453,92.24849700927734,93.70149993896484,0
2024-06-27,94.24610137939453,94.24610137939453,94.37629699707031,90.36170196533203,94.24610137939453,0
2024-06-28,91.01490020751953,91.01490020751953,94.44329833984375,90.89029693603516,91.01490020751953,0
2024-07-01,91.81539916992188,91.81539916992188,94.20500183105469,91.0,91.81539916992188,0
2024-07-02,93.13600158691406,93.13600158691406,95.20780181884766,92.62319946289062,93.13600158691406,0
2024-07-03,94.41799926757812,94.41799926757812,95.68830108642578,94.05509948730469,94.41799926757812,0
2024-07-04,95.49539947509766,95.49539947509766,96.22799682617188,94.7322006225586,95.49539947509766,0
2024-07-05,96.20939636230469,96.20939636230469,99.10970306396484,95.26300048828125,96.20939636230469,0
2024-07-08,94.4000015258789,94.4000015258789,96.32330322265625,94.4000015258789,94.4000015258789,0
2024-07-09,93.81999969482422,93.81999969482422,95.82330322265625,93.82469940185547,93.81999969482422,0
2024-07-10,93.53710174560547,93.53710174560547,96.32510375976562,94.59349822998047,93.53710174560547,0
2024-07-11,95.70549774169922,95.70549774169922,96.11900329589844,94.66220092773438,95.70549774169922,0
2024-07-12,94.58589935302734,94.58589935302734,96.04509735107422,94.55020141601562,94.58589935302734,0
2024-07-15,94.44999694824219,94.44999694824219,96.7249984741211,94.44999694824219,94.44999694824219,0
2024-07-16,95.90190124511719,95.90190124511719,96.82430267333984,95.77339935302734,95.90190124511719,0
2024-07-17,96.47949981689453,96.47949981689453,96.71029663085938,96.14520263671875,96.47949981689453,0
2024-07-18,96.81050109863281,96.81050109863281,96.81939697265625,95.99340057373047,96.81050109863281,0
2024-07-19,96.36299896240234,96.36299896240234,96.34839630126953,94.9052963256836,96.36299896240234,0
2024-07-22,94.69999694824219,94.69999694824219,96.40029907226562,94.69999694824219,94.69999694824219,0
2024-07-23,95.66020202636719,95.66020202636719,96.07869720458984,94.45230102539062,95.66020202636719,0
2024-07-24,95.30580139160156,95.30580139160156,95.33869934082031,93.53170013427734,95.30580139160156,0
2024-07-25,93.47650146484375,93.47650146484375,94.06590270996094,92.02140045166016,93.47650146484375,0
2024-07-26,92.22899627685547,92.22899627685547,93.72630310058594,92.22090148925781,92.22899627685547,0
2024-07-29,92.25,92.25,94.05130004882812,92.25,92.25,0
2024-07-30,93.46730041503906,93.46730041503906,93.76509857177734,92.87699890136719,93.46730041503906,0
2024-07-31,92.74359893798828,92.74359893798828,93.71739959716797,91.98560333251953,92.74359893798828,0
2024-08-01,93.0781021118164,93.0781021118164,93.17739868164062,91.8853988647461,93.0781021118164,0
2024-08-02,92.24320220947266,92.24320220947266,93.39309692382812,91.44999694824219,92.24320220947266,0
2024-08-05,91.80000305175781,91.80000305175781,94.9303970336914,91.80000305175781,91.80000305175781,0
2024-08-06,92.93489837646484,92.93489837646484,93.6803970336914,92.54759979248047,92.93489837646484,0
2024-08-07,93.60320281982422,93.60320281982422,94.17320251464844,92.59210205078125,93.60320281982422,0
2024-08-08,93.68800354003906,93.68800354003906,95.1321029663086,93.68800354003906,93.68800354003906,0
2024-08-09,94.68560028076172,94.68560028076172,96.91709899902344,94.65540313720703,94.68560028076172,0
2024-08-12,94.8501968383789,94.8501968383789,100.2030029296875,95.75,94.8501968383789,0
2024-08-13,99.51270294189453,99.51270294189453,102.35130310058594,99.45349884033203,99.51270294189453,0
2024-08-14,99.51519775390625,99.51519775390625,102.3405990600586,97.2677001953125,99.51519775390625,0
2024-08-15,98.88330078125,98.88330078125,99.6156997680664,97.04509735107422,98.88330078125,0
2024-08-16,97.57360076904297,97.57360076904297,98.36589813232422,96.35600280761719,97.57360076904297,0
2024-08-19,98.62809753417969,98.62809753417969,99.5728988647461,96.5999984741211,98.62809753417969,0
2024-08-20,99.77140045166016,99.77140045166016,101.71369934082031,98.72419738769531,99.77140045166016,0
2024-08-21,101.4259033203125,101.4259033203125,102.6791000366211,101.05349731445312,101.4259033203125,0
2024-08-22,102.05280303955078,102.05280303955078,102.81620025634766,101.00540161132812,102.05280303955078,0
2024-08-23,101.71240234375,101.71240234375,102.4384994506836,101.48789978027344,101.71240234375,0
2024-08-26,100.9800033569336,100.9800033569336,103.30909729003906,100.9800033569336,100.9800033569336,0
2024-08-27,102.70800018310547,102.70800018310547,102.79889678955078,101.52799987792969,102.70800018310547,0
2024-08-28,102.26689910888672,102.26689910888672,102.43350219726562,101.4697036743164,102.26689910888672,0
2024-08-29,101.78340148925781,101.78340148925781,102.6729965209961,101.1583023071289,101.78340148925781,0
2024-08-30,101.37850189208984,101.37850189208984,102.27909851074219,100.05079650878906,101.37850189208984,0
2024-09-02,100.1500015258789,100.1500015258789,101.47730255126953,98.74299621582031,100.1500015258789,0
2024-09-03,99.37899780273438,99.37899780273438,99.71179962158203,96.1239013671875,99.37899780273438,0
2024-09-04,97.0873031616211,97.0873031616211,98.89839935302734,96.43080139160156,97.0873031616211,0
2024-09-05,96.94869995117188,96.94869995117188,100.56749725341797,96.9010009765625,96.94869995117188,0
2024-09-06,98.05149841308594,98.05149841308594,100.60389709472656,98.04000091552734,98.05149841308594,0
2024-09-09,98.8499984741211,98.8499984741211,100.86900329589844,98.8499984741211,98.8499984741211,0
2024-09-10,99.91560363769531,99.91560363769531,101.19439697265625,99.36229705810547,99.9188003540039,0
2024-09-11,100.28209686279297,100.28209686279297,101.89859771728516,99.9365005493164,100.28209686279297,0
2024-09-12,100.82460021972656,100.82460021972656,100.94180297851562,100.20259857177734,100.82460021972656,0
2024-09-13,98.80999755859375,98.80999755859375,101.56829833984375,98.80999755859375,98.80999755859375,0
2024-09-16,99.5,99.5,101.73529815673828,99.5,99.5,0
2024-09-17,101.71820068359375,101.71820068359375,101.89869689941406,100.53890228271484,101.71820068359375,0
2024-09-18,101.7665023803711,101.7665023803711,102.91850280761719,101.17960357666016,101.7665023803711,0
2024-09-19,104.04149627685547,104.04149627685547,104.60780334472656,101.9728012084961,104.04149627685547,0
2024-09-20,102.85910034179688,102.85910034179688,103.97789764404297,102.84020233154297,102.85910034179688,0
2024-09-23,102.4000015258789,102.4000015258789,103.94110107421875,102.4000015258789,102.4000015258789,0
2024-09-24,101.63890075683594,101.63890075683594,104.21109771728516,101.56620025634766,101.63890075683594,0
2024-09-25,103.8488998413086,103.8488998413086,103.96430206298828,101.82460021972656,103.8488998413086,0
2024-09-26,102.9541015625,102.9541015625,103.63929748535156,102.12940216064453,102.9541015625,0
2024-09-27,103.51409912109375,103.51409912109375,104.44719696044922,102.939697265625,103.51409912109375,0
2024-09-30,105.2582015991211,105.2582015991211,105.2582015991211,102.6720962524414,105.2582015991211,0
2024-10-01,103.56410217285156,103.56410217285156,104.73139953613281,103.19190216064453,103.56410217285156,0
2024-10-02,106.04109954833984,106.04109954833984,106.1364974975586,104.1489028930664,106.04109954833984,0
2024-10-03,105.658203125,105.658203125,105.65390014648438,104.45259857177734,105.658203125,0
2024-10-04,104.27909851074219,104.27909851074219,105.3478012084961,104.18599700927734,104.27909851074219,0
2024-10-07,104.0,104.0,105.97810363769531,104.0,104.0,0
2024-10-08,105.5707015991211,105.5707015991211,106.2030029296875,105.56009674072266,105.5707015991211,0
2024-10-09,106.18150329589844,106.18150329589844,109.85260009765625,105.77249908447266,106.18150329589844,0
2024-10-10,106.12950134277344,106.12950134277344,106.8406982421875,105.53050231933594,106.12950134277344,0
2024-10-11,105.60929870605469,105.60929870605469,106.06610107421875,104.22100067138672,105.60929870605469,0
2024-10-14,104.19999694824219,104.19999694824219,105.33390045166016,104.19999694824219,104.19999694824219,0
2024-10-15,104.28459930419922,104.28459930419922,108.08889770507812,102.86589813232422,104.28459930419922,0
2024-10-16,105.57369995117188,105.57369995117188,106.306396484375,105.439697265625,105.57369995117188,0
2024-10-17,105.8678970336914,105.8678970336914,105.92790222167969,104.9352035522461,105.8678970336914,0
2024-10-18,105.46900177001953,105.46900177001953,105.62139892578125,103.3718032836914,105.46900177001953,0
2024-10-21,103.19999694824219,103.19999694824219,105.92259979248047,103.19999694824219,103.19999694824219,0
2024-10-22,104.68669891357422,104.68669891357422,105.12809753417969,103.44329833984375,104.68669891357422,0
2024-10-23,103.3749008178711,103.3749008178711,104.51789855957031,103.33280181884766,103.3749008178711,0
2024-10-24,103.4397964477539,103.4397964477539,104.90249633789062,103.4397964477539,103.4397964477539,0
2024-10-25,104.17510223388672,104.17510223388672,105.49030303955078,104.11060333251953,104.17510223388672,0
2024-10-28,104.98539733886719,104.98539733886719,106.03939819335938,104.7322006225586,104.98539733886719,0
2024-10-29,105.18360137939453,105.18360137939453,105.84040069580078,103.13400268554688,105.18360137939453,0
2024-10-30,105.49299621582031,105.49299621582031,106.02960205078125,104.72339630126953,105.49299621582031,0
2024-10-31,105.34960174560547,105.34960174560547,105.91629791259766,105.21479797363281,105.34960174560547,0
2024-11-01,105.98380279541016,105.98380279541016,106.82839965820312,105.35980224609375,105.98380279541016,0
2024-11-04,105.5,105.5,108.05010223388672,105.5,105.5,0
2024-11-05,107.6427001953125,107.6427001953125,107.80349731445312,106.06420135498047,107.6427001953125,0
2024-11-06,106.93049621582031,106.93049621582031,107.8916015625,102.76270294189453,106.93049621582031,0
2024-11-07,104.33209991455078,104.33209991455078,106.02559661865234,104.15509796142578,104.33209991455078,0
2024-11-08,105.7791976928711,105.7791976928711,105.8375015258789,104.19259643554688,105.7791976928711,0
2024-11-11,104.0,104.0,105.06520080566406,102.22640228271484,104.0,0
2024-11-12,102.347900390625,102.347900390625,104.47899627685547,102.04119873046875,102.347900390625,0
2024-11-13,104.30359649658203,104.30359649658203,104.93589782714844,103.6511001586914,104.30359649658203,0
2024-11-14,104.04550170898438,104.04550170898438,106.097900390625,103.76080322265625,104.04550170898438,0
2024-11-15,104.85009765625,104.85009765625,106.12879943847656,104.42520141601562,104.85009765625,0
2024-11-18,105.31620025634766,105.31620025634766,106.00140380859375,105.14720153808594,105.31620025634766,0
2024-11-19,105.67720031738281,105.67720031738281,107.03340148925781,105.45500183105469,105.67720031738281,0
2024-11-20,106.67939758300781,106.67939758300781,106.70210266113281,105.54550170898438,106.67939758300781,0
2024-11-21,106.0863037109375,106.0863037109375,106.7490005493164,105.44110107421875,106.0863037109375,0
2024-11-22,106.04850006103516,106.04850006103516,108.37339782714844,105.97709655761719,106.04850006103516,0
2024-11-25,108.68000030517578,108.68000030517578,109.63839721679688,108.24250030517578,108.68000030517578,0
2024-11-26,108.60690307617188,108.60690307617188,113.3290023803711,108.42130279541016,108.60690307617188,0
2024-11-27,110.67240142822266,110.67240142822266,120.71690368652344,110.50520324707031,110.67240142822266,0
2024-11-28,119.50579833984375,119.50579833984375,119.50630187988281,113.3634033203125,119.50579833984375,0
2024-11-29,114.05819702148438,114.05819702148438,116.46849822998047,110.23210144042969,114.05819702148438,0
2024-12-02,112.30000305175781,112.30000305175781,114.10279846191406,110.76249694824219,112.30000305175781,0
2024-12-03,111.82530212402344,111.82530212402344,112.92430114746094,110.7916030883789,111.82530212402344,0
2024-12-04,110.34970092773438,110.34970092773438,111.35379791259766,109.2802963256836,110.34970092773438,0
2024-12-05,110.37220001220703,110.37220001220703,110.65039825439453,105.7385025024414,110.37220001220703,0
2024-12-06,106.90460205078125,106.90460205078125,107.20279693603516,104.52960205078125,106.90460205078125,0
2024-12-09,103.5,103.5,106.59850311279297,103.5,103.5,0
2024-12-10,105.54409790039062,105.54409790039062,107.84339904785156,105.3219985961914,105.54409790039062,0
2024-12-11,108.51959991455078,108.51959991455078,114.02200317382812,107.24400329589844,108.51959991455078,0
2024-12-12,110.83329772949219,110.83329772949219,111.1177978515625,108.13469696044922,110.83329772949219,0
2024-12-13,109.96939849853516,109.96939849853516,110.03820037841797,106.6697006225586,109.96939849853516,0
2024-12-16,107.5,107.5,109.8772964477539,107.5,107.5,0
2024-12-17,108.94960021972656,108.94960021972656,110.08670043945312,106.58699798583984,108.94960021972656,0
2024-12-18,109.76750183105469,109.76750183105469,110.42659759521484,107.35369873046875,109.76750183105469,0
2024-12-19,108.33049774169922,108.33049774169922,108.93920135498047,106.9552001953125,108.33049774169922,0
2024-12-20,107.26599884033203,107.26599884033203,108.39830017089844,106.0968017578125,107.26599884033203,0
2024-12-23,106.25,106.25,107.40380096435547,103.79209899902344,106.25,0
2024-12-24,105.31909942626953,105.31909942626953,105.3550033569336,103.41230010986328,105.31909942626953,0
2024-12-25,103.97200012207031,103.97200012207031,103.97200012207031,103.0999984741211,103.97200012207031,0
2024-12-26,103.97200012207031,103.97200012207031,103.97200012207031,103.97200012207031,103.97200012207031,0
2024-12-27,103.97200012207031,103.97200012207031,113.3864974975586,103.8218002319336,103.97200012207031,0
2024-12-30,109.0,109.0,116.8855972290039,107.31490325927734,109.0,0
2024-12-31,114.97650146484375,114.97650146484375,118.51689910888672,112.91419982910156,114.97650146484375,0
2025-01-02,114.97650146484375,114.97650146484375,118.80960083007812,111.4843978881836,114.97650146484375,0
2025-01-03,113.96540069580078,113.96540069580078,115.38639831542969,113.51599884033203,113.96540069580078,0
2025-01-06,112.1500015258789,112.1500015258789,112.96199798583984,111.11830139160156,112.1500015258789,0
2025-01-07,111.61930084228516,111.61930084228516,111.63770294189453,110.54419708251953,111.61930084228516,0
2025-01-08,110.93119812011719,110.93119812011719,111.0781021118164,107.40630340576172,110.93119812011719,0
2025-01-09,107.77839660644531,107.77839660644531,107.84950256347656,104.64029693603516,107.77839660644531,0
2025-01-10,105.28079986572266,105.28079986572266,105.88300323486328,104.1676025390625,105.28079986572266,0
2025-01-13,104.80000305175781,104.80000305175781,105.36499786376953,104.2698974609375,104.80000305175781,0
2025-01-14,105.46890258789062,105.46890258789062,106.33070373535156,105.20790100097656,105.46890258789062,0
2025-01-15,105.11630249023438,105.11630249023438,106.55339813232422,104.98159790039062,105.11630249023438,0
2025-01-16,105.5197982788086,105.5197982788086,106.247802734375,105.02549743652344,105.5197982788086,0
2025-01-17,106.74590301513672,106.74590301513672,106.8219985961914,104.91960144042969,106.74590301513672,0
2025-01-20,104.5999984741211,104.5999984741211,106.2322006225586,104.5999984741211,104.5999984741211,0
2025-01-21,105.24310302734375,105.24310302734375,105.37740325927734,102.73660278320312,105.24310302734375,0
2025-01-22,103.53119659423828,103.53119659423828,103.716796875,101.36759948730469,103.53119659423828,0
2025-01-23,103.29889678955078,103.29889678955078,104.3759994506836,102.89659881591797,103.29889678955078,0
2025-01-24,104.01930236816406,104.01930236816406,104.55370330810547,102.57820129394531,104.01930236816406,0
2025-01-27,101.75,101.75,103.17070007324219,101.59449768066406,101.75,0
2025-01-28,101.70809936523438,101.70809936523438,102.99099731445312,101.51969909667969,101.70809936523438,0
2025-01-29,102.19779968261719,102.19779968261719,103.89910125732422,101.91699981689453,102.19779968261719,0
2025-01-30,103.46019744873047,103.46019744873047,103.49739837646484,101.4529037475586,103.46019744873047,0
2025-01-31,102.40059661865234,102.40059661865234,102.8135986328125,101.572998046875,102.40059661865234,0
2025-02-03,101.19999694824219,101.19999694824219,103.02680206298828,101.19999694824219,101.19999694824219,0
2025-02-04,103.00630187988281,103.00630187988281,103.65769958496094,101.98359680175781,103.00630187988281,0
2025-02-05,104.44409942626953,104.44409942626953,104.7073974609375,101.40180206298828,104.44409942626953,0
2025-02-06,101.9218978881836,101.9218978881836,101.96549987792969,99.92530059814453,101.9218978881836,0
2025-02-07,100.47139739990234,100.47139739990234,101.75469970703125,100.06929779052734,100.47139739990234,0
2025-02-10,99.75,99.75,100.87339782714844,99.75,99.75,0
2025-02-11,99.53040313720703,99.53040313720703,99.61109924316406,98.76319885253906,99.53040313720703,0
2025-02-12,99.98529815673828,99.98529815673828,100.02940368652344,96.49140167236328,99.98529815673828,0
2025-02-13,97.67430114746094,97.67430114746094,98.12969970703125,93.30110168457031,97.67430114746094,0
2025-02-14,93.62239837646484,93.62239837646484,96.83769989013672,93.49939727783203,93.62239837646484,0
2025-02-17,94.5,94.5,96.73179626464844,94.5,94.5,0
2025-02-18,95.92870330810547,95.92870330810547,96.6050033569336,95.16310119628906,95.92870330810547,0
2025-02-19,95.6427993774414,95.6427993774414,95.7686996459961,91.51139831542969,95.6427993774414,0
2025-02-20,93.38749694824219,93.38749694824219,93.53980255126953,91.7677993774414,93.38749694824219,0
2025-02-21,93.10600280761719,93.10600280761719,93.67060089111328,91.39080047607422,93.10600280761719,0
2025-02-24,92.0999984741211,92.0999984741211,92.88150024414062,91.79519653320312,92.0999984741211,0
2025-02-25,91.7885971069336,91.7885971069336,91.95050048828125,90.23909759521484,91.7885971069336,0
2025-02-26,91.10299682617188,91.10299682617188,91.29029846191406,89.65480041503906,91.10299682617188,0
2025-02-27,91.06109619140625,91.06109619140625,91.69200134277344,90.62999725341797,91.06109619140625,0
2025-02-28,91.15270233154297,91.15270233154297,93.17040252685547,91.04209899902344,91.15270233154297,0
2025-03-03,91.0999984741211,91.0999984741211,94.31390380859375,91.0999984741211,91.0999984741211,0
2025-03-04,94.03700256347656,94.03700256347656,94.54979705810547,93.28620147705078,94.03700256347656,0
2025-03-05,95.34590148925781,95.34590148925781,96.84660339355469,94.9531021118164,95.34590148925781,0
2025-03-06,97.57779693603516,97.57779693603516,97.80789947509766,96.18609619140625,97.57779693603516,0
2025-03-07,95.99720001220703,95.99720001220703,99.25389862060547,94.3905029296875,95.99720001220703,0
2025-03-10,95.5,95.5,96.13259887695312,94.95500183105469,95.5,0
2025-03-11,94.96739959716797,94.96739959716797,95.32360076904297,92.91200256347656,94.96739959716797,0
2025-03-12,93.44450378417969,93.44450378417969,95.24710083007812,93.13919830322266,93.44450378417969,0
2025-03-13,94.86000061035156,94.86000061035156,94.95939636230469,93.5719985961914,94.86000061035156,0
2025-03-14,93.61859893798828,93.61859893798828,94.42970275878906,92.75090026855469,93.61859893798828,0
2025-03-17,92.0,92.0,92.47039794921875,90.82990264892578,92.0,0
2025-03-18,91.11000061035156,91.11000061035156,91.1353988647461,88.87989807128906,91.11000061035156,0
2025-03-19,89.42430114746094,89.42430114746094,91.82129669189453,89.13040161132812,89.42430114746094,0
2025-03-20,91.65170288085938,91.65170288085938,92.89910125732422,90.86609649658203,91.65170288085938,0
2025-03-21,92.19770050048828,92.19770050048828,92.20960235595703,89.68910217285156,92.19770050048828,0
2025-03-24,90.8499984741211,90.8499984741211,91.57830047607422,90.37429809570312,90.8499984741211,0
2025-03-25,90.60780334472656,90.60780334472656,91.68409729003906,90.11540222167969,90.60780334472656,0
2025-03-26,91.2791976928711,91.2791976928711,91.36080169677734,90.26429748535156,91.2791976928711,0
2025-03-27,90.30509948730469,90.30509948730469,91.75900268554688,89.85070037841797,90.30509948730469,0
2025-03-28,91.26529693603516,91.26529693603516,92.81199645996094,89.92379760742188,91.26529693603516,0
2025-03-31,89.44000244140625,89.44000244140625,93.68370056152344,89.44000244140625,89.44000244140625,0
2025-04-01,89.78790283203125,89.78790283203125,92.16649627685547,89.63970184326172,89.78790283203125,0
2025-04-02,91.21620178222656,91.21620178222656,91.7427978515625,90.61139678955078,91.21620178222656,0
2025-04-03,91.87650299072266,91.87650299072266,93.9166030883789,91.67379760742188,91.87650299072266,0
2025-04-04,92.67420196533203,92.67420196533203,94.40689849853516,92.0,92.67420196533203,0
2025-04-07,92.0,92.0,95.29139709472656,92.0,92.0,0
2025-04-08,94.02519989013672,94.02519989013672,94.63410186767578,93.30169677734375,94.02519989013672,0
2025-04-09,94.25669860839844,94.25669860839844,96.46489715576172,94.19190216064453,94.25669860839844,0
2025-04-10,94.31759643554688,94.31759643554688,94.89520263671875,91.7334976196289,94.31759643554688,0
2025-04-11,94.01200103759766,94.01200103759766,96.7968978881836,93.92769622802734,94.01200103759766,0
2025-04-14,95.25,95.25,95.94830322265625,93.10299682617188,95.25,0
2025-04-15,93.25350189208984,93.25350189208984,94.65889739990234,92.78520202636719,93.25350189208984,0
2025-04-16,94.3489990234375,94.3489990234375,95.31600189208984,93.2748031616211,94.3489990234375,0
2025-04-17,94.5886001586914,94.5886001586914,94.58399963378906,92.88469696044922,94.5886001586914,0
2025-04-22,93.4469985961914,93.4469985961914,94.08200073242188,92.80439758300781,93.4469985961914,0
2025-04-23,92.52690124511719,92.52690124511719,95.29620361328125,92.53260040283203,92.52690124511719,0
2025-04-24,94.01820373535156,94.01820373535156,95.05660247802734,93.2394027709961,94.01820373535156,0
2025-04-25,94.60430145263672,94.60430145263672,94.6802978515625,93.52909851074219,94.60430145263672,0
2025-04-28,93.8582992553711,93.8582992553711,94.50060272216797,92.8499984741211,93.8582992553711,0
2025-04-29,94.28559875488281,94.28559875488281,94.37519836425781,92.11579895019531,94.28559875488281,0
2025-04-30,93.38089752197266,93.38089752197266,93.43170166015625,92.34200286865234,93.38089752197266,0
2025-05-01,92.88020324707031,92.88020324707031,92.88020324707031,91.6500015258789,92.88020324707031,0
2025-05-02,92.88020324707031,92.88020324707031,94.15299987792969,92.54540252685547,92.88020324707031,0
2025-05-05,92.75,92.75,93.86720275878906,91.05999755859375,92.75,0
2025-05-06,91.06439971923828,91.06439971923828,92.19210052490234,90.80159759521484,91.06439971923828,0
2025-05-07,92.43219757080078,92.43219757080078,92.67169952392578,91.4209976196289,92.43219757080078,0
2025-05-08,91.14689636230469,91.14689636230469,93.37069702148438,90.95989990234375,91.14689636230469,0
2025-05-09,92.58159637451172,92.58159637451172,95.23760223388672,92.381103515625,92.58159637451172,0
2025-05-12,92.80000305175781,92.80000305175781,92.80000305175781,89.35489654541016,92.80000305175781,0
2025-05-13,89.86509704589844,89.86509704589844,90.05339813232422,88.20459747314453,89.86509704589844,0
2025-05-14,89.30940246582031,89.30940246582031,90.71109771728516,89.2865982055664,89.30940246582031,0
2025-05-15,89.87249755859375,89.87249755859375,90.33180236816406,89.80049896240234,89.87249755859375,0
2025-05-16,89.533203125,89.533203125,90.82610321044922,89.53079986572266,89.533203125,0
2025-05-19,89.5,89.5,90.79979705810547,89.5,89.5,0
2025-05-20,90.70040130615234,90.70040130615234,90.99030303955078,89.46800231933594,90.70040130615234,0
2025-05-21,90.9990005493164,90.9990005493164,91.52020263671875,90.41089630126953,90.9990005493164,0
2025-05-22,90.51419830322266,90.51419830322266,90.72859954833984,89.58080291748047,90.51419830322266,0
2025-05-23,89.88009643554688,89.88009643554688,90.54149627685547,89.86849975585938,89.88009643554688,0
2025-05-26,89.19999694824219,89.19999694824219,90.806396484375,89.19999694824219,89.19999694824219,0
2025-05-27,90.8124008178711,90.8124008178711,91.21980285644531,90.64839935302734,90.8124008178711,0
2025-05-28,90.972900390625,90.972900390625,91.12960052490234,89.90010070800781,90.972900390625,0
2025-05-29,89.73310089111328,89.73310089111328,90.03579711914062,87.84500122070312,89.73310089111328,0
2025-05-30,87.48660278320312,87.48660278320312,89.70149993896484,87.1771011352539,87.48660278320312,0
2025-06-02,88.1500015258789,88.1500015258789,90.84429931640625,88.1500015258789,88.1500015258789,0
2025-06-03,90.75659942626953,90.75659942626953,90.77359771728516,89.56590270996094,90.75659942626953,0
2025-06-04,89.89669799804688,89.89669799804688,90.60800170898438,89.28839874267578,89.89669799804688,0
2025-06-05,90.51290130615234,90.51290130615234,91.2865982055664,89.80699920654297,90.51290130615234,0
2025-06-06,88.46920013427734,88.46920013427734,90.97039794921875,88.31829833984375,88.46920013427734,0
2025-06-09,89.6500015258789,89.6500015258789,90.41609954833984,89.64769744873047,89.6500015258789,0
2025-06-10,90.2699966430664,90.2699966430664,90.33200073242188,89.42469787597656,90.2699966430664,0
2025-06-11,89.74539947509766,89.74539947509766,91.46389770507812,89.47450256347656,89.74539947509766,0
2025-06-12,91.49009704589844,91.49009704589844,93.02069854736328,91.37200164794922,91.49009704589844,0
2025-06-13,92.79350280761719,92.79350280761719,92.88870239257812,91.2113037109375,92.79350280761719,0
2025-06-16,90.8499984741211,90.8499984741211,91.90550231933594,90.68990325927734,90.8499984741211,0
2025-06-17,90.81330108642578,90.81330108642578,91.38079833984375,90.42669677734375,90.81330108642578,0
2025-06-18,90.12840270996094,90.12840270996094,91.05940246582031,90.06210327148438,90.12840270996094,0
2025-06-19,90.08879852294922,90.08879852294922,90.22200012207031,89.74019622802734,90.08879852294922,0
2025-06-20,90.20909881591797,90.20909881591797,90.52230072021484,89.78399658203125,90.20909881591797,0
2025-06-23,89.30000305175781,89.30000305175781,90.68070220947266,89.30000305175781,89.30000305175781,0
2025-06-24,91.03589630126953,91.03589630126953,91.47740173339844,90.78980255126953,91.03589630126953,0
2025-06-25,91.00379943847656,91.00379943847656,91.2572021484375,90.41169738769531,91.00379943847656,0
2025-06-26,91.42749786376953,91.42749786376953,92.26290130615234,91.29759979248047,91.42749786376953,0
2025-06-27,92.06490325927734,92.06490325927734,95.279296875,91.57659912109375,92.06490325927734,0
2025-06-30,91.1500015258789,91.1500015258789,92.372802734375,91.1500015258789,91.1500015258789,0
2025-07-01,92.16790008544922,92.16790008544922,92.83159637451172,92.0282974243164,92.16790008544922,0
2025-07-02,92.66790008544922,92.66790008544922,93.04329681396484,92.50969696044922,92.66790008544922,0
2025-07-03,93.12779998779297,93.12779998779297,93.35220336914062,92.35900115966797,93.12779998779297,0
2025-07-04,93.07589721679688,93.07589721679688,93.45259857177734,92.61150360107422,93.07589721679688,0
2025-07-07,91.8499984741211,91.8499984741211,92.72370147705078,91.8499984741211,91.8499984741211,0
2025-07-08,92.35780334472656,92.35780334472656,92.46289825439453,91.32740020751953,92.35780334472656,0
2025-07-09,92.0270004272461,92.0270004272461,92.04190063476562,91.36080169677734,92.0270004272461,0
2025-07-10,91.72920227050781,91.72920227050781,91.8727035522461,90.61150360107422,91.72920227050781,0
2025-07-11,91.0280990600586,91.0280990600586,91.35690307617188,90.5197982788086,91.0280990600586,0
2025-07-14,90.25,90.25,91.97830200195312,90.25,90.25,0
2025-07-15,91.10700225830078,91.10700225830078,91.4197006225586,90.57230377197266,91.10700225830078,0
2025-07-16,90.62229919433594,90.62229919433594,91.69280242919922,90.47720336914062,90.62229919433594,0
2025-07-17,91.03820037841797,91.03820037841797,91.04139709472656,90.30130004882812,91.03820037841797,0
2025-07-18,90.61090087890625,90.61090087890625,91.59130096435547,90.572998046875,90.61090087890625,0
2025-07-21,90.43000030517578,90.43000030517578,91.6438980102539,90.43000030517578,90.43000030517578,0
2025-07-22,91.44380187988281,91.44380187988281,92.22039794921875,91.1072998046875,91.44380187988281,0
2025-07-23,92.1427993774414,92.1427993774414,92.43090057373047,91.73580169677734,92.1427993774414,0
2025-07-24,92.3009033203125,92.3009033203125,93.52729797363281,92.06169891357422,92.3009033203125,0
2025-07-25,93.15910339355469,93.15910339355469,94.06629943847656,92.8427963256836,93.15910339355469,0
2025-07-28,92.05000305175781,92.05000305175781,94.44940185546875,92.05000305175781,92.05000305175781,0
2025-07-29,94.33180236816406,94.33180236816406,95.54219818115234,93.48760223388672,94.33180236816406,0
2025-07-30,93.8405990600586,93.8405990600586,95.19290161132812,92.20130157470703,93.8405990600586,0
2025-07-31,92.856201171875,92.856201171875,93.45120239257812,91.29229736328125,92.856201171875,0
2025-08-01,92.63610076904297,92.63610076904297,93.54450225830078,91.431396484375,92.63610076904297,0
2025-08-04,90.69999694824219,90.69999694824219,92.60549926757812,90.69999694824219,90.69999694824219,0
2025-08-05,92.46199798583984,92.46199798583984,92.78019714355469,92.06809997558594,92.46199798583984,0
2025-08-06,92.62470245361328,92.62470245361328,93.42630004882812,92.51349639892578,92.62470245361328,0
2025-08-07,93.29840087890625,93.29840087890625,93.40470123291016,91.97049713134766,93.29840087890625,0
2025-08-08,92.52660369873047,92.52660369873047,93.38490295410156,92.2477035522461,92.52660369873047,0
2025-08-11,91.9000015258789,91.9000015258789,93.1769027709961,91.9000015258789,91.9000015258789,0
2025-08-12,92.35269927978516,92.35269927978516,93.14810180664062,92.29499816894531,92.35269927978516,0
2025-08-13,92.76930236816406,92.76930236816406,93.48280334472656,92.7228012084961,92.76930236816406,0
2025-08-14,93.05020141601562,93.05020141601562,93.27909851074219,92.80940246582031,93.05020141601562,0
2025-08-15,92.90550231933594,92.90550231933594,93.88919830322266,92.8843002319336,92.90550231933594,0
2025-08-18,92.30000305175781,92.30000305175781,94.08589935302734,92.30000305175781,92.30000305175781,0
2025-08-19,93.9208984375,93.9208984375,94.44249725341797,93.69219970703125,93.9208984375,0
2025-08-20,94.03500366210938,94.03500366210938,94.05079650878906,93.4124984741211,94.03500366210938,0
2025-08-21,93.78810119628906,93.78810119628906,93.93209838867188,93.47260284423828,93.78810119628906,0
2025-08-22,93.56529998779297,93.56529998779297,94.4906997680664,93.31719970703125,93.56529998779297,0
2025-08-25,92.5999984741211,92.5999984741211,94.67489624023438,92.5999984741211,92.5999984741211,0
2025-08-26,93.7217025756836,93.7217025756836,94.08489990234375,92.9104995727539,93.7217025756836,0
2025-08-27,93.69229888916016,93.69229888916016,94.06749725341797,92.80419921875,93.69229888916016,0
2025-08-28,93.58200073242188,93.58200073242188,94.0645980834961,93.03389739990234,93.58200073242188,0
2025-08-29,94.02880096435547,94.02880096435547,94.19869995117188,93.26429748535156,94.02880096435547,0
2025-09-01,92.23280334472656,92.23280334472656,94.69210052490234,92.23280334472656,92.23280334472656,0
2025-09-02,94.39320373535156,94.39320373535156,94.39109802246094,93.52400207519531,94.39320373535156,0
2025-09-03,93.70539855957031,93.70539855957031,94.4717025756836,93.5248031616211,93.70539855957031,0
2025-09-04,94.44270324707031,94.44270324707031,94.93219757080078,94.22219848632812,94.44270324707031,0
2025-09-05,94.76290130615234,94.76290130615234,95.72579956054688,94.73030090332031,94.76290130615234,0
2025-09-08,94.47000122070312,94.47000122070312,97.2854995727539,94.47000122070312,94.47000122070312,0
2025-09-09,97.0604019165039,97.0604019165039,98.44159698486328,97.01499938964844,97.0604019165039,0
2025-09-10,97.94129943847656,97.94129943847656,99.76570129394531,97.8375015258789,97.94129943847656,0
2025-09-11,98.88289642333984,98.88289642333984,100.45130157470703,98.73040008544922,98.88289642333984,0
2025-09-12,99.14659881591797,99.14659881591797,100.03209686279297,96.777099609375,99.14659881591797,0
2025-09-15,96.7699966430664,96.7699966430664,98.00700378417969,96.7699966430664,96.7699966430664,0
2025-09-16,97.63259887695312,97.63259887695312,98.62259674072266,97.20860290527344,97.63259887695312,0
2025-09-17,98.76219940185547,98.76219940185547,99.58170318603516,97.8917007446289,98.76219940185547,0
2025-09-18,99.33270263671875,99.33270263671875,99.35070037841797,97.82340240478516,99.33270263671875,0
2025-09-19,98.12439727783203,98.12439727783203,98.87190246582031,97.65650177001953,98.12439727783203,0
2025-09-22,97.19000244140625,97.19000244140625,99.04090118408203,97.19000244140625,97.19000244140625,0
2025-09-23,98.6760025024414,98.6760025024414,99.00370025634766,98.16390228271484,98.6760025024414,0
2025-09-24,98.8196029663086,98.8196029663086,98.8363037109375,98.2509994506836,98.8196029663086,0
2025-09-25,98.35359954833984,98.35359954833984,98.49909973144531,97.94210052490234,98.35359954833984,0
2025-09-26,97.9021987915039,97.9021987915039,98.40789794921875,97.43499755859375,97.9021987915039,0
2025-09-29,96.52999877929688,96.52999877929688,98.06580352783203,96.52999877929688,96.52999877929688,0
2025-09-30,97.45210266113281,97.45210266113281,97.81390380859375,96.65049743652344,97.45210266113281,0
2025-10-01,97.27739715576172,97.27739715576172,97.53479766845703,95.1968994140625,97.27739715576172,0
2025-10-02,96.80110168457031,96.80110168457031,96.86620330810547,95.21389770507812,96.80110168457031,0
2025-10-03,96.785400390625,96.785400390625,97.00679779052734,95.49639892578125,96.785400390625,0
2025-10-06,95.52999877929688,95.52999877929688,97.41590118408203,95.52999877929688,95.52999877929688,0
2025-10-07,97.18730163574219,97.18730163574219,97.19270324707031,95.5259017944336,97.18730163574219,0
2025-10-08,95.64289855957031,95.64289855957031,95.94999694824219,94.07579803466797,95.64289855957031,0
2025-10-09,94.71369934082031,94.71369934082031,95.06179809570312,93.74130249023438,94.71369934082031,0
2025-10-10,93.88369750976562,93.88369750976562,95.48600006103516,93.79949951171875,93.88369750976562,0
2025-10-13,92.9000015258789,92.9000015258789,94.8687973022461,92.9000015258789,92.9000015258789,0
2025-10-14,93.85769653320312,93.85769653320312,94.0687026977539,91.20719909667969,93.85769653320312,0
2025-10-15,92.23419952392578,92.23419952392578,92.50969696044922,91.02179718017578,92.23419952392578,0
2025-10-16,91.58930206298828,91.58930206298828,94.44110107421875,91.32330322265625,91.58930206298828,0
2025-10-17,94.17530059814453,94.17530059814453,95.47740173339844,94.1281967163086,94.17530059814453,0
2025-10-20,93.9000015258789,93.9000015258789,95.06199645996094,93.9000015258789,93.9000015258789,0
2025-10-21,94.1332015991211,94.1332015991211,94.57099914550781,93.62760162353516,94.1332015991211,0
2025-10-22,94.39129638671875,94.39129638671875,95.16549682617188,94.36599731445312,94.39129638671875,0
2025-10-23,94.59339904785156,94.59339904785156,95.6592025756836,93.59369659423828,94.59339904785156,0
2025-10-24,94.58899688720703,94.58899688720703,94.74980163574219,92.68409729003906,94.58899688720703,0
2025-10-27,92.8499984741211,92.8499984741211,92.8499984741211,91.89939880371094,92.8499984741211,0
2025-10-28,92.33049774169922,92.33049774169922,93.40809631347656,92.2947998046875,92.33049774169922,0
2025-10-29,92.37010192871094,92.37010192871094,93.32029724121094,92.12680053710938,92.37010192871094,0
2025-10-30,92.80950164794922,92.80950164794922,93.45680236816406,92.31089782714844,92.80950164794922,0
2025-10-31,92.51249694824219,92.51249694824219,93.6500015258789,92.38089752197266,92.51249694824219,0
2025-11-03,92.68000030517578,92.68000030517578,93.39459991455078,92.28040313720703,92.68000030517578,0
2025-11-04,93.29940032958984,93.29940032958984,93.3561019897461,92.79190063476562,93.29940032958984,0
2025-11-05,93.02400207519531,93.02400207519531,93.48780059814453,92.72879791259766,93.02400207519531,0
2025-11-06,93.52159881591797,93.52159881591797,93.95670318603516,93.34649658203125,93.52159881591797,0
2025-11-07,93.82710266113281,93.82710266113281,93.86150360107422,93.42539978027344,93.82710266113281,0
2025-11-10,92.69999694824219,92.69999694824219,94.12139892578125,92.69999694824219,92.69999694824219,0
2025-11-11,93.89289855957031,93.89289855957031,94.31539916992188,93.8198013305664,93.89289855957031,0
2025-11-12,93.79029846191406,93.79029846191406,94.28399658203125,93.65950012207031,93.78739929199219,0
2025-11-13,94.20539855957031,94.20539855957031,94.59510040283203,93.40679931640625,94.20459747314453,0
2025-11-14,93.84559631347656,93.84559631347656,94.53459930419922,93.8302001953125,93.85279846191406,0
2025-11-17,93.0199966430664,93.0199966430664,94.42340087890625,93.0199966430664,93.0199966430664,0
2025-11-18,94.16429901123047,94.16429901123047,94.26180267333984,93.80159759521484,94.16100311279297,0
2025-11-19,93.88159942626953,93.88159942626953,93.97160339355469,92.87239837646484,93.88520050048828,0
2025-11-20,92.94139862060547,92.94139862060547,92.9541015625,92.27670288085938,92.94139862060547,0
2025-11-21,92.32599639892578,92.32599639892578,92.42330169677734,90.62999725341797,92.30919647216797,0
2025-11-24,89.97000122070312,89.97000122070312,91.09989929199219,89.7042007446289,89.97000122070312,0
2025-11-25,90.42639923095703,90.42639923095703,91.4728012084961,90.3655014038086,90.42949676513672,0
2025-11-26,91.2125015258789,91.2125015258789,91.45700073242188,90.62239837646484,91.21959686279297,0
2025-11-27,91.06929779052734,91.06929779052734,91.16230010986328,90.2615966796875,91.08689880371094,0
2025-11-28,90.41639709472656,90.41639709472656,90.43000030517578,89.49469757080078,90.42140197753906,0
2025-12-01,89.13999938964844,89.13999938964844,90.6041030883789,89.13999938964844,89.13999938964844,0
2025-12-02,90.21289825439453,90.21289825439453,90.28089904785156,89.6626968383789,90.21790313720703,0
2025-12-03,90.05860137939453,90.05860137939453,91.17759704589844,88.5999984741211,90.05860137939453,0
2025-12-04,89.8313980102539,89.8313980102539,90.03479766845703,88.56590270996094,89.82260131835938,0
2025-12-05,88.47850036621094,88.47850036621094,90.04329681396484,88.29119873046875,88.49749755859375,0
2025-12-08,88.44999694824219,88.44999694824219,89.64219665527344,88.44999694824219,88.44999694824219,0
2025-12-09,89.10160064697266,89.10160064697266,90.02780151367188,88.76290130615234,89.10810089111328,0
2025-12-10,89.76370239257812,89.76370239257812,91.74310302734375,89.68609619140625,89.76950073242188,0
2025-12-11,91.55470275878906,91.55470275878906,94.34539794921875,91.41110229492188,91.55979919433594,0
2025-12-12,94.22029876708984,94.22029876708984,94.22029876708984,92.0,94.22029876708984,0
2025-12-15,92.30000305175781,92.30000305175781,93.6458969116211,92.30000305175781,92.30000305175781,0
2025-12-16,93.44259643554688,93.44259643554688,94.21939849853516,93.21150207519531,93.4385986328125,0
2025-12-17,92.87529754638672,92.87529754638672,94.69390106201172,92.53340148925781,92.87529754638672,0
2025-12-18,94.5177993774414,94.5177993774414,94.57779693603516,93.5604019165039,94.5166015625,0
2025-12-19,93.70210266113281,93.70210266113281,95.00420379638672,93.66829681396484,93.70210266113281,0
2025-12-22,93.25,93.25,93.36139678955078,92.45149993896484,93.25,0
2025-12-23,92.70490264892578,92.70490264892578,92.83190155029297,91.76329803466797,92.69309997558594,0
2025-12-24,91.99459838867188,91.99459838867188,93.12149810791016,91.88259887695312,91.99459838867188,0
2025-12-26,93.01409912109375,93.01409912109375,93.12149810791016,91.88259887695312,93.01409912109375,0
2025-12-29,93.01409912109375,93.01409912109375,92.43379974365234,90.08380126953125,93.01409912109375,0
2025-12-30,92.40689849853516,92.40689849853516,93.88500213623047,91.87909698486328,92.410400390625,0
2025-12-31,93.38140106201172,93.38140106201172,96.67009735107422,91.3499984741211,93.37429809570312,0
